run_name,epoch,lr,dropout,weight_decay,train_acc,val_acc,overfitting_gap,use_focal_loss,train_e_acc,train_i_acc,val_e_acc,val_i_acc,timestamp
resnet_d34_w128,1,5e-06,0.5,0.002,50.58,51.35,-0.77,0,8.48,95.55,14.81,87.89,2025-08-18 11:11:30
resnet_d34_w64,1,5e-06,0.5,0.002,50.61,53.55,-2.94,0,89.51,16.78,77.08,30.02,2025-08-18 11:11:30
resnet_d50_w64,1,5e-06,0.5,0.002,50.80,52.93,-2.13,0,92.30,13.29,91.89,13.96,2025-08-18 11:11:35
resnet_d50_w32,1,5e-06,0.5,0.002,50.70,55.95,-5.26,0,21.31,85.73,44.47,67.43,2025-08-18 11:11:35
resnet_d18_w128,1,5e-06,0.5,0.002,50.25,52.62,-2.38,0,6.95,94.98,14.37,90.88,2025-08-18 11:13:56
resnet_d18_w32,1,5e-06,0.5,0.002,50.22,54.20,-3.97,0,23.08,81.74,62.79,45.60,2025-08-18 11:13:58
resnet_d18_w64,1,5e-06,0.5,0.002,50.44,51.94,-1.49,0,98.07,4.88,96.77,7.10,2025-08-18 11:13:58
resnet_d34_w32,1,5e-06,0.5,0.002,50.67,53.23,-2.56,0,38.86,67.23,24.86,81.60,2025-08-18 11:14:02
resnet_d34_w64,2,5e-06,0.5,0.002,52.00,52.97,-0.96,0,89.30,19.99,91.53,14.41,2025-08-18 11:14:54
resnet_d34_w128,2,5e-06,0.5,0.002,51.84,52.62,-0.79,0,12.65,93.49,12.71,92.53,2025-08-18 11:14:54
resnet_d50_w64,2,5e-06,0.5,0.002,51.49,59.81,-8.32,0,89.30,20.21,73.73,45.88,2025-08-18 11:15:05
resnet_d50_w32,2,5e-06,0.5,0.002,52.69,57.12,-4.43,0,61.37,47.91,40.76,73.49,2025-08-18 11:15:06
resnet_d34_w64,3,5e-06,0.5,0.002,52.03,53.61,-1.58,0,58.47,50.93,94.23,12.99,2025-08-18 11:18:16
resnet_d34_w128,3,5e-06,0.5,0.002,53.11,53.39,-0.28,0,16.63,90.62,14.12,92.66,2025-08-18 11:18:17
resnet_d50_w64,3,5e-06,0.5,0.002,53.05,61.40,-8.35,0,83.60,28.08,78.81,43.99,2025-08-18 11:18:35
resnet_d50_w32,3,5e-06,0.5,0.002,52.98,59.95,-6.97,0,33.82,79.26,59.36,60.53,2025-08-18 11:18:35
resnet_d18_w128,2,5e-06,0.5,0.002,50.74,54.24,-3.50,0,14.03,92.25,17.47,91.00,2025-08-18 11:19:47
resnet_d18_w32,2,5e-06,0.5,0.002,51.56,55.17,-3.61,0,27.76,80.69,44.27,66.06,2025-08-18 11:19:50
resnet_d18_w64,2,5e-06,0.5,0.002,52.02,56.13,-4.11,0,96.04,10.99,93.06,19.21,2025-08-18 11:19:52
resnet_d34_w32,2,5e-06,0.5,0.002,52.14,54.08,-1.93,0,38.50,71.62,25.26,82.89,2025-08-18 11:19:59
resnet_d34_w64,4,5e-06,0.5,0.002,52.90,56.09,-3.19,0,89.30,20.48,90.96,21.23,2025-08-18 11:21:40
resnet_d34_w128,4,5e-06,0.5,0.002,53.07,58.25,-5.18,0,22.82,87.40,37.37,79.14,2025-08-18 11:21:40
resnet_d50_w64,4,5e-06,0.5,0.002,53.41,61.86,-8.45,0,47.44,66.07,64.00,59.73,2025-08-18 11:22:05
resnet_d50_w32,4,5e-06,0.5,0.002,53.70,60.98,-7.27,0,33.44,79.34,59.00,62.95,2025-08-18 11:22:05
resnet_d34_w64,5,5e-06,0.5,0.002,53.54,57.20,-3.66,0,56.07,53.90,90.84,23.57,2025-08-18 11:25:04
resnet_d34_w128,5,5e-06,0.5,0.002,53.29,60.75,-7.46,0,28.59,83.53,49.52,71.99,2025-08-18 11:25:04
resnet_d50_w64,5,5e-06,0.5,0.002,54.53,61.30,-6.77,0,44.92,69.23,74.17,48.43,2025-08-18 11:25:34
resnet_d50_w32,5,5e-06,0.5,0.002,53.74,61.34,-7.60,0,68.76,43.31,49.96,72.72,2025-08-18 11:25:34
resnet_d18_w128,3,5e-06,0.5,0.002,51.96,56.64,-4.68,0,23.86,85.32,28.77,84.50,2025-08-18 11:25:37
resnet_d18_w32,3,5e-06,0.5,0.002,51.97,56.40,-4.43,0,28.60,81.97,35.39,77.40,2025-08-18 11:25:43
resnet_d18_w64,3,5e-06,0.5,0.002,52.40,56.17,-3.77,0,93.86,14.45,94.07,18.28,2025-08-18 11:25:45
resnet_d34_w32,3,5e-06,0.5,0.002,52.42,59.67,-7.24,0,74.23,36.96,70.34,48.99,2025-08-18 11:25:55
resnet_d34_w128,6,5e-06,0.5,0.002,54.38,60.23,-5.85,0,28.33,84.43,46.85,73.61,2025-08-18 11:28:28
resnet_d34_w64,6,5e-06,0.5,0.002,53.57,57.65,-4.08,0,55.75,54.01,89.43,25.87,2025-08-18 11:28:29
resnet_d50_w64,6,5e-06,0.5,0.002,54.16,62.75,-8.59,0,44.57,70.08,64.69,60.82,2025-08-18 11:29:03
resnet_d50_w32,6,5e-06,0.5,0.002,54.44,62.23,-7.78,0,74.34,40.04,55.45,69.01,2025-08-18 11:29:04
resnet_d18_w128,4,5e-06,0.5,0.002,53.17,59.95,-6.78,0,29.92,80.94,55.45,64.45,2025-08-18 11:31:27
resnet_d18_w32,4,5e-06,0.5,0.002,52.35,55.31,-2.96,0,27.15,82.87,22.52,88.10,2025-08-18 11:31:35
resnet_d18_w64,4,5e-06,0.5,0.002,53.42,57.95,-4.53,0,90.24,20.63,89.10,26.80,2025-08-18 11:31:39
resnet_d34_w32,4,5e-06,0.5,0.002,51.93,59.54,-7.62,0,74.40,37.62,83.54,35.55,2025-08-18 11:31:52
resnet_d34_w128,7,5e-06,0.5,0.002,54.14,60.13,-5.99,0,29.17,83.40,44.31,75.95,2025-08-18 11:31:53
resnet_d34_w64,7,5e-06,0.5,0.002,53.52,57.79,-4.27,0,56.38,55.14,91.49,24.09,2025-08-18 11:31:53
resnet_d50_w64,7,5e-06,0.5,0.002,54.56,61.12,-6.56,0,39.59,75.15,64.97,57.26,2025-08-18 11:32:32
resnet_d50_w32,7,5e-06,0.5,0.002,54.77,62.33,-7.56,0,76.03,37.85,74.21,50.44,2025-08-18 11:32:33
resnet_d34_w128,8,5e-06,0.5,0.002,54.64,60.45,-5.82,0,28.71,83.70,47.50,73.41,2025-08-18 11:35:15
resnet_d34_w64,8,5e-06,0.5,0.002,53.46,58.76,-5.30,0,54.89,55.94,86.97,30.55,2025-08-18 11:35:17
resnet_d50_w64,8,5e-06,0.5,0.002,54.73,61.76,-7.03,0,37.72,76.32,56.26,67.27,2025-08-18 11:36:02
resnet_d50_w32,8,5e-06,0.5,0.002,55.27,61.76,-6.49,0,74.95,38.90,50.40,73.12,2025-08-18 11:36:03
resnet_d18_w128,5,5e-06,0.5,0.002,52.80,59.79,-6.98,0,33.13,79.44,55.21,64.37,2025-08-18 11:37:17
resnet_d18_w32,5,5e-06,0.5,0.002,52.65,56.82,-4.17,0,61.10,48.60,26.84,86.80,2025-08-18 11:37:28
resnet_d18_w64,5,5e-06,0.5,0.002,54.13,59.02,-4.89,0,90.64,20.73,89.14,28.89,2025-08-18 11:37:32
resnet_d34_w32,5,5e-06,0.5,0.002,53.38,60.21,-6.83,0,38.47,74.74,83.45,36.97,2025-08-18 11:37:50
resnet_d34_w128,9,5e-06,0.5,0.002,55.16,62.15,-6.99,0,35.00,79.58,64.21,60.09,2025-08-18 11:38:39
resnet_d34_w64,9,5e-06,0.5,0.002,54.22,58.49,-4.28,0,91.36,20.43,88.86,28.13,2025-08-18 11:38:42
resnet_d50_w64,9,5e-06,0.5,0.002,54.85,61.86,-7.01,0,40.46,75.06,53.23,70.50,2025-08-18 11:39:31
resnet_d50_w32,9,5e-06,0.5,0.002,54.98,63.01,-8.03,0,73.08,40.57,58.80,67.23,2025-08-18 11:39:32
resnet_d34_w128,10,5e-06,0.5,0.002,55.06,62.71,-7.65,0,33.55,80.95,64.69,60.73,2025-08-18 11:42:04
resnet_d34_w64,10,5e-06,0.5,0.002,55.12,59.79,-4.67,0,57.49,54.45,86.40,33.17,2025-08-18 11:42:06
resnet_d50_w64,10,5e-06,0.5,0.002,54.54,61.99,-7.45,0,38.92,75.42,56.94,67.03,2025-08-18 11:43:01
resnet_d50_w32,10,5e-06,0.5,0.002,55.13,62.69,-7.56,0,72.33,41.97,63.80,61.58,2025-08-18 11:43:03
resnet_d18_w128,6,5e-06,0.5,0.002,54.01,60.88,-6.87,0,35.75,76.88,65.54,56.21,2025-08-18 11:43:07
resnet_d18_w32,6,5e-06,0.5,0.002,53.13,57.26,-4.13,0,59.52,51.10,27.60,86.92,2025-08-18 11:43:21
resnet_d18_w64,6,5e-06,0.5,0.002,54.40,57.47,-3.07,0,90.31,21.45,92.78,22.15,2025-08-18 11:43:26
resnet_d34_w32,6,5e-06,0.5,0.002,53.37,62.79,-9.42,0,76.58,36.11,75.59,50.00,2025-08-18 11:43:47
resnet_d34_w128,11,5e-06,0.5,0.002,55.74,61.22,-5.48,0,35.41,79.14,53.15,69.29,2025-08-18 11:45:28
resnet_d34_w64,11,5e-06,0.5,0.002,54.70,59.71,-5.01,0,90.72,20.32,84.26,35.15,2025-08-18 11:45:30
resnet_d50_w64,11,5e-06,0.5,0.002,55.34,62.77,-7.44,0,41.16,74.00,62.27,63.28,2025-08-18 11:46:30
resnet_d50_w32,11,5e-06,0.5,0.002,55.13,63.34,-8.21,0,39.14,74.94,66.34,60.33,2025-08-18 11:46:32
resnet_d34_w128,12,5e-06,0.5,0.002,55.65,61.36,-5.71,0,33.08,81.16,49.35,73.37,2025-08-18 11:48:51
resnet_d34_w64,12,5e-06,0.5,0.002,54.15,57.83,-3.68,0,91.31,19.41,92.70,22.96,2025-08-18 11:48:54
resnet_d18_w128,7,5e-06,0.5,0.002,53.83,60.27,-6.44,0,35.38,77.56,52.06,68.48,2025-08-18 11:48:57
resnet_d18_w32,7,5e-06,0.5,0.002,53.27,57.34,-4.08,0,26.07,85.42,27.00,87.69,2025-08-18 11:49:14
resnet_d18_w64,7,5e-06,0.5,0.002,54.10,60.71,-6.61,0,87.92,24.80,82.65,38.78,2025-08-18 11:49:20
resnet_d34_w32,7,5e-06,0.5,0.002,53.55,60.59,-7.04,0,72.70,41.89,42.53,78.65,2025-08-18 11:49:45
resnet_d50_w64,12,5e-06,0.5,0.002,54.82,62.75,-7.93,0,40.91,73.65,63.52,61.99,2025-08-18 11:50:00
resnet_d50_w32,12,5e-06,0.5,0.002,54.77,63.84,-9.07,0,72.80,41.72,60.73,66.95,2025-08-18 11:50:02
resnet_d34_w128,13,5e-06,0.5,0.002,56.02,62.61,-6.59,0,35.77,80.07,60.45,64.77,2025-08-18 11:52:14
resnet_d34_w64,13,5e-06,0.5,0.002,54.84,58.29,-3.45,0,91.23,19.74,91.65,24.94,2025-08-18 11:52:18
resnet_d50_w64,13,5e-06,0.5,0.002,55.49,62.21,-6.71,0,42.25,72.56,69.05,55.37,2025-08-18 11:53:30
resnet_d50_w32,13,5e-06,0.5,0.002,55.67,63.34,-7.66,0,74.31,40.54,58.43,68.24,2025-08-18 11:53:32
resnet_d18_w128,8,5e-06,0.5,0.002,54.32,61.20,-6.88,0,40.35,72.63,55.61,66.79,2025-08-18 11:54:47
resnet_d18_w32,8,5e-06,0.5,0.002,53.72,56.11,-2.40,0,24.99,86.32,21.63,90.60,2025-08-18 11:55:07
resnet_d18_w64,8,5e-06,0.5,0.002,54.26,60.11,-5.85,0,88.44,23.62,86.84,33.37,2025-08-18 11:55:13
resnet_d34_w128,14,5e-06,0.5,0.002,55.45,62.45,-7.00,0,34.16,80.96,56.90,68.00,2025-08-18 11:55:38
resnet_d34_w32,8,5e-06,0.5,0.002,53.99,62.83,-8.85,0,77.35,37.09,59.48,66.18,2025-08-18 11:55:42
resnet_d34_w64,14,5e-06,0.5,0.002,54.71,58.98,-4.27,0,90.94,19.90,90.68,27.28,2025-08-18 11:55:42
resnet_d50_w64,14,5e-06,0.5,0.002,55.99,62.27,-6.28,0,41.91,73.51,70.10,54.44,2025-08-18 11:56:58
resnet_d50_w32,14,5e-06,0.5,0.002,55.35,63.58,-8.23,0,73.81,40.54,66.38,60.77,2025-08-18 11:57:00
resnet_d34_w128,15,5e-06,0.5,0.002,55.94,62.41,-6.47,0,34.35,80.03,52.91,71.91,2025-08-18 11:59:02
resnet_d34_w64,15,5e-06,0.5,0.002,55.03,59.26,-4.23,0,91.65,20.10,88.90,29.62,2025-08-18 11:59:05
resnet_d50_w64,15,5e-06,0.5,0.002,55.53,62.47,-6.94,0,41.13,74.99,67.51,57.43,2025-08-18 12:00:27
resnet_d50_w32,15,5e-06,0.5,0.002,55.41,63.10,-7.69,0,78.41,36.60,59.56,66.63,2025-08-18 12:00:30
resnet_d18_w128,9,5e-06,0.5,0.002,54.63,61.76,-7.13,0,40.69,72.01,63.84,59.69,2025-08-18 12:00:38
resnet_d18_w32,9,5e-06,0.5,0.002,54.38,57.02,-2.64,0,26.14,85.16,24.41,89.63,2025-08-18 12:00:59
resnet_d18_w64,9,5e-06,0.5,0.002,54.96,60.79,-5.84,0,89.99,22.84,84.46,37.13,2025-08-18 12:01:06
resnet_d34_w32,9,5e-06,0.5,0.002,53.92,63.72,-9.80,0,76.93,36.61,73.12,54.32,2025-08-18 12:01:39
resnet_d34_w128,16,5e-06,0.5,0.002,56.33,63.22,-6.89,0,35.16,80.54,57.55,68.89,2025-08-18 12:02:25
resnet_d34_w64,16,5e-06,0.5,0.002,54.76,57.95,-3.19,0,91.64,19.53,93.06,22.84,2025-08-18 12:02:29
resnet_d50_w64,16,5e-06,0.5,0.002,55.61,62.79,-7.18,0,39.12,75.56,66.46,59.12,2025-08-18 12:03:57
resnet_d50_w32,16,5e-06,0.5,0.002,55.71,63.82,-8.12,0,77.06,38.50,63.68,63.96,2025-08-18 12:03:59
resnet_d34_w128,17,5e-06,0.5,0.002,56.03,63.03,-7.01,0,39.56,76.14,65.74,60.33,2025-08-18 12:05:49
resnet_d34_w64,17,5e-06,0.5,0.002,55.17,58.51,-3.35,0,91.67,20.46,91.49,25.54,2025-08-18 12:05:53
resnet_d18_w128,10,5e-06,0.5,0.002,54.25,62.63,-8.38,0,41.98,71.71,66.46,58.80,2025-08-18 12:06:28
resnet_d18_w32,10,5e-06,0.5,0.002,54.56,56.19,-1.64,0,25.75,85.60,22.84,89.55,2025-08-18 12:06:51
resnet_d18_w64,10,5e-06,0.5,0.002,54.53,61.64,-7.11,0,90.09,22.32,83.17,40.11,2025-08-18 12:07:00
resnet_d50_w64,17,5e-06,0.5,0.002,55.34,62.69,-7.35,0,40.50,75.68,61.22,64.16,2025-08-18 12:07:27
resnet_d50_w32,17,5e-06,0.5,0.002,55.63,63.84,-8.21,0,76.87,38.01,64.21,63.48,2025-08-18 12:07:28
resnet_d34_w32,10,5e-06,0.5,0.002,53.85,63.90,-10.05,0,37.02,77.67,62.67,65.13,2025-08-18 12:07:37
resnet_d34_w128,18,5e-06,0.5,0.002,56.26,63.62,-7.36,0,37.70,77.80,62.91,64.33,2025-08-18 12:09:12
resnet_d34_w64,18,5e-06,0.5,0.002,54.79,58.45,-3.67,0,91.69,20.33,90.72,26.19,2025-08-18 12:09:17
resnet_d50_w64,18,5e-06,0.5,0.002,55.40,62.49,-7.09,0,40.86,73.93,68.97,56.01,2025-08-18 12:10:57
resnet_d50_w32,18,5e-06,0.5,0.002,55.92,63.60,-7.68,0,75.03,40.52,56.78,70.42,2025-08-18 12:10:59
resnet_d18_w128,11,5e-06,0.5,0.002,54.95,62.33,-7.37,0,41.45,71.77,80.39,44.27,2025-08-18 12:12:18
resnet_d34_w128,19,5e-06,0.5,0.002,55.35,63.68,-8.33,0,36.07,79.13,64.16,63.20,2025-08-18 12:12:37
resnet_d34_w64,19,5e-06,0.5,0.002,54.82,60.47,-5.65,0,90.83,21.70,87.21,33.74,2025-08-18 12:12:42
resnet_d18_w32,11,5e-06,0.5,0.002,54.64,58.72,-4.08,0,31.18,81.98,35.03,82.41,2025-08-18 12:12:44
resnet_d18_w64,11,5e-06,0.5,0.002,54.35,60.82,-6.47,0,91.07,21.42,86.60,35.03,2025-08-18 12:12:54
resnet_d34_w32,11,5e-06,0.5,0.002,55.08,63.94,-8.86,0,75.32,39.24,68.16,59.73,2025-08-18 12:13:35
resnet_d50_w64,19,5e-06,0.5,0.002,55.62,62.35,-6.72,0,40.70,75.21,71.79,52.91,2025-08-18 12:14:26
resnet_d50_w32,19,5e-06,0.5,0.002,56.31,63.42,-7.11,0,77.14,38.37,70.50,56.34,2025-08-18 12:14:28
resnet_d34_w128,20,5e-06,0.5,0.002,56.50,63.54,-7.04,0,34.39,80.50,60.01,67.07,2025-08-18 12:16:01
resnet_d34_w64,20,5e-06,0.5,0.002,55.62,59.28,-3.66,0,91.06,21.27,90.40,28.17,2025-08-18 12:16:06
resnet_d50_w64,20,5e-06,0.5,0.002,56.56,62.81,-6.25,0,42.37,73.36,67.88,57.75,2025-08-18 12:17:56
resnet_d50_w32,20,5e-06,0.5,0.002,56.15,63.92,-7.77,0,76.83,37.95,65.66,62.19,2025-08-18 12:17:58
resnet_d18_w128,12,5e-06,0.5,0.002,54.53,62.37,-7.83,0,44.25,70.30,75.95,48.79,2025-08-18 12:18:07
resnet_d18_w32,12,5e-06,0.5,0.002,54.87,60.17,-5.30,0,30.17,83.23,41.40,78.93,2025-08-18 12:18:36
resnet_d18_w64,12,5e-06,0.5,0.002,55.29,62.65,-7.36,0,88.70,24.08,81.07,44.23,2025-08-18 12:18:47
resnet_d34_w128,21,5e-06,0.5,0.002,56.36,63.70,-7.34,0,37.92,78.28,62.03,65.38,2025-08-18 12:19:25
resnet_d34_w64,21,5e-06,0.5,0.002,55.48,60.63,-5.15,0,90.13,23.08,88.26,33.01,2025-08-18 12:19:29
resnet_d34_w32,12,5e-06,0.5,0.002,54.78,63.24,-8.45,0,74.49,39.98,62.15,64.33,2025-08-18 12:19:31
resnet_d50_w64,21,5e-06,0.5,0.002,55.96,63.08,-7.11,0,37.50,77.50,64.81,61.34,2025-08-18 12:21:26
resnet_d50_w32,21,5e-06,0.5,0.002,56.26,63.72,-7.46,0,77.63,38.42,68.00,59.44,2025-08-18 12:21:28
resnet_d34_w128,22,5e-06,0.5,0.002,56.67,64.00,-7.33,0,37.57,78.14,71.51,56.50,2025-08-18 12:22:48
resnet_d34_w64,22,5e-06,0.5,0.002,55.16,60.73,-5.58,0,89.83,23.29,88.14,33.33,2025-08-18 12:22:52
resnet_d18_w128,13,5e-06,0.5,0.002,54.26,62.99,-8.74,0,42.98,71.73,71.87,54.12,2025-08-18 12:23:56
resnet_d18_w32,13,5e-06,0.5,0.002,54.66,60.17,-5.51,0,28.05,84.35,40.36,79.98,2025-08-18 12:24:29
resnet_d18_w64,13,5e-06,0.5,0.002,55.13,62.95,-7.82,0,90.50,22.56,81.11,44.79,2025-08-18 12:24:40
resnet_d50_w64,22,5e-06,0.5,0.002,55.85,63.44,-7.59,0,42.42,73.46,73.24,53.63,2025-08-18 12:24:56
resnet_d50_w32,22,5e-06,0.5,0.002,55.69,64.04,-8.35,0,76.85,39.15,62.63,65.46,2025-08-18 12:24:57
resnet_d34_w32,13,5e-06,0.5,0.002,55.03,63.56,-8.53,0,77.06,37.21,69.57,57.55,2025-08-18 12:25:29
resnet_d34_w128,23,5e-06,0.5,0.002,56.50,63.86,-7.36,0,37.87,77.93,70.50,57.22,2025-08-18 12:26:11
resnet_d34_w64,23,5e-06,0.5,0.002,55.38,59.30,-3.92,0,90.82,21.46,90.48,28.13,2025-08-18 12:26:15
resnet_d50_w64,23,5e-06,0.5,0.002,56.03,63.80,-7.77,0,77.70,39.39,71.99,55.61,2025-08-18 12:28:26
resnet_d50_w32,23,5e-06,0.5,0.002,56.13,64.45,-8.31,0,77.77,38.13,66.34,62.55,2025-08-18 12:28:28
resnet_d34_w128,24,5e-06,0.5,0.002,56.29,63.38,-7.09,0,38.64,78.27,73.20,53.55,2025-08-18 12:29:34
resnet_d34_w64,24,5e-06,0.5,0.002,55.23,59.58,-4.36,0,91.01,21.60,91.16,28.01,2025-08-18 12:29:37
resnet_d18_w128,14,5e-06,0.5,0.002,55.16,61.78,-6.63,0,42.80,72.15,60.13,63.44,2025-08-18 12:29:45
resnet_d18_w32,14,5e-06,0.5,0.002,55.14,60.15,-5.01,0,63.45,50.18,37.53,82.77,2025-08-18 12:30:21
resnet_d18_w64,14,5e-06,0.5,0.002,55.10,63.82,-8.72,0,87.75,25.96,77.32,50.32,2025-08-18 12:30:33
resnet_d34_w32,14,5e-06,0.5,0.002,54.33,63.64,-9.31,0,40.95,74.00,63.44,63.84,2025-08-18 12:31:26
resnet_d50_w64,24,5e-06,0.5,0.002,56.57,63.84,-7.27,0,40.59,76.16,62.83,64.85,2025-08-18 12:31:57
resnet_d50_w32,24,5e-06,0.5,0.002,56.16,64.83,-8.67,0,76.97,38.55,59.40,70.26,2025-08-18 12:31:58
resnet_d34_w128,25,5e-06,0.5,0.002,57.18,63.26,-6.08,0,38.92,77.67,73.00,53.51,2025-08-18 12:32:56
resnet_d34_w64,25,5e-06,0.5,0.002,55.93,59.38,-3.46,0,91.96,20.61,91.24,27.52,2025-08-18 12:32:59
resnet_d50_w64,25,5e-06,0.5,0.002,56.23,64.87,-8.64,0,39.94,76.99,73.37,56.38,2025-08-18 12:35:27
resnet_d50_w32,25,5e-06,0.5,0.002,56.24,64.51,-8.26,0,44.82,72.40,64.89,64.12,2025-08-18 12:35:29
resnet_d18_w128,15,5e-06,0.5,0.002,55.52,61.97,-6.45,0,45.92,69.23,70.14,53.79,2025-08-18 12:35:34
resnet_d18_w32,15,5e-06,0.5,0.002,54.90,60.96,-6.05,0,29.77,83.30,41.32,80.59,2025-08-18 12:36:13
resnet_d34_w128,26,5e-06,0.5,0.002,56.52,63.78,-7.26,0,39.62,77.94,63.48,64.08,2025-08-18 12:36:18
resnet_d34_w64,26,5e-06,0.5,0.002,55.24,59.89,-4.65,0,89.90,23.45,90.11,29.66,2025-08-18 12:36:20
resnet_d18_w64,15,5e-06,0.5,0.002,55.19,62.19,-7.00,0,86.08,28.01,82.81,41.57,2025-08-18 12:36:27
resnet_d34_w32,15,5e-06,0.5,0.002,54.61,63.98,-9.38,0,72.27,42.63,69.25,58.72,2025-08-18 12:37:23
resnet_d50_w64,26,5e-06,0.5,0.002,56.50,63.38,-6.88,0,39.68,76.58,62.23,64.53,2025-08-18 12:38:58
resnet_d50_w32,26,5e-06,0.5,0.002,56.22,64.37,-8.15,0,42.58,74.28,61.78,66.95,2025-08-18 12:39:00
resnet_d34_w128,27,5e-06,0.5,0.002,56.56,63.80,-7.24,0,40.56,77.02,61.46,66.14,2025-08-18 12:39:40
resnet_d34_w64,27,5e-06,0.5,0.002,55.60,61.72,-6.12,0,90.06,23.55,88.05,35.39,2025-08-18 12:39:41
resnet_d18_w128,16,5e-06,0.5,0.002,55.28,61.76,-6.48,0,42.18,71.86,65.66,57.87,2025-08-18 12:41:22
resnet_d18_w32,16,5e-06,0.5,0.002,54.39,61.22,-6.83,0,31.96,82.66,45.28,77.16,2025-08-18 12:42:05
resnet_d18_w64,16,5e-06,0.5,0.002,55.82,63.48,-7.66,0,88.34,24.88,79.74,47.22,2025-08-18 12:42:19
resnet_d50_w64,27,5e-06,0.5,0.002,56.55,63.82,-7.27,0,43.09,74.37,75.10,52.54,2025-08-18 12:42:28
resnet_d50_w32,27,5e-06,0.5,0.002,56.19,64.81,-8.62,0,77.22,38.61,65.01,64.61,2025-08-18 12:42:31
resnet_d34_w128,28,5e-06,0.5,0.002,57.02,63.60,-6.58,0,39.00,77.91,67.92,59.28,2025-08-18 12:43:02
resnet_d34_w64,28,5e-06,0.5,0.002,55.73,61.48,-5.76,0,90.05,23.37,87.37,35.59,2025-08-18 12:43:03
resnet_d34_w32,16,5e-06,0.5,0.002,55.00,63.84,-8.84,0,76.69,38.06,75.26,52.42,2025-08-18 12:43:21
resnet_d50_w64,28,5e-06,0.5,0.002,56.97,63.68,-6.71,0,39.49,76.72,75.06,52.30,2025-08-18 12:45:59
resnet_d50_w32,28,5e-06,0.5,0.002,56.96,65.23,-8.27,0,77.74,38.60,69.98,60.49,2025-08-18 12:46:01
resnet_d34_w128,29,5e-06,0.5,0.002,57.28,64.12,-6.84,0,39.21,78.38,64.49,63.76,2025-08-18 12:46:23
resnet_d34_w64,29,5e-06,0.5,0.002,56.37,62.05,-5.67,0,89.88,24.20,86.08,38.01,2025-08-18 12:46:25
resnet_d18_w128,17,5e-06,0.5,0.002,54.42,62.37,-7.95,0,40.64,74.01,66.59,58.15,2025-08-18 12:47:10
resnet_d18_w32,17,5e-06,0.5,0.002,54.98,61.60,-6.62,0,33.80,80.56,44.87,78.33,2025-08-18 12:47:57
resnet_d18_w64,17,5e-06,0.5,0.002,55.43,61.46,-6.03,0,88.21,25.02,85.23,37.69,2025-08-18 12:48:11
resnet_d34_w32,17,5e-06,0.5,0.002,55.72,63.50,-7.78,0,73.70,41.88,60.17,66.83,2025-08-18 12:49:19
resnet_d50_w64,29,5e-06,0.5,0.002,56.53,63.86,-7.33,0,40.90,77.11,73.61,54.12,2025-08-18 12:49:29
resnet_d50_w32,29,5e-06,0.5,0.002,55.85,65.27,-9.43,0,76.41,39.99,71.19,59.36,2025-08-18 12:49:31
resnet_d34_w128,30,5e-06,0.5,0.002,56.93,63.80,-6.87,0,37.57,79.47,55.45,72.15,2025-08-18 12:49:44
resnet_d34_w64,30,5e-06,0.5,0.002,56.28,60.67,-4.40,0,90.28,23.27,88.50,32.85,2025-08-18 12:49:46
resnet_d18_w128,18,5e-06,0.5,0.002,55.81,62.49,-6.68,0,44.03,70.82,70.50,54.48,2025-08-18 12:52:58
resnet_d50_w64,30,5e-06,0.5,0.002,57.02,63.16,-6.13,0,40.36,77.14,78.53,47.78,2025-08-18 12:53:00
resnet_d50_w32,30,5e-06,0.5,0.002,56.88,65.23,-8.35,0,78.46,39.13,72.03,58.43,2025-08-18 12:53:01
resnet_d34_w128,31,5e-06,0.5,0.002,57.53,63.92,-6.40,0,36.63,80.45,55.08,72.76,2025-08-18 12:53:05
resnet_d34_w64,31,5e-06,0.5,0.002,55.71,60.05,-4.34,0,90.42,22.11,90.76,29.34,2025-08-18 12:53:07
resnet_d18_w32,18,5e-06,0.5,0.002,55.30,61.36,-6.06,0,32.40,82.44,45.08,77.64,2025-08-18 12:53:48
resnet_d18_w64,18,5e-06,0.5,0.002,55.95,61.00,-5.04,0,88.80,24.29,85.88,36.12,2025-08-18 12:54:03
resnet_d34_w32,18,5e-06,0.5,0.002,56.01,63.84,-7.83,0,77.29,37.79,67.47,60.21,2025-08-18 12:55:16
resnet_d34_w128,32,5e-06,0.5,0.002,56.43,63.88,-7.45,0,36.25,81.17,55.21,72.56,2025-08-18 12:56:26
resnet_d34_w64,32,5e-06,0.5,0.002,55.81,60.96,-5.15,0,90.79,23.54,88.70,33.21,2025-08-18 12:56:28
resnet_d50_w32,31,5e-06,0.5,0.002,56.48,64.93,-8.45,0,78.84,38.10,72.36,57.51,2025-08-18 12:56:31
resnet_d50_w64,31,5e-06,0.5,0.002,57.36,64.41,-7.04,0,42.00,75.36,74.05,54.76,2025-08-18 12:56:31
resnet_d18_w128,19,5e-06,0.5,0.002,55.90,62.91,-7.01,0,43.27,71.39,74.25,51.57,2025-08-18 12:58:46
resnet_d18_w32,19,5e-06,0.5,0.002,55.21,61.00,-5.79,0,33.45,81.18,45.00,77.00,2025-08-18 12:59:39
resnet_d34_w128,33,5e-06,0.5,0.002,57.02,64.51,-7.49,0,39.24,78.31,63.56,65.46,2025-08-18 12:59:46
resnet_d34_w64,33,5e-06,0.5,0.002,55.67,62.55,-6.88,0,89.12,25.16,84.06,41.04,2025-08-18 12:59:48
resnet_d18_w64,19,5e-06,0.5,0.002,54.82,64.08,-9.27,0,86.06,27.69,79.46,48.71,2025-08-18 12:59:55
resnet_d50_w32,32,5e-06,0.5,0.002,56.43,64.99,-8.56,0,77.97,38.23,71.51,58.47,2025-08-18 13:00:00
resnet_d50_w64,32,5e-06,0.5,0.002,56.68,65.44,-8.75,0,38.89,77.73,69.01,61.86,2025-08-18 13:00:02
resnet_d34_w32,19,5e-06,0.5,0.002,54.99,63.64,-8.65,0,70.93,44.66,64.57,62.71,2025-08-18 13:01:13
resnet_d34_w128,34,5e-06,0.5,0.002,57.75,65.27,-7.53,0,39.65,78.17,71.23,59.32,2025-08-18 13:03:07
resnet_d34_w64,34,5e-06,0.5,0.002,56.34,61.64,-5.31,0,91.68,22.17,86.44,36.84,2025-08-18 13:03:10
resnet_d50_w32,33,5e-06,0.5,0.002,57.01,64.89,-7.88,0,77.50,39.57,71.23,58.56,2025-08-18 13:03:30
resnet_d50_w64,33,5e-06,0.5,0.002,57.17,64.99,-7.82,0,36.89,80.24,57.14,72.84,2025-08-18 13:03:32
resnet_d18_w128,20,5e-06,0.5,0.002,55.44,62.23,-6.79,0,46.15,68.94,77.76,46.69,2025-08-18 13:04:33
resnet_d18_w32,20,5e-06,0.5,0.002,55.38,61.97,-6.58,0,70.46,44.11,52.95,70.98,2025-08-18 13:05:31
resnet_d18_w64,20,5e-06,0.5,0.002,56.07,63.52,-7.45,0,88.77,24.65,81.28,45.76,2025-08-18 13:05:47
resnet_d34_w128,35,5e-06,0.5,0.002,57.75,64.51,-6.75,0,38.68,78.93,61.82,67.19,2025-08-18 13:06:29
resnet_d34_w64,35,5e-06,0.5,0.002,55.84,61.66,-5.83,0,89.25,25.04,85.88,37.45,2025-08-18 13:06:30
resnet_d50_w32,34,5e-06,0.5,0.002,56.91,65.38,-8.46,0,42.50,75.00,64.53,66.22,2025-08-18 13:06:58
resnet_d50_w64,34,5e-06,0.5,0.002,57.27,64.79,-7.52,0,39.83,77.53,71.27,58.31,2025-08-18 13:07:02
resnet_d34_w32,20,5e-06,0.5,0.002,54.89,64.00,-9.12,0,72.82,41.66,67.59,60.41,2025-08-18 13:07:11
resnet_d34_w128,36,5e-06,0.5,0.002,57.61,65.07,-7.47,0,38.50,79.89,61.58,68.56,2025-08-18 13:09:49
resnet_d34_w64,36,5e-06,0.5,0.002,56.34,62.17,-5.83,0,88.90,24.97,85.31,39.02,2025-08-18 13:09:51
resnet_d18_w128,21,5e-06,0.5,0.002,55.06,63.18,-8.11,0,43.43,71.00,69.81,56.54,2025-08-18 13:10:21
resnet_d50_w32,35,5e-06,0.5,0.002,57.18,65.72,-8.54,0,77.30,38.84,68.12,63.32,2025-08-18 13:10:28
resnet_d50_w64,35,5e-06,0.5,0.002,57.57,64.67,-7.10,0,35.50,81.39,68.40,60.94,2025-08-18 13:10:32
resnet_d18_w32,21,5e-06,0.5,0.002,55.08,62.89,-7.81,0,70.86,43.40,56.05,69.73,2025-08-18 13:11:22
resnet_d18_w64,21,5e-06,0.5,0.002,56.12,63.64,-7.52,0,88.12,25.82,80.91,46.37,2025-08-18 13:11:38
resnet_d34_w32,21,5e-06,0.5,0.002,55.79,64.23,-8.43,0,75.63,39.28,62.67,65.78,2025-08-18 13:13:08
resnet_d34_w128,37,5e-06,0.5,0.002,57.36,65.36,-7.99,0,38.09,79.56,68.68,62.03,2025-08-18 13:13:10
resnet_d34_w64,37,5e-06,0.5,0.002,56.30,63.18,-6.88,0,89.43,24.45,82.77,43.58,2025-08-18 13:13:11
resnet_d50_w32,36,5e-06,0.5,0.002,56.94,65.72,-8.78,0,42.05,75.70,66.95,64.49,2025-08-18 13:13:57
resnet_d50_w64,36,5e-06,0.5,0.002,57.29,65.07,-7.78,0,38.63,78.75,68.08,62.07,2025-08-18 13:14:03
resnet_d18_w128,22,5e-06,0.5,0.002,56.01,62.59,-6.58,0,47.56,67.24,70.98,54.20,2025-08-18 13:16:10
resnet_d34_w128,38,5e-06,0.5,0.002,57.60,65.11,-7.52,0,37.52,80.13,65.90,64.33,2025-08-18 13:16:30
resnet_d34_w64,38,5e-06,0.5,0.002,55.72,63.38,-7.66,0,54.53,59.24,82.32,44.43,2025-08-18 13:16:31
resnet_d18_w32,22,5e-06,0.5,0.002,54.65,62.09,-7.44,0,37.66,76.96,49.03,75.14,2025-08-18 13:17:14
resnet_d50_w32,37,5e-06,0.5,0.002,56.95,65.88,-8.93,0,77.42,38.54,67.80,63.96,2025-08-18 13:17:26
resnet_d18_w64,22,5e-06,0.5,0.002,56.08,62.87,-6.79,0,89.14,23.79,83.01,42.74,2025-08-18 13:17:30
resnet_d50_w64,37,5e-06,0.5,0.002,57.21,64.81,-7.60,0,39.49,78.45,71.63,57.99,2025-08-18 13:17:33
resnet_d34_w32,22,5e-06,0.5,0.002,55.88,64.31,-8.43,0,39.43,77.15,68.12,60.49,2025-08-18 13:19:07
resnet_d34_w128,39,5e-06,0.5,0.002,58.13,65.48,-7.34,0,37.64,79.91,63.20,67.76,2025-08-18 13:19:50
resnet_d34_w64,39,5e-06,0.5,0.002,55.97,61.78,-5.81,0,90.81,22.61,88.14,35.43,2025-08-18 13:19:51
resnet_d50_w32,38,5e-06,0.5,0.002,57.13,66.06,-8.93,0,77.09,39.17,70.46,61.66,2025-08-18 13:20:55
resnet_d50_w64,38,5e-06,0.5,0.002,57.62,65.15,-7.53,0,40.68,76.90,69.69,60.61,2025-08-18 13:21:03
resnet_d18_w128,23,5e-06,0.5,0.002,55.43,62.65,-7.22,0,48.32,66.53,76.96,48.35,2025-08-18 13:21:57
resnet_d18_w32,23,5e-06,0.5,0.002,55.94,62.29,-6.35,0,35.47,79.30,51.13,73.45,2025-08-18 13:23:04
resnet_d34_w128,40,5e-06,0.5,0.002,57.46,64.51,-7.05,0,38.14,79.39,73.73,55.29,2025-08-18 13:23:10
resnet_d34_w64,40,5e-06,0.5,0.002,56.25,63.28,-7.03,0,89.29,25.98,83.25,43.30,2025-08-18 13:23:11
resnet_d18_w64,23,5e-06,0.5,0.002,56.28,61.76,-5.49,0,90.51,22.55,85.67,37.85,2025-08-18 13:23:20
resnet_d50_w32,39,5e-06,0.5,0.002,57.34,65.90,-8.56,0,77.04,40.30,67.35,64.45,2025-08-18 13:24:24
resnet_d50_w64,39,5e-06,0.5,0.002,56.91,64.71,-7.80,0,36.72,79.58,71.67,57.75,2025-08-18 13:24:33
resnet_d34_w32,23,5e-06,0.5,0.002,55.60,63.76,-8.16,0,38.57,76.73,57.51,70.02,2025-08-18 13:25:05
resnet_d34_w128,41,5e-06,0.5,0.002,58.01,64.89,-6.89,0,39.21,79.08,73.69,56.09,2025-08-18 13:26:30
resnet_d34_w64,41,5e-06,0.5,0.002,57.15,63.01,-5.86,0,90.33,23.56,84.14,41.89,2025-08-18 13:26:30
resnet_d18_w128,24,5e-06,0.5,0.002,55.82,62.95,-7.13,0,45.46,69.58,75.67,50.24,2025-08-18 13:27:44
resnet_d50_w32,40,5e-06,0.5,0.002,57.48,65.25,-7.78,0,80.00,36.47,75.30,55.21,2025-08-18 13:27:52
resnet_d50_w64,40,5e-06,0.5,0.002,57.05,65.27,-8.22,0,39.24,78.08,69.61,60.94,2025-08-18 13:28:01
resnet_d18_w32,24,5e-06,0.5,0.002,55.26,60.96,-5.70,0,69.70,44.82,43.14,78.77,2025-08-18 13:28:54
resnet_d18_w64,24,5e-06,0.5,0.002,56.41,62.09,-5.68,0,87.42,25.96,85.39,38.78,2025-08-18 13:29:11
resnet_d34_w64,42,5e-06,0.5,0.002,56.48,63.18,-6.69,0,91.01,23.24,85.11,41.24,2025-08-18 13:29:50
resnet_d34_w128,42,5e-06,0.5,0.002,57.65,64.65,-7.00,0,36.47,80.81,70.62,58.68,2025-08-18 13:29:51
resnet_d34_w32,24,5e-06,0.5,0.002,56.00,64.21,-8.21,0,38.95,77.18,65.17,63.24,2025-08-18 13:31:02
resnet_d50_w32,41,5e-06,0.5,0.002,56.35,65.48,-9.13,0,42.65,74.69,74.98,55.97,2025-08-18 13:31:20
resnet_d50_w64,41,5e-06,0.5,0.002,57.68,65.38,-7.69,0,40.35,77.74,67.76,62.99,2025-08-18 13:31:31
resnet_d34_w64,43,5e-06,0.5,0.002,55.30,62.81,-7.51,0,90.73,22.97,85.31,40.31,2025-08-18 13:33:09
resnet_d34_w128,43,5e-06,0.5,0.002,57.73,64.95,-7.22,0,38.35,78.91,72.80,57.10,2025-08-18 13:33:11
resnet_d18_w128,25,5e-06,0.5,0.002,56.15,62.61,-6.46,0,45.98,68.63,74.98,50.24,2025-08-18 13:33:31
resnet_d18_w32,25,5e-06,0.5,0.002,55.70,62.91,-7.22,0,33.27,82.10,56.90,68.93,2025-08-18 13:34:43
resnet_d50_w32,42,5e-06,0.5,0.002,56.87,65.56,-8.69,0,41.82,75.01,63.96,67.15,2025-08-18 13:34:48
resnet_d50_w64,42,5e-06,0.5,0.002,57.68,64.89,-7.21,0,37.90,79.50,73.73,56.05,2025-08-18 13:35:01
resnet_d18_w64,25,5e-06,0.5,0.002,56.23,61.72,-5.49,0,86.40,28.85,86.32,37.13,2025-08-18 13:35:02
resnet_d34_w64,44,5e-06,0.5,0.002,56.62,62.41,-5.79,0,91.23,22.63,88.18,36.64,2025-08-18 13:36:27
resnet_d34_w128,44,5e-06,0.5,0.002,58.08,65.25,-7.18,0,34.80,82.26,67.07,63.44,2025-08-18 13:36:30
resnet_d34_w32,25,5e-06,0.5,0.002,55.14,63.48,-8.34,0,73.08,42.52,58.15,68.81,2025-08-18 13:36:58
resnet_d50_w32,43,5e-06,0.5,0.002,57.18,66.22,-9.04,0,78.35,39.34,72.36,60.09,2025-08-18 13:38:16
resnet_d50_w64,43,5e-06,0.5,0.002,57.42,65.17,-7.75,0,37.76,79.17,64.25,66.10,2025-08-18 13:38:30
resnet_d18_w128,26,5e-06,0.5,0.002,55.81,62.33,-6.52,0,45.88,69.64,77.85,46.81,2025-08-18 13:39:19
resnet_d34_w64,45,5e-06,0.5,0.002,56.80,62.29,-5.49,0,90.06,24.91,86.00,38.58,2025-08-18 13:39:46
resnet_d34_w128,45,5e-06,0.5,0.002,58.06,65.05,-6.99,0,37.98,79.65,66.75,63.36,2025-08-18 13:39:49
resnet_d18_w32,26,5e-06,0.5,0.002,55.50,63.18,-7.67,0,38.53,76.81,62.11,64.25,2025-08-18 13:40:34
resnet_d18_w64,26,5e-06,0.5,0.002,56.50,63.50,-7.00,0,86.33,28.40,80.71,46.29,2025-08-18 13:40:52
resnet_d50_w32,44,5e-06,0.5,0.002,57.41,66.18,-8.77,0,76.09,40.35,72.07,60.29,2025-08-18 13:41:45
resnet_d50_w64,44,5e-06,0.5,0.002,57.70,65.15,-7.45,0,39.24,78.14,68.32,61.99,2025-08-18 13:41:58
resnet_d34_w32,26,5e-06,0.5,0.002,56.34,63.05,-6.71,0,77.24,38.57,78.01,48.10,2025-08-18 13:42:54
resnet_d34_w64,46,5e-06,0.5,0.002,56.36,62.03,-5.67,0,90.96,22.97,89.63,34.42,2025-08-18 13:43:04
resnet_d34_w128,46,5e-06,0.5,0.002,57.89,65.29,-7.40,0,40.05,77.93,68.32,62.27,2025-08-18 13:43:08
resnet_d18_w128,27,5e-06,0.5,0.002,56.20,62.69,-6.49,0,44.44,71.47,75.79,49.60,2025-08-18 13:45:06
resnet_d50_w32,45,5e-06,0.5,0.002,57.15,66.00,-8.85,0,43.96,74.04,76.15,55.85,2025-08-18 13:45:12
resnet_d50_w64,45,5e-06,0.5,0.002,57.89,65.68,-7.79,0,39.53,77.37,69.09,62.27,2025-08-18 13:45:26
resnet_d34_w64,47,5e-06,0.5,0.002,56.61,62.59,-5.98,0,90.26,24.54,87.81,37.37,2025-08-18 13:46:23
resnet_d18_w32,27,5e-06,0.5,0.002,55.49,62.63,-7.14,0,33.54,81.14,54.12,71.15,2025-08-18 13:46:23
resnet_d34_w128,47,5e-06,0.5,0.002,57.25,65.60,-8.35,0,38.82,78.37,65.38,65.82,2025-08-18 13:46:27
resnet_d18_w64,27,5e-06,0.5,0.002,56.22,64.65,-8.43,0,85.66,29.27,75.34,53.95,2025-08-18 13:46:42
resnet_d50_w32,46,5e-06,0.5,0.002,56.80,66.22,-9.42,0,42.47,74.53,69.13,63.32,2025-08-18 13:48:40
resnet_d34_w32,27,5e-06,0.5,0.002,55.99,63.34,-7.35,0,37.21,79.38,65.58,61.10,2025-08-18 13:48:48
resnet_d50_w64,46,5e-06,0.5,0.002,57.41,65.50,-8.09,0,39.64,78.34,68.24,62.75,2025-08-18 13:48:54
resnet_d34_w64,48,5e-06,0.5,0.002,56.41,63.32,-6.91,0,89.14,26.24,84.83,41.81,2025-08-18 13:49:42
resnet_d34_w128,48,5e-06,0.5,0.002,57.86,65.62,-7.75,0,39.28,78.50,69.57,61.66,2025-08-18 13:49:45
resnet_d18_w128,28,5e-06,0.5,0.002,56.01,63.52,-7.51,0,43.70,71.98,71.51,55.53,2025-08-18 13:50:54
resnet_d50_w32,47,5e-06,0.5,0.002,57.86,66.26,-8.40,0,43.18,75.75,71.91,60.61,2025-08-18 13:52:07
resnet_d18_w32,28,5e-06,0.5,0.002,55.96,62.15,-6.19,0,33.22,80.67,48.67,75.63,2025-08-18 13:52:13
resnet_d50_w64,47,5e-06,0.5,0.002,57.51,65.64,-8.13,0,39.25,78.15,68.08,63.20,2025-08-18 13:52:22
resnet_d18_w64,28,5e-06,0.5,0.002,56.43,64.23,-7.80,0,85.09,30.45,75.10,53.35,2025-08-18 13:52:34
resnet_d34_w64,49,5e-06,0.5,0.002,56.63,63.44,-6.81,0,89.93,24.76,84.10,42.78,2025-08-18 13:53:01
resnet_d34_w128,49,5e-06,0.5,0.002,57.46,65.48,-8.02,0,39.07,79.48,67.55,63.40,2025-08-18 13:53:04
resnet_d34_w32,28,5e-06,0.5,0.002,55.75,64.85,-9.11,0,40.08,76.68,66.67,63.03,2025-08-18 13:54:42
resnet_d50_w32,48,5e-06,0.5,0.002,57.91,66.16,-8.25,0,42.12,75.47,70.26,62.07,2025-08-18 13:55:34
resnet_d50_w64,48,5e-06,0.5,0.002,58.42,65.66,-7.24,0,39.09,79.19,66.18,65.13,2025-08-18 13:55:49
resnet_d34_w64,50,5e-06,0.5,0.002,56.44,62.89,-6.45,0,90.90,23.50,87.17,38.62,2025-08-18 13:56:20
resnet_d34_w128,50,5e-06,0.5,0.002,57.80,65.46,-7.65,0,38.47,79.21,65.17,65.74,2025-08-18 13:56:24
resnet_d18_w128,29,5e-06,0.5,0.002,56.27,62.75,-6.49,0,46.09,69.77,74.70,50.81,2025-08-18 13:56:41
resnet_d18_w32,29,5e-06,0.5,0.002,55.93,62.67,-6.74,0,33.74,81.65,51.13,74.21,2025-08-18 13:58:02
resnet_d18_w64,29,5e-06,0.5,0.002,55.90,63.74,-7.84,0,85.85,28.73,80.95,46.53,2025-08-18 13:58:25
resnet_d50_w32,49,5e-06,0.5,0.002,57.79,66.42,-8.63,0,40.62,76.69,66.83,66.02,2025-08-18 13:59:01
resnet_d50_w64,49,5e-06,0.5,0.002,57.58,65.31,-7.73,0,39.59,78.45,67.35,63.28,2025-08-18 13:59:17
resnet_d34_w64,51,5e-06,0.5,0.002,56.89,63.42,-6.53,0,89.19,26.15,86.00,40.84,2025-08-18 13:59:40
resnet_d34_w128,51,5e-06,0.5,0.002,57.98,65.46,-7.48,0,40.00,78.32,66.26,64.65,2025-08-18 13:59:43
resnet_d34_w32,29,5e-06,0.5,0.002,56.28,64.93,-8.66,0,80.74,35.00,69.41,60.45,2025-08-18 14:00:37
resnet_d50_w32,50,5e-06,0.5,0.002,57.03,66.24,-9.22,0,75.44,41.58,70.82,61.66,2025-08-18 14:02:28
resnet_d18_w128,30,5e-06,0.5,0.002,55.83,63.60,-7.77,0,46.09,69.26,74.29,52.91,2025-08-18 14:02:28
resnet_d50_w64,50,5e-06,0.5,0.002,57.69,65.90,-8.21,0,40.76,76.75,66.30,65.50,2025-08-18 14:02:44
resnet_d34_w64,52,5e-06,0.5,0.002,56.32,63.34,-7.02,0,88.49,27.70,85.75,40.92,2025-08-18 14:02:59
resnet_d34_w128,52,5e-06,0.5,0.002,58.11,65.54,-7.43,0,39.91,78.64,66.30,64.77,2025-08-18 14:03:02
resnet_d18_w32,30,5e-06,0.5,0.002,55.83,63.82,-8.00,0,32.45,82.52,59.12,68.52,2025-08-18 14:03:52
resnet_d18_w64,30,5e-06,0.5,0.002,56.08,62.81,-6.73,0,87.99,26.08,84.75,40.88,2025-08-18 14:04:16
resnet_d50_w32,51,5e-06,0.5,0.002,57.79,66.83,-9.04,0,74.90,41.89,67.47,66.18,2025-08-18 14:05:53
resnet_d50_w64,51,5e-06,0.5,0.002,57.65,65.64,-7.99,0,39.98,78.87,67.07,64.21,2025-08-18 14:06:10
resnet_d34_w64,53,5e-06,0.5,0.002,56.50,63.20,-6.69,0,89.57,26.59,86.68,39.71,2025-08-18 14:06:18
resnet_d34_w128,53,5e-06,0.5,0.002,57.89,65.60,-7.71,0,38.70,79.33,64.33,66.87,2025-08-18 14:06:21
resnet_d34_w32,30,5e-06,0.5,0.002,56.56,64.69,-8.13,0,78.34,38.69,69.29,60.09,2025-08-18 14:06:32
resnet_d18_w128,31,5e-06,0.5,0.002,56.11,63.70,-7.59,0,43.91,71.69,71.95,55.45,2025-08-18 14:08:16
resnet_d50_w32,52,5e-06,0.5,0.002,57.77,66.83,-9.05,0,77.50,41.08,67.35,66.30,2025-08-18 14:09:18
resnet_d50_w64,52,5e-06,0.5,0.002,57.53,65.27,-7.74,0,41.12,75.87,74.58,55.97,2025-08-18 14:09:35
resnet_d34_w64,54,5e-06,0.5,0.002,57.11,63.38,-6.27,0,88.70,27.22,86.48,40.27,2025-08-18 14:09:38
resnet_d34_w128,54,5e-06,0.5,0.002,57.42,65.82,-8.40,0,37.58,80.84,61.46,70.18,2025-08-18 14:09:42
resnet_d18_w32,31,5e-06,0.5,0.002,56.24,62.45,-6.21,0,33.47,82.37,51.65,73.24,2025-08-18 14:09:43
resnet_d18_w64,31,5e-06,0.5,0.002,56.36,64.35,-7.99,0,85.92,29.53,78.77,49.92,2025-08-18 14:10:07
resnet_d34_w32,31,5e-06,0.5,0.002,56.61,64.81,-8.20,0,38.87,78.01,65.58,64.04,2025-08-18 14:12:27
resnet_d50_w32,53,5e-06,0.5,0.002,57.62,66.65,-9.02,0,77.42,40.19,71.11,62.19,2025-08-18 14:12:44
resnet_d34_w64,55,5e-06,0.5,0.002,56.71,63.46,-6.74,0,90.58,25.11,86.40,40.52,2025-08-18 14:12:58
resnet_d50_w64,53,5e-06,0.5,0.002,58.06,66.12,-8.06,0,38.58,78.74,66.75,65.50,2025-08-18 14:13:00
resnet_d34_w128,55,5e-06,0.5,0.002,58.37,65.76,-7.38,0,38.74,79.87,66.06,65.46,2025-08-18 14:13:02
resnet_d18_w128,32,5e-06,0.5,0.002,56.13,63.18,-7.04,0,46.06,69.52,75.67,50.69,2025-08-18 14:14:05
resnet_d18_w32,32,5e-06,0.5,0.002,56.16,62.69,-6.53,0,34.21,81.19,51.13,74.25,2025-08-18 14:15:34
resnet_d18_w64,32,5e-06,0.5,0.002,56.50,64.00,-7.50,0,86.33,28.70,81.72,46.29,2025-08-18 14:15:58
resnet_d50_w32,54,5e-06,0.5,0.002,57.64,66.36,-8.73,0,76.96,41.13,72.07,60.65,2025-08-18 14:16:12
resnet_d34_w64,56,5e-06,0.5,0.002,56.49,63.84,-7.35,0,89.00,26.36,85.59,42.09,2025-08-18 14:16:20
resnet_d34_w128,56,5e-06,0.5,0.002,58.63,65.90,-7.27,0,37.79,79.49,66.63,65.17,2025-08-18 14:16:24
resnet_d50_w64,54,5e-06,0.5,0.002,57.55,66.30,-8.76,0,39.82,78.33,66.95,65.66,2025-08-18 14:16:27
resnet_d34_w32,32,5e-06,0.5,0.002,56.68,61.97,-5.28,0,78.14,38.72,43.14,80.79,2025-08-18 14:18:22
resnet_d50_w32,55,5e-06,0.5,0.002,57.57,66.04,-8.47,0,78.11,39.76,74.90,57.18,2025-08-18 14:19:38
resnet_d34_w64,57,5e-06,0.5,0.002,56.94,63.88,-6.94,0,89.79,24.60,84.91,42.86,2025-08-18 14:19:40
resnet_d34_w128,57,5e-06,0.5,0.002,58.21,65.82,-7.61,0,36.78,81.07,66.91,64.73,2025-08-18 14:19:44
resnet_d18_w128,33,5e-06,0.5,0.002,56.27,63.52,-7.25,0,46.65,70.67,69.94,57.10,2025-08-18 14:19:52
resnet_d50_w64,55,5e-06,0.5,0.002,57.74,66.08,-8.34,0,42.34,74.90,70.54,61.62,2025-08-18 14:19:52
resnet_d18_w32,33,5e-06,0.5,0.002,56.27,64.08,-7.81,0,71.79,42.63,57.67,70.50,2025-08-18 14:21:23
resnet_d18_w64,33,5e-06,0.5,0.002,56.57,63.72,-7.15,0,87.13,27.54,83.09,44.35,2025-08-18 14:21:49
resnet_d34_w64,58,5e-06,0.5,0.002,56.93,64.23,-7.30,0,88.78,27.41,82.41,46.05,2025-08-18 14:23:01
resnet_d50_w32,56,5e-06,0.5,0.002,57.65,66.42,-8.77,0,76.74,41.26,67.03,65.82,2025-08-18 14:23:03
resnet_d34_w128,58,5e-06,0.5,0.002,58.50,65.92,-7.42,0,37.94,79.79,69.21,62.63,2025-08-18 14:23:04
resnet_d50_w64,56,5e-06,0.5,0.002,57.83,65.50,-7.67,0,39.51,78.57,71.19,59.81,2025-08-18 14:23:18
resnet_d34_w32,33,5e-06,0.5,0.002,56.74,65.05,-8.31,0,75.71,40.96,59.00,71.11,2025-08-18 14:24:16
resnet_d18_w128,34,5e-06,0.5,0.002,55.46,63.20,-7.73,0,47.14,69.04,77.28,49.11,2025-08-18 14:25:39
resnet_d34_w64,59,5e-06,0.5,0.002,56.75,63.80,-7.05,0,88.57,27.29,85.35,42.25,2025-08-18 14:26:21
resnet_d34_w128,59,5e-06,0.5,0.002,58.47,66.06,-7.59,0,36.53,81.39,64.89,67.23,2025-08-18 14:26:24
resnet_d50_w32,57,5e-06,0.5,0.002,57.77,66.71,-8.93,0,76.75,41.26,62.27,71.15,2025-08-18 14:26:29
resnet_d50_w64,57,5e-06,0.5,0.002,57.90,65.44,-7.53,0,38.14,80.25,62.19,68.68,2025-08-18 14:26:43
resnet_d18_w32,34,5e-06,0.5,0.002,56.17,64.65,-8.47,0,36.22,80.25,65.29,64.00,2025-08-18 14:27:13
resnet_d18_w64,34,5e-06,0.5,0.002,56.33,64.75,-8.42,0,84.11,31.47,79.30,50.20,2025-08-18 14:27:40
resnet_d34_w64,60,5e-06,0.5,0.002,57.46,63.98,-6.52,0,88.32,27.54,84.91,43.06,2025-08-18 14:29:40
resnet_d34_w128,60,5e-06,0.5,0.002,58.35,66.26,-7.91,0,39.12,78.70,66.95,65.58,2025-08-18 14:29:44
resnet_d50_w32,58,5e-06,0.5,0.002,57.96,66.71,-8.75,0,78.19,39.39,71.63,61.78,2025-08-18 14:29:54
resnet_d50_w64,58,5e-06,0.5,0.002,58.01,66.18,-8.17,0,39.70,78.25,69.01,63.36,2025-08-18 14:30:07
resnet_d34_w32,34,5e-06,0.5,0.002,56.65,65.03,-8.38,0,78.61,38.28,69.05,61.02,2025-08-18 14:30:11
resnet_d18_w128,35,5e-06,0.5,0.002,55.60,63.54,-7.93,0,45.50,70.30,70.94,56.13,2025-08-18 14:31:26
resnet_d34_w64,61,5e-06,0.5,0.002,56.84,64.21,-7.36,0,88.21,27.01,82.49,45.92,2025-08-18 14:33:00
resnet_d18_w32,35,5e-06,0.5,0.002,56.00,63.76,-7.76,0,32.34,82.35,53.55,73.97,2025-08-18 14:33:03
resnet_d34_w128,61,5e-06,0.5,0.002,57.55,66.10,-8.55,0,39.26,79.73,68.68,63.52,2025-08-18 14:33:04
resnet_d50_w32,59,5e-06,0.5,0.002,58.06,66.59,-8.53,0,76.21,41.69,71.91,61.26,2025-08-18 14:33:20
resnet_d18_w64,35,5e-06,0.5,0.002,56.50,64.14,-7.64,0,86.15,29.26,82.08,46.21,2025-08-18 14:33:31
resnet_d50_w64,59,5e-06,0.5,0.002,58.23,65.78,-7.55,0,37.73,80.19,70.82,60.73,2025-08-18 14:33:33
resnet_d34_w32,35,5e-06,0.5,0.002,56.93,63.78,-6.86,0,76.72,40.29,81.03,46.53,2025-08-18 14:36:06
resnet_d34_w64,62,5e-06,0.5,0.002,56.88,62.99,-6.11,0,89.31,26.08,87.89,38.10,2025-08-18 14:36:21
resnet_d34_w128,62,5e-06,0.5,0.002,58.33,66.14,-7.81,0,38.55,80.67,65.17,67.11,2025-08-18 14:36:23
resnet_d50_w32,60,5e-06,0.5,0.002,57.34,66.49,-9.15,0,78.64,39.17,73.41,59.56,2025-08-18 14:36:45
resnet_d50_w64,60,5e-06,0.5,0.002,57.78,66.02,-8.24,0,37.51,80.69,64.33,67.72,2025-08-18 14:36:59
resnet_d18_w128,36,5e-06,0.5,0.002,56.12,63.40,-7.28,0,45.29,70.72,73.12,53.67,2025-08-18 14:37:13
resnet_d18_w32,36,5e-06,0.5,0.002,56.77,63.32,-6.54,0,71.24,45.03,52.22,74.41,2025-08-18 14:38:53
resnet_d18_w64,36,5e-06,0.5,0.002,56.66,63.76,-7.10,0,85.56,30.92,82.77,44.75,2025-08-18 14:39:21
resnet_d34_w64,63,5e-06,0.5,0.002,57.21,62.79,-5.58,0,88.84,26.71,87.69,37.89,2025-08-18 14:39:40
resnet_d34_w128,63,5e-06,0.5,0.002,58.32,66.08,-7.76,0,38.87,79.98,67.88,64.29,2025-08-18 14:39:42
resnet_d50_w32,61,5e-06,0.5,0.002,58.15,66.67,-8.51,0,78.37,40.66,71.79,61.54,2025-08-18 14:40:11
resnet_d50_w64,61,5e-06,0.5,0.002,57.55,65.27,-7.72,0,38.16,79.71,71.55,59.00,2025-08-18 14:40:24
resnet_d34_w32,36,5e-06,0.5,0.002,56.25,65.46,-9.21,0,42.88,74.95,71.59,59.32,2025-08-18 14:42:00
resnet_d34_w64,64,5e-06,0.5,0.002,57.30,62.75,-5.45,0,88.90,27.18,87.61,37.89,2025-08-18 14:43:00
resnet_d18_w128,37,5e-06,0.5,0.002,56.32,63.84,-7.53,0,44.15,71.80,72.15,55.53,2025-08-18 14:43:01
resnet_d34_w128,64,5e-06,0.5,0.002,58.20,65.96,-7.76,0,40.01,80.29,68.44,63.48,2025-08-18 14:43:02
resnet_d50_w32,62,5e-06,0.5,0.002,57.60,66.49,-8.89,0,78.95,40.08,70.34,62.63,2025-08-18 14:43:37
resnet_d50_w64,62,5e-06,0.5,0.002,58.20,65.64,-7.44,0,38.00,80.44,69.17,62.11,2025-08-18 14:43:49
resnet_d18_w32,37,5e-06,0.5,0.002,56.14,63.58,-7.44,0,73.20,43.24,55.89,71.27,2025-08-18 14:44:43
resnet_d18_w64,37,5e-06,0.5,0.002,56.99,64.67,-7.68,0,84.02,31.81,77.40,51.94,2025-08-18 14:45:12
resnet_d34_w64,65,5e-06,0.5,0.002,57.39,62.87,-5.48,0,89.08,25.34,88.66,37.09,2025-08-18 14:46:19
resnet_d34_w128,65,5e-06,0.5,0.002,58.36,66.20,-7.84,0,41.04,78.22,69.29,63.12,2025-08-18 14:46:23
resnet_d50_w32,63,5e-06,0.5,0.002,58.22,66.81,-8.59,0,75.47,43.35,67.76,65.86,2025-08-18 14:47:02
resnet_d50_w64,63,5e-06,0.5,0.002,57.64,65.74,-8.10,0,37.31,80.22,73.69,57.79,2025-08-18 14:47:15
resnet_d34_w32,37,5e-06,0.5,0.002,56.71,65.44,-8.72,0,40.94,76.61,69.29,61.58,2025-08-18 14:47:55
resnet_d18_w128,38,5e-06,0.5,0.002,56.31,63.74,-7.43,0,45.58,70.63,69.90,57.59,2025-08-18 14:48:49
resnet_d34_w64,66,5e-06,0.5,0.002,56.99,63.03,-6.04,0,88.24,27.25,87.45,38.62,2025-08-18 14:49:38
resnet_d34_w128,66,5e-06,0.5,0.002,57.96,65.82,-7.86,0,41.50,77.73,70.94,60.69,2025-08-18 14:49:42
resnet_d50_w32,64,5e-06,0.5,0.002,57.73,66.87,-9.14,0,79.26,39.01,74.70,59.04,2025-08-18 14:50:28
resnet_d18_w32,38,5e-06,0.5,0.002,56.80,64.23,-7.42,0,72.60,43.59,62.19,66.26,2025-08-18 14:50:34
resnet_d50_w64,64,5e-06,0.5,0.002,57.70,65.50,-7.79,0,40.81,76.56,74.66,56.34,2025-08-18 14:50:40
resnet_d18_w64,38,5e-06,0.5,0.002,56.42,64.31,-7.88,0,84.56,30.06,80.55,48.06,2025-08-18 14:51:03
resnet_d34_w64,67,5e-06,0.5,0.002,56.77,63.14,-6.36,0,88.71,27.21,86.64,39.63,2025-08-18 14:52:58
resnet_d34_w128,67,5e-06,0.5,0.002,57.87,66.22,-8.35,0,40.53,78.31,69.25,63.20,2025-08-18 14:53:02
resnet_d34_w32,38,5e-06,0.5,0.002,56.56,64.67,-8.11,0,78.94,38.83,56.17,73.16,2025-08-18 14:53:50
resnet_d50_w32,65,5e-06,0.5,0.002,58.31,66.87,-8.56,0,77.88,40.75,71.83,61.90,2025-08-18 14:53:54
resnet_d50_w64,65,5e-06,0.5,0.002,57.53,65.23,-7.71,0,39.66,78.68,71.31,59.16,2025-08-18 14:54:05
resnet_d18_w128,39,5e-06,0.5,0.002,56.13,63.38,-7.25,0,46.73,68.37,78.21,48.55,2025-08-18 14:54:37
resnet_d34_w64,68,5e-06,0.5,0.002,57.08,63.30,-6.21,0,88.64,27.16,87.01,39.59,2025-08-18 14:56:17
resnet_d34_w128,68,5e-06,0.5,0.002,58.25,65.54,-7.28,0,40.31,78.49,71.91,59.16,2025-08-18 14:56:22
resnet_d18_w32,39,5e-06,0.5,0.002,56.71,64.02,-7.31,0,35.18,80.34,55.69,72.36,2025-08-18 14:56:24
resnet_d18_w64,39,5e-06,0.5,0.002,56.55,64.45,-7.89,0,85.75,30.14,79.94,48.95,2025-08-18 14:56:54
resnet_d50_w32,66,5e-06,0.5,0.002,57.52,66.59,-9.07,0,75.46,42.64,69.41,63.76,2025-08-18 14:57:19
resnet_d50_w64,66,5e-06,0.5,0.002,57.83,65.25,-7.42,0,38.14,79.26,70.54,59.97,2025-08-18 14:57:30
resnet_d34_w64,69,5e-06,0.5,0.002,57.26,62.49,-5.23,0,89.74,25.60,88.46,36.52,2025-08-18 14:59:37
resnet_d34_w128,69,5e-06,0.5,0.002,58.88,66.12,-7.24,0,38.63,80.07,68.93,63.32,2025-08-18 14:59:42
resnet_d34_w32,39,5e-06,0.5,0.002,57.51,65.54,-8.03,0,44.04,73.76,69.13,61.95,2025-08-18 14:59:45
resnet_d18_w128,40,5e-06,0.5,0.002,56.11,63.92,-7.81,0,45.06,69.22,71.55,56.30,2025-08-18 15:00:24
resnet_d50_w32,67,5e-06,0.5,0.002,58.19,66.65,-8.46,0,77.96,40.28,70.58,62.71,2025-08-18 15:00:44
resnet_d50_w64,67,5e-06,0.5,0.002,57.83,65.86,-8.03,0,38.87,79.39,66.79,64.93,2025-08-18 15:00:56
resnet_d18_w32,40,5e-06,0.5,0.002,56.81,64.95,-8.14,0,36.40,79.46,66.22,63.68,2025-08-18 15:02:15
resnet_d18_w64,40,5e-06,0.5,0.002,57.17,64.97,-7.80,0,84.77,30.98,76.47,53.47,2025-08-18 15:02:45
resnet_d34_w64,70,5e-06,0.5,0.002,57.15,62.69,-5.54,0,89.93,26.17,89.18,36.20,2025-08-18 15:02:57
resnet_d34_w128,70,5e-06,0.5,0.002,57.77,65.92,-8.15,0,39.03,79.45,68.28,63.56,2025-08-18 15:03:01
resnet_d50_w32,68,5e-06,0.5,0.002,58.40,66.69,-8.28,0,76.95,41.54,69.65,63.72,2025-08-18 15:04:09
resnet_d50_w64,68,5e-06,0.5,0.002,57.46,65.94,-8.48,0,38.16,80.07,64.41,67.47,2025-08-18 15:04:21
resnet_d34_w32,40,5e-06,0.5,0.002,57.33,65.27,-7.94,0,78.52,39.91,62.63,67.92,2025-08-18 15:05:40
resnet_d18_w128,41,5e-06,0.5,0.002,56.42,63.38,-6.96,0,47.87,68.26,78.33,48.43,2025-08-18 15:06:12
resnet_d34_w64,71,5e-06,0.5,0.002,57.23,62.97,-5.75,0,87.72,27.64,86.92,39.02,2025-08-18 15:06:16
resnet_d34_w128,71,5e-06,0.5,0.002,58.11,66.22,-8.11,0,39.15,80.44,66.83,65.62,2025-08-18 15:06:20
resnet_d50_w32,69,5e-06,0.5,0.002,58.24,66.67,-8.42,0,78.65,40.29,72.88,60.45,2025-08-18 15:07:27
resnet_d50_w64,69,5e-06,0.5,0.002,58.39,66.08,-7.69,0,38.91,79.41,66.18,65.98,2025-08-18 15:07:38
resnet_d18_w32,41,5e-06,0.5,0.002,57.40,62.77,-5.38,0,39.10,77.71,47.90,77.64,2025-08-18 15:08:05
resnet_d18_w64,41,5e-06,0.5,0.002,56.85,65.03,-8.19,0,85.33,30.49,76.15,53.91,2025-08-18 15:08:37
resnet_d34_w128,72,5e-06,0.5,0.002,58.46,65.70,-7.23,0,42.17,77.55,70.62,60.77,2025-08-18 15:09:32
resnet_d50_w32,70,5e-06,0.5,0.002,57.85,66.57,-8.72,0,76.19,41.63,68.36,64.77,2025-08-18 15:10:51
resnet_d50_w64,70,5e-06,0.5,0.002,57.82,65.60,-7.77,0,39.27,79.37,67.96,63.24,2025-08-18 15:11:01
resnet_d50_w128,1,5e-06,0.5,0.002,50.95,58.37,-7.42,0,81.42,27.18,73.97,42.78,2025-08-18 15:11:12
resnet_d34_w32,41,5e-06,0.5,0.002,57.34,65.46,-8.11,0,40.82,77.57,62.27,68.64,2025-08-18 15:11:35
resnet_d18_w128,42,5e-06,0.5,0.002,56.31,64.04,-7.74,0,45.74,69.90,77.16,50.93,2025-08-18 15:12:00
resnet_d34_w128,73,5e-06,0.5,0.002,58.92,65.92,-7.00,0,40.48,78.15,69.98,61.86,2025-08-18 15:12:50
resnet_d18_w32,42,5e-06,0.5,0.002,57.02,64.16,-7.14,0,41.35,75.58,54.56,73.77,2025-08-18 15:13:55
resnet_d50_w32,71,5e-06,0.5,0.002,58.00,66.57,-8.57,0,77.01,40.76,71.15,61.99,2025-08-18 15:14:14
resnet_d50_w64,71,5e-06,0.5,0.002,57.90,66.12,-8.22,0,39.51,78.32,69.21,63.03,2025-08-18 15:14:25
resnet_d18_w64,42,5e-06,0.5,0.002,57.14,65.01,-7.87,0,84.65,30.73,77.12,52.91,2025-08-18 15:14:28
resnet_d50_w128,2,5e-06,0.5,0.002,53.05,60.43,-7.38,0,75.33,37.35,58.68,62.19,2025-08-18 15:14:44
resnet_d34_w128,74,5e-06,0.5,0.002,58.15,66.10,-7.95,0,41.05,78.05,69.37,62.83,2025-08-18 15:16:08
resnet_d34_w32,42,5e-06,0.5,0.002,57.36,65.25,-7.89,0,79.68,38.02,76.47,54.04,2025-08-18 15:17:30
resnet_d50_w32,72,5e-06,0.5,0.002,58.65,66.77,-8.12,0,76.75,41.19,70.50,63.03,2025-08-18 15:17:38
resnet_d18_w128,43,5e-06,0.5,0.002,56.86,63.52,-6.66,0,47.87,66.73,76.51,50.52,2025-08-18 15:17:48
resnet_d50_w64,72,5e-06,0.5,0.002,58.00,65.38,-7.38,0,39.78,78.96,70.86,59.89,2025-08-18 15:17:49
resnet_d50_w128,3,5e-06,0.5,0.002,54.43,61.52,-7.09,0,74.20,38.15,55.53,67.51,2025-08-18 15:18:15
resnet_d34_w128,75,5e-06,0.5,0.002,58.47,66.10,-7.63,0,40.56,79.26,68.16,64.04,2025-08-18 15:19:27
resnet_d18_w32,43,5e-06,0.5,0.002,57.26,64.53,-7.26,0,75.78,40.60,63.56,65.50,2025-08-18 15:19:45
resnet_d18_w64,43,5e-06,0.5,0.002,56.74,64.91,-8.17,0,85.77,30.09,78.37,51.45,2025-08-18 15:20:18
resnet_d50_w32,73,5e-06,0.5,0.002,58.09,66.69,-8.60,0,77.26,41.14,70.26,63.12,2025-08-18 15:21:02
resnet_d50_w64,73,5e-06,0.5,0.002,58.04,65.78,-7.74,0,38.45,80.63,67.39,64.16,2025-08-18 15:21:13
resnet_d50_w128,4,5e-06,0.5,0.002,54.26,62.25,-7.99,0,38.66,74.76,62.75,61.74,2025-08-18 15:21:47
resnet_d34_w128,76,5e-06,0.5,0.002,58.20,65.88,-7.68,0,39.63,78.72,69.01,62.75,2025-08-18 15:22:46
resnet_d34_w32,43,5e-06,0.5,0.002,57.51,65.66,-8.15,0,76.75,41.97,64.33,66.99,2025-08-18 15:23:25
resnet_d18_w128,44,5e-06,0.5,0.002,56.97,63.76,-6.79,0,46.39,69.01,74.74,52.78,2025-08-18 15:23:35
resnet_d50_w32,74,5e-06,0.5,0.002,58.16,66.65,-8.48,0,77.30,41.99,68.60,64.69,2025-08-18 15:24:26
resnet_d50_w64,74,5e-06,0.5,0.002,57.68,65.62,-7.94,0,37.41,79.80,70.30,60.94,2025-08-18 15:24:36
resnet_d50_w128,5,5e-06,0.5,0.002,54.56,61.06,-6.50,0,36.15,78.00,63.36,58.76,2025-08-18 15:25:18
resnet_d18_w32,44,5e-06,0.5,0.002,56.72,64.83,-8.11,0,39.40,77.41,64.49,65.17,2025-08-18 15:25:35
resnet_d34_w128,77,5e-06,0.5,0.002,58.69,66.26,-7.57,0,38.69,79.27,65.90,66.63,2025-08-18 15:26:04
resnet_d18_w64,44,5e-06,0.5,0.002,56.82,64.39,-7.57,0,88.04,26.97,79.62,49.15,2025-08-18 15:26:09
resnet_d50_w32,75,5e-06,0.5,0.002,57.94,66.73,-8.79,0,75.16,43.27,69.41,64.04,2025-08-18 15:27:50
resnet_d50_w64,75,5e-06,0.5,0.002,57.71,66.18,-8.47,0,37.66,80.37,66.51,65.86,2025-08-18 15:27:59
resnet_d50_w128,6,5e-06,0.5,0.002,55.25,61.92,-6.67,0,69.17,43.76,63.48,60.37,2025-08-18 15:28:49
resnet_d34_w32,44,5e-06,0.5,0.002,57.74,65.90,-8.16,0,77.12,41.24,74.05,57.75,2025-08-18 15:29:20
resnet_d18_w128,45,5e-06,0.5,0.002,56.72,63.68,-6.96,0,44.41,70.92,73.57,53.79,2025-08-18 15:29:22
resnet_d34_w128,78,5e-06,0.5,0.002,57.80,66.10,-8.30,0,41.05,77.53,69.98,62.23,2025-08-18 15:29:22
resnet_d50_w32,76,5e-06,0.5,0.002,57.48,66.69,-9.21,0,78.36,40.24,71.83,61.54,2025-08-18 15:31:14
resnet_d50_w64,76,5e-06,0.5,0.002,57.72,65.50,-7.78,0,38.64,79.91,69.13,61.86,2025-08-18 15:31:24
resnet_d18_w32,45,5e-06,0.5,0.002,56.58,64.27,-7.69,0,75.76,39.46,64.41,64.12,2025-08-18 15:31:26
resnet_d18_w64,45,5e-06,0.5,0.002,56.91,64.51,-7.60,0,85.67,29.65,80.10,48.91,2025-08-18 15:32:00
resnet_d50_w128,7,5e-06,0.5,0.002,54.26,62.41,-8.15,0,34.91,79.66,59.64,65.17,2025-08-18 15:32:21
resnet_d34_w128,79,5e-06,0.5,0.002,58.03,66.36,-8.33,0,39.86,79.98,66.55,66.18,2025-08-18 15:32:42
resnet_d50_w32,77,5e-06,0.5,0.002,58.41,66.59,-8.18,0,77.11,42.39,69.73,63.44,2025-08-18 15:34:37
resnet_d50_w64,77,5e-06,0.5,0.002,58.12,65.78,-7.66,0,39.39,78.91,67.80,63.76,2025-08-18 15:34:47
resnet_d18_w128,46,5e-06,0.5,0.002,56.08,63.58,-7.50,0,46.33,69.40,74.70,52.46,2025-08-18 15:35:10
resnet_d34_w32,45,5e-06,0.5,0.002,57.53,65.68,-8.15,0,78.73,39.30,61.50,69.85,2025-08-18 15:35:16
resnet_d50_w128,8,5e-06,0.5,0.002,55.34,62.79,-7.46,0,38.26,77.03,66.02,59.56,2025-08-18 15:35:52
resnet_d34_w128,80,5e-06,0.5,0.002,58.43,65.90,-7.47,0,37.75,79.87,62.47,69.33,2025-08-18 15:36:00
resnet_d18_w32,46,5e-06,0.5,0.002,56.86,64.21,-7.35,0,41.74,75.76,60.90,67.51,2025-08-18 15:37:16
resnet_d18_w64,46,5e-06,0.5,0.002,56.87,64.63,-7.76,0,85.43,30.05,79.22,50.04,2025-08-18 15:37:51
resnet_d50_w32,78,5e-06,0.5,0.002,57.74,66.79,-9.05,0,79.29,40.25,72.07,61.50,2025-08-18 15:38:01
resnet_d50_w64,78,5e-06,0.5,0.002,58.23,65.31,-7.08,0,38.27,79.48,71.55,59.08,2025-08-18 15:38:11
resnet_d34_w128,81,5e-06,0.5,0.002,57.97,66.38,-8.41,0,39.61,79.03,66.95,65.82,2025-08-18 15:39:18
resnet_d50_w128,9,5e-06,0.5,0.002,55.95,63.22,-7.26,0,39.44,76.09,61.38,65.05,2025-08-18 15:39:23
resnet_d18_w128,47,5e-06,0.5,0.002,55.49,63.66,-8.17,0,46.73,69.20,76.03,51.29,2025-08-18 15:40:57
resnet_d34_w32,46,5e-06,0.5,0.002,57.89,65.54,-7.65,0,44.58,74.16,80.95,50.12,2025-08-18 15:41:12
resnet_d50_w32,79,5e-06,0.5,0.002,58.15,66.55,-8.39,0,77.50,41.57,70.42,62.67,2025-08-18 15:41:24
resnet_d50_w64,79,5e-06,0.5,0.002,58.36,65.44,-7.07,0,40.10,78.29,71.83,59.04,2025-08-18 15:41:35
resnet_d34_w128,82,5e-06,0.5,0.002,58.62,66.14,-7.53,0,38.20,80.44,64.33,67.96,2025-08-18 15:42:36
resnet_d50_w128,10,5e-06,0.5,0.002,55.36,62.49,-7.13,0,70.46,43.62,59.28,65.70,2025-08-18 15:42:55
resnet_d18_w32,47,5e-06,0.5,0.002,57.11,64.53,-7.42,0,41.44,76.40,63.36,65.70,2025-08-18 15:43:05
resnet_d18_w64,47,5e-06,0.5,0.002,56.78,65.25,-8.47,0,86.16,30.27,77.08,53.43,2025-08-18 15:43:42
resnet_d50_w32,80,5e-06,0.5,0.002,58.23,66.61,-8.37,0,76.63,41.75,70.70,62.51,2025-08-18 15:44:47
resnet_d50_w64,80,5e-06,0.5,0.002,57.45,65.88,-8.43,0,39.57,78.71,67.59,64.16,2025-08-18 15:45:00
resnet_d34_w128,83,5e-06,0.5,0.002,58.20,66.00,-7.80,0,38.79,79.68,63.16,68.85,2025-08-18 15:45:54
resnet_d50_w128,11,5e-06,0.5,0.002,55.67,62.45,-6.77,0,35.67,79.16,56.46,68.44,2025-08-18 15:46:25
resnet_d18_w128,48,5e-06,0.5,0.002,56.24,63.01,-6.77,0,48.76,67.42,80.51,45.52,2025-08-18 15:46:44
resnet_d34_w32,47,5e-06,0.5,0.002,57.20,66.22,-9.02,0,40.71,77.74,71.03,61.42,2025-08-18 15:47:06
resnet_d50_w32,81,5e-06,0.5,0.002,58.56,66.83,-8.27,0,76.32,41.69,70.46,63.20,2025-08-18 15:48:11
resnet_d50_w64,81,5e-06,0.5,0.002,58.17,65.56,-7.38,0,39.66,78.65,70.98,60.13,2025-08-18 15:48:24
resnet_d18_w32,48,5e-06,0.5,0.002,56.76,64.75,-7.99,0,40.26,76.76,66.51,62.99,2025-08-18 15:48:55
resnet_d34_w128,84,5e-06,0.5,0.002,58.23,66.34,-8.12,0,40.99,78.27,67.51,65.17,2025-08-18 15:49:12
resnet_d18_w64,48,5e-06,0.5,0.002,56.74,64.97,-8.23,0,85.36,30.69,71.35,58.60,2025-08-18 15:49:32
resnet_d50_w128,12,5e-06,0.5,0.002,56.21,62.27,-6.05,0,73.34,40.98,55.00,69.53,2025-08-18 15:49:56
resnet_d50_w32,82,5e-06,0.5,0.002,58.43,66.63,-8.20,0,77.27,41.97,68.81,64.45,2025-08-18 15:51:35
resnet_d50_w64,82,5e-06,0.5,0.002,57.71,65.86,-8.15,0,39.85,78.76,68.85,62.87,2025-08-18 15:51:47
resnet_d34_w128,85,5e-06,0.5,0.002,58.40,66.26,-7.86,0,38.89,79.56,64.73,67.80,2025-08-18 15:52:30
resnet_d18_w128,49,5e-06,0.5,0.002,55.94,63.74,-7.80,0,45.03,70.09,73.85,53.63,2025-08-18 15:52:32
resnet_d34_w32,48,5e-06,0.5,0.002,58.07,65.94,-7.87,0,42.99,76.13,76.43,55.45,2025-08-18 15:53:01
resnet_d50_w128,13,5e-06,0.5,0.002,55.52,61.66,-6.14,0,72.97,41.69,52.95,70.38,2025-08-18 15:53:27
resnet_d18_w32,49,5e-06,0.5,0.002,57.64,65.01,-7.37,0,78.71,38.65,67.47,62.55,2025-08-18 15:54:46
resnet_d50_w32,83,5e-06,0.5,0.002,58.17,66.81,-8.64,0,78.10,39.59,73.20,60.41,2025-08-18 15:54:59
resnet_d50_w64,83,5e-06,0.5,0.002,57.84,65.58,-7.74,0,40.31,77.99,72.56,58.60,2025-08-18 15:55:10
resnet_d18_w64,49,5e-06,0.5,0.002,57.10,64.79,-7.69,0,84.84,31.10,78.01,51.57,2025-08-18 15:55:24
resnet_d34_w128,86,5e-06,0.5,0.002,58.45,66.61,-8.16,0,39.59,78.34,67.03,66.18,2025-08-18 15:55:48
resnet_d50_w128,14,5e-06,0.5,0.002,56.47,63.28,-6.80,0,74.84,40.63,66.22,60.33,2025-08-18 15:56:58
resnet_d18_w128,50,5e-06,0.5,0.002,56.01,63.36,-7.35,0,48.70,67.39,79.38,47.34,2025-08-18 15:58:18
resnet_d50_w32,84,5e-06,0.5,0.002,58.03,66.61,-8.58,0,76.62,41.87,70.14,63.08,2025-08-18 15:58:23
resnet_d50_w64,84,5e-06,0.5,0.002,57.86,66.04,-8.18,0,39.49,79.17,69.81,62.27,2025-08-18 15:58:33
resnet_d34_w32,49,5e-06,0.5,0.002,57.94,65.96,-8.02,0,43.71,74.99,77.36,54.56,2025-08-18 15:58:54
resnet_d34_w128,87,5e-06,0.5,0.002,58.41,66.42,-8.02,0,39.47,78.95,66.99,65.86,2025-08-18 15:59:07
resnet_d50_w128,15,5e-06,0.5,0.002,56.19,62.99,-6.80,0,72.63,42.46,57.63,68.36,2025-08-18 16:00:29
resnet_d18_w32,50,5e-06,0.5,0.002,56.94,64.93,-8.00,0,75.17,40.84,63.24,66.63,2025-08-18 16:00:35
resnet_d18_w64,50,5e-06,0.5,0.002,56.88,65.15,-8.27,0,84.67,31.20,75.75,54.56,2025-08-18 16:01:15
resnet_d50_w32,85,5e-06,0.5,0.002,58.45,66.67,-8.22,0,77.15,41.61,72.11,61.22,2025-08-18 16:01:46
resnet_d50_w64,85,5e-06,0.5,0.002,57.89,65.56,-7.66,0,39.32,78.75,67.88,63.24,2025-08-18 16:01:57
resnet_d34_w128,88,5e-06,0.5,0.002,58.82,66.34,-7.52,0,40.50,78.07,67.88,64.81,2025-08-18 16:02:25
resnet_d50_w128,16,5e-06,0.5,0.002,55.69,63.01,-7.33,0,72.22,43.74,54.92,71.11,2025-08-18 16:04:01
resnet_d18_w128,51,5e-06,0.5,0.002,55.88,63.90,-8.03,0,48.31,69.81,75.50,52.30,2025-08-18 16:04:05
resnet_d34_w32,50,5e-06,0.5,0.002,57.94,65.64,-7.69,0,44.62,74.76,75.87,55.41,2025-08-18 16:04:48
resnet_d50_w32,86,5e-06,0.5,0.002,58.07,66.73,-8.66,0,77.90,41.49,72.64,60.82,2025-08-18 16:05:10
resnet_d50_w64,86,5e-06,0.5,0.002,58.21,65.68,-7.47,0,38.74,78.80,70.90,60.45,2025-08-18 16:05:21
resnet_d34_w128,89,5e-06,0.5,0.002,57.86,66.06,-8.20,0,41.67,77.42,70.50,61.62,2025-08-18 16:05:43
resnet_d18_w32,51,5e-06,0.5,0.002,57.61,65.19,-7.58,0,75.72,41.12,63.40,66.99,2025-08-18 16:06:24
resnet_d18_w64,51,5e-06,0.5,0.002,56.69,63.88,-7.19,0,86.28,28.26,81.80,45.96,2025-08-18 16:07:05
resnet_d50_w128,17,5e-06,0.5,0.002,56.42,63.56,-7.14,0,71.94,43.98,58.11,69.01,2025-08-18 16:07:32
resnet_d50_w32,87,5e-06,0.5,0.002,58.19,66.99,-8.80,0,75.31,43.43,67.23,66.75,2025-08-18 16:08:34
resnet_d50_w64,87,5e-06,0.5,0.002,57.58,65.72,-8.14,0,38.67,79.02,69.37,62.07,2025-08-18 16:08:44
resnet_d34_w128,90,5e-06,0.5,0.002,58.53,66.18,-7.65,0,39.17,79.36,66.26,66.10,2025-08-18 16:09:00
resnet_d18_w128,52,5e-06,0.5,0.002,56.90,62.87,-5.97,0,48.63,66.86,79.42,46.33,2025-08-18 16:09:52
resnet_d34_w32,51,5e-06,0.5,0.002,57.78,66.04,-8.26,0,45.59,73.52,76.72,55.37,2025-08-18 16:10:43
resnet_d50_w128,18,5e-06,0.5,0.002,57.32,62.97,-5.65,0,71.62,42.78,52.14,73.81,2025-08-18 16:11:05
resnet_d50_w32,88,5e-06,0.5,0.002,58.06,66.73,-8.67,0,76.18,43.30,70.18,63.28,2025-08-18 16:12:00
resnet_d50_w64,88,5e-06,0.5,0.002,57.47,65.70,-8.23,0,38.77,79.17,69.61,61.78,2025-08-18 16:12:10
resnet_d18_w32,52,5e-06,0.5,0.002,57.16,64.75,-7.59,0,38.13,78.81,63.60,65.90,2025-08-18 16:12:15
resnet_d34_w128,91,5e-06,0.5,0.002,57.93,66.26,-8.33,0,39.38,79.40,67.64,64.89,2025-08-18 16:12:20
resnet_d18_w64,52,5e-06,0.5,0.002,56.79,63.96,-7.17,0,85.42,30.67,81.76,46.17,2025-08-18 16:12:57
resnet_d50_w128,19,5e-06,0.5,0.002,56.73,62.51,-5.78,0,39.23,76.56,49.76,75.26,2025-08-18 16:14:40
resnet_d50_w32,89,5e-06,0.5,0.002,58.11,66.99,-8.88,0,75.50,42.46,68.12,65.86,2025-08-18 16:15:29
resnet_d50_w64,89,5e-06,0.5,0.002,58.01,65.78,-7.77,0,38.08,80.20,67.15,64.41,2025-08-18 16:15:37
resnet_d18_w128,53,5e-06,0.5,0.002,56.72,63.60,-6.88,0,45.44,69.01,77.93,49.27,2025-08-18 16:15:42
resnet_d34_w128,92,5e-06,0.5,0.002,58.33,66.57,-8.23,0,39.96,77.72,67.59,65.54,2025-08-18 16:15:42
resnet_d34_w32,52,5e-06,0.5,0.002,58.17,66.08,-7.91,0,42.16,76.62,74.90,57.26,2025-08-18 16:16:39
resnet_d18_w32,53,5e-06,0.5,0.002,57.13,64.97,-7.84,0,75.43,42.20,62.71,67.23,2025-08-18 16:18:06
resnet_d50_w128,20,5e-06,0.5,0.002,57.34,62.23,-4.88,0,36.09,79.05,46.05,78.41,2025-08-18 16:18:13
resnet_d18_w64,53,5e-06,0.5,0.002,57.40,64.00,-6.60,0,84.27,31.02,80.47,47.54,2025-08-18 16:18:49
resnet_d50_w32,90,5e-06,0.5,0.002,58.13,66.69,-8.56,0,78.64,40.07,73.49,59.89,2025-08-18 16:18:55
resnet_d34_w128,93,5e-06,0.5,0.002,58.09,66.16,-8.07,0,39.10,79.87,66.71,65.62,2025-08-18 16:19:02
resnet_d50_w64,90,5e-06,0.5,0.002,58.20,65.92,-7.72,0,39.67,78.53,67.47,64.37,2025-08-18 16:19:03
resnet_d18_w128,54,5e-06,0.5,0.002,56.81,63.56,-6.75,0,47.32,69.04,76.72,50.40,2025-08-18 16:21:29
resnet_d50_w128,21,5e-06,0.5,0.002,56.80,63.20,-6.39,0,38.73,78.24,51.78,74.62,2025-08-18 16:21:44
resnet_d50_w32,91,5e-06,0.5,0.002,57.85,66.83,-8.98,0,75.98,42.88,69.85,63.80,2025-08-18 16:22:19
resnet_d34_w128,94,5e-06,0.5,0.002,58.99,66.32,-7.33,0,40.80,78.27,68.85,63.80,2025-08-18 16:22:20
resnet_d50_w64,91,5e-06,0.5,0.002,57.41,65.80,-8.39,0,39.53,78.27,70.82,60.77,2025-08-18 16:22:26
resnet_d34_w32,53,5e-06,0.5,0.002,58.25,65.70,-7.45,0,80.63,38.63,77.08,54.32,2025-08-18 16:22:34
resnet_d18_w32,54,5e-06,0.5,0.002,57.85,65.50,-7.64,0,38.51,78.00,67.96,63.03,2025-08-18 16:23:55
resnet_d18_w64,54,5e-06,0.5,0.002,56.66,63.16,-6.49,0,87.99,27.42,85.35,40.96,2025-08-18 16:24:40
resnet_d50_w128,22,5e-06,0.5,0.002,57.71,64.69,-6.98,0,39.00,77.75,68.93,60.45,2025-08-18 16:25:16
resnet_d34_w128,95,5e-06,0.5,0.002,58.10,66.36,-8.27,0,39.79,79.36,67.11,65.62,2025-08-18 16:25:38
resnet_d50_w32,92,5e-06,0.5,0.002,58.17,66.81,-8.64,0,78.57,39.79,73.04,60.57,2025-08-18 16:25:43
resnet_d50_w64,92,5e-06,0.5,0.002,58.14,65.36,-7.22,0,39.81,77.89,73.93,56.78,2025-08-18 16:25:49
resnet_d18_w128,55,5e-06,0.5,0.002,57.26,63.86,-6.60,0,47.75,68.73,76.63,51.09,2025-08-18 16:27:15
resnet_d34_w32,54,5e-06,0.5,0.002,57.98,66.51,-8.53,0,77.35,41.36,69.53,63.48,2025-08-18 16:28:28
resnet_d50_w128,23,5e-06,0.5,0.002,57.07,63.38,-6.31,0,34.60,81.15,48.39,78.37,2025-08-18 16:28:48
resnet_d34_w128,96,5e-06,0.5,0.002,58.34,66.08,-7.74,0,39.15,80.22,67.47,64.69,2025-08-18 16:28:56
resnet_d50_w32,93,5e-06,0.5,0.002,57.98,66.85,-8.87,0,79.15,39.85,73.12,60.57,2025-08-18 16:29:08
resnet_d50_w64,93,5e-06,0.5,0.002,57.65,65.58,-7.92,0,39.25,78.58,72.24,58.92,2025-08-18 16:29:13
resnet_d18_w32,55,5e-06,0.5,0.002,57.18,65.13,-7.96,0,76.20,40.81,68.48,61.78,2025-08-18 16:29:45
resnet_d18_w64,55,5e-06,0.5,0.002,56.62,63.56,-6.94,0,86.53,27.95,82.93,44.19,2025-08-18 16:30:31
resnet_d34_w128,97,5e-06,0.5,0.002,58.15,66.14,-7.99,0,39.64,78.60,68.68,63.60,2025-08-18 16:32:16
resnet_d50_w128,24,5e-06,0.5,0.002,57.11,64.81,-7.70,0,33.42,82.81,63.44,66.18,2025-08-18 16:32:20
resnet_d50_w32,94,5e-06,0.5,0.002,58.20,66.85,-8.65,0,77.83,40.64,70.78,62.91,2025-08-18 16:32:33
resnet_d50_w64,94,5e-06,0.5,0.002,57.71,65.80,-8.09,0,36.52,81.17,66.42,65.17,2025-08-18 16:32:37
resnet_d18_w128,56,5e-06,0.5,0.002,55.84,63.60,-7.76,0,47.41,68.17,77.12,50.08,2025-08-18 16:33:03
resnet_d34_w32,55,5e-06,0.5,0.002,58.33,66.95,-8.62,0,79.71,40.46,73.04,60.86,2025-08-18 16:34:23
resnet_d34_w128,98,5e-06,0.5,0.002,58.97,66.24,-7.27,0,39.26,80.03,66.26,66.22,2025-08-18 16:35:34
resnet_d18_w32,56,5e-06,0.5,0.002,57.91,64.73,-6.82,0,74.21,42.87,67.27,62.19,2025-08-18 16:35:34
resnet_d50_w128,25,5e-06,0.5,0.002,57.21,63.01,-5.81,0,37.33,79.73,45.68,80.35,2025-08-18 16:35:52
resnet_d50_w32,95,5e-06,0.5,0.002,57.97,66.61,-8.64,0,75.89,42.77,68.60,64.61,2025-08-18 16:35:57
resnet_d50_w64,95,5e-06,0.5,0.002,57.79,65.25,-7.47,0,36.68,80.82,63.72,66.79,2025-08-18 16:36:01
resnet_d18_w64,56,5e-06,0.5,0.002,57.14,63.62,-6.48,0,87.13,28.43,83.33,43.91,2025-08-18 16:36:22
resnet_d18_w128,57,5e-06,0.5,0.002,56.45,64.12,-7.68,0,44.81,71.03,75.06,53.19,2025-08-18 16:38:50
resnet_d34_w128,99,5e-06,0.5,0.002,58.41,66.32,-7.91,0,39.78,78.88,68.28,64.37,2025-08-18 16:38:53
resnet_d50_w32,96,5e-06,0.5,0.002,58.58,66.95,-8.37,0,76.94,42.20,71.07,62.83,2025-08-18 16:39:21
resnet_d50_w128,26,5e-06,0.5,0.002,57.06,64.55,-7.49,0,71.22,45.22,54.08,75.02,2025-08-18 16:39:23
resnet_d50_w64,96,5e-06,0.5,0.002,57.84,65.68,-7.84,0,39.43,78.84,70.38,60.98,2025-08-18 16:39:24
resnet_d34_w32,56,5e-06,0.5,0.002,58.29,67.07,-8.78,0,42.96,77.24,71.75,62.39,2025-08-18 16:40:18
resnet_d18_w32,57,5e-06,0.5,0.002,57.03,64.39,-7.35,0,75.61,42.43,60.90,67.88,2025-08-18 16:41:24
resnet_d34_w128,100,5e-06,0.5,0.002,58.73,66.16,-7.44,0,38.83,79.71,67.27,65.05,2025-08-18 16:42:11
resnet_d18_w64,57,5e-06,0.5,0.002,57.32,64.16,-6.85,0,85.47,30.25,79.90,48.43,2025-08-18 16:42:13
resnet_d50_w32,97,5e-06,0.5,0.002,58.07,66.77,-8.70,0,74.21,43.63,68.64,64.89,2025-08-18 16:42:46
resnet_d50_w64,97,5e-06,0.5,0.002,57.35,65.58,-8.22,0,38.58,79.69,69.90,61.26,2025-08-18 16:42:49
resnet_d50_w128,27,5e-06,0.5,0.002,56.96,64.55,-7.59,0,73.93,42.99,55.65,73.45,2025-08-18 16:42:55
resnet_d18_w128,58,5e-06,0.5,0.002,56.31,64.69,-8.38,0,44.03,72.10,72.56,56.82,2025-08-18 16:44:37
resnet_d34_w128,101,5e-06,0.5,0.002,58.67,66.26,-7.59,0,38.42,80.30,67.43,65.09,2025-08-18 16:45:29
resnet_d50_w32,98,5e-06,0.5,0.002,58.23,66.67,-8.43,0,76.48,41.26,68.97,64.37,2025-08-18 16:46:10
resnet_d50_w64,98,5e-06,0.5,0.002,57.74,65.92,-8.18,0,39.17,79.43,69.05,62.79,2025-08-18 16:46:12
resnet_d34_w32,57,5e-06,0.5,0.002,58.24,66.26,-8.03,0,77.24,41.66,59.44,73.08,2025-08-18 16:46:14
resnet_d50_w128,28,5e-06,0.5,0.002,57.08,62.01,-4.93,0,37.94,79.86,41.04,82.97,2025-08-18 16:46:26
resnet_d18_w32,58,5e-06,0.5,0.002,57.12,65.23,-8.12,0,79.28,38.63,67.72,62.75,2025-08-18 16:47:13
resnet_d18_w64,58,5e-06,0.5,0.002,56.61,64.61,-8.00,0,85.06,30.90,79.30,49.92,2025-08-18 16:48:04
resnet_d34_w128,102,5e-06,0.5,0.002,58.51,66.32,-7.81,0,39.86,79.35,69.13,63.52,2025-08-18 16:48:49
resnet_d50_w32,99,5e-06,0.5,0.002,57.62,66.55,-8.92,0,77.19,41.17,69.01,64.08,2025-08-18 16:49:35
resnet_d50_w64,99,5e-06,0.5,0.002,57.21,65.58,-8.36,0,39.43,78.81,70.02,61.14,2025-08-18 16:49:38
resnet_d50_w128,29,5e-06,0.5,0.002,57.25,65.36,-8.11,0,75.52,41.41,70.02,60.69,2025-08-18 16:49:59
resnet_d18_w128,59,5e-06,0.5,0.002,56.49,63.46,-6.97,0,48.33,68.11,78.81,48.10,2025-08-18 16:50:25
resnet_d34_w128,103,5e-06,0.5,0.002,59.02,66.22,-7.20,0,39.62,79.27,67.72,64.73,2025-08-18 16:52:08
resnet_d34_w32,58,5e-06,0.5,0.002,58.14,66.83,-8.69,0,75.81,43.62,70.46,63.20,2025-08-18 16:52:08
resnet_d50_w32,100,5e-06,0.5,0.002,58.31,66.79,-8.47,0,76.14,42.41,69.81,63.76,2025-08-18 16:53:00
resnet_d50_w64,100,5e-06,0.5,0.002,57.78,65.64,-7.85,0,41.54,76.95,73.41,57.87,2025-08-18 16:53:01
resnet_d18_w32,59,5e-06,0.5,0.002,57.76,65.38,-7.61,0,41.51,75.96,64.08,66.67,2025-08-18 16:53:04
resnet_d50_w128,30,5e-06,0.5,0.002,57.82,63.14,-5.32,0,39.36,78.24,44.92,81.36,2025-08-18 16:53:31
resnet_d18_w64,59,5e-06,0.5,0.002,57.00,64.33,-7.32,0,87.08,27.79,83.17,45.48,2025-08-18 16:53:55
resnet_d34_w128,104,5e-06,0.5,0.002,58.33,66.34,-8.02,0,39.96,78.74,68.28,64.41,2025-08-18 16:55:26
resnet_d18_w128,60,5e-06,0.5,0.002,56.10,63.03,-6.93,0,49.52,66.68,80.63,45.44,2025-08-18 16:56:12
resnet_d50_w64,101,5e-06,0.5,0.002,57.45,65.76,-8.31,0,38.93,79.52,67.92,63.60,2025-08-18 16:56:25
resnet_d50_w32,101,5e-06,0.5,0.002,58.07,66.81,-8.74,0,77.40,40.83,70.90,62.71,2025-08-18 16:56:26
resnet_d50_w128,31,5e-06,0.5,0.002,57.66,65.44,-7.78,0,74.55,42.56,72.48,58.39,2025-08-18 16:57:03
resnet_d34_w32,59,5e-06,0.5,0.002,57.73,66.69,-8.96,0,42.81,77.40,74.62,58.76,2025-08-18 16:58:04
resnet_d34_w128,105,5e-06,0.5,0.002,58.28,66.28,-8.00,0,39.03,79.50,68.56,64.00,2025-08-18 16:58:45
resnet_d18_w32,60,5e-06,0.5,0.002,56.85,65.27,-8.43,0,76.14,40.67,61.99,68.56,2025-08-18 16:58:53
resnet_d18_w64,60,5e-06,0.5,0.002,57.01,64.71,-7.70,0,85.19,31.23,78.69,50.73,2025-08-18 16:59:45
resnet_d50_w64,102,5e-06,0.5,0.002,57.96,65.72,-7.76,0,40.04,78.27,73.37,58.07,2025-08-18 16:59:49
resnet_d50_w32,102,5e-06,0.5,0.002,58.17,66.73,-8.56,0,76.24,42.29,70.58,62.87,2025-08-18 16:59:50
resnet_d50_w128,32,5e-06,0.5,0.002,57.83,65.66,-7.83,0,75.46,41.52,75.14,56.17,2025-08-18 17:00:35
resnet_d18_w128,61,5e-06,0.5,0.002,56.61,63.32,-6.70,0,48.87,67.74,78.85,47.78,2025-08-18 17:01:59
resnet_d34_w128,106,5e-06,0.5,0.002,58.36,66.32,-7.97,0,39.66,79.47,67.03,65.62,2025-08-18 17:02:04
resnet_d50_w64,103,5e-06,0.5,0.002,57.67,65.66,-7.99,0,38.87,79.03,71.31,60.01,2025-08-18 17:03:14
resnet_d50_w32,103,5e-06,0.5,0.002,58.13,66.81,-8.68,0,77.44,40.41,73.33,60.29,2025-08-18 17:03:15
resnet_d34_w32,60,5e-06,0.5,0.002,58.44,66.26,-7.82,0,78.30,40.51,77.36,55.17,2025-08-18 17:03:59
resnet_d50_w128,33,5e-06,0.5,0.002,57.76,65.19,-7.44,0,73.39,43.59,58.51,71.87,2025-08-18 17:04:09
resnet_d18_w32,61,5e-06,0.5,0.002,57.21,65.78,-8.57,0,79.46,38.44,64.53,67.03,2025-08-18 17:04:45
resnet_d34_w128,107,5e-06,0.5,0.002,58.86,66.18,-7.32,0,40.15,79.56,68.36,64.00,2025-08-18 17:05:27
resnet_d18_w64,61,5e-06,0.5,0.002,56.89,63.84,-6.96,0,86.78,29.43,81.36,46.33,2025-08-18 17:05:38
resnet_d50_w64,104,5e-06,0.5,0.002,57.74,65.70,-7.96,0,38.02,80.42,66.91,64.49,2025-08-18 17:06:43
resnet_d50_w32,104,5e-06,0.5,0.002,57.92,66.79,-8.86,0,78.05,40.91,71.55,62.03,2025-08-18 17:06:44
resnet_d50_w128,34,5e-06,0.5,0.002,58.02,65.80,-7.78,0,78.19,39.84,70.90,60.69,2025-08-18 17:07:45
resnet_d18_w128,62,5e-06,0.5,0.002,56.37,64.39,-8.02,0,43.09,72.70,74.17,54.60,2025-08-18 17:07:49
resnet_d34_w128,108,5e-06,0.5,0.002,57.82,66.42,-8.61,0,38.82,79.99,67.31,65.54,2025-08-18 17:08:49
resnet_d34_w32,61,5e-06,0.5,0.002,58.30,66.83,-8.53,0,78.18,41.54,69.41,64.25,2025-08-18 17:09:56
resnet_d50_w64,105,5e-06,0.5,0.002,57.99,66.02,-8.04,0,38.98,79.25,67.92,64.12,2025-08-18 17:10:12
resnet_d50_w32,105,5e-06,0.5,0.002,58.18,66.85,-8.67,0,75.30,43.09,68.85,64.85,2025-08-18 17:10:12
resnet_d18_w32,62,5e-06,0.5,0.002,57.74,65.76,-8.02,0,77.25,40.39,66.18,65.33,2025-08-18 17:10:37
resnet_d50_w128,35,5e-06,0.5,0.002,58.18,66.34,-8.17,0,75.62,41.90,71.03,61.66,2025-08-18 17:11:22
resnet_d18_w64,62,5e-06,0.5,0.002,56.96,63.96,-7.00,0,86.49,28.92,82.36,45.56,2025-08-18 17:11:32
resnet_d34_w128,109,5e-06,0.5,0.002,58.75,66.36,-7.61,0,38.24,80.85,66.42,66.30,2025-08-18 17:12:12
resnet_d18_w128,63,5e-06,0.5,0.002,56.53,64.71,-8.18,0,43.57,72.51,72.88,56.54,2025-08-18 17:13:38
resnet_d50_w64,106,5e-06,0.5,0.002,57.73,65.82,-8.09,0,37.75,80.54,66.87,64.77,2025-08-18 17:13:39
resnet_d50_w32,106,5e-06,0.5,0.002,58.25,66.65,-8.39,0,78.40,40.88,72.84,60.45,2025-08-18 17:13:40
resnet_d50_w128,36,5e-06,0.5,0.002,58.13,65.38,-7.24,0,73.48,44.62,64.73,66.02,2025-08-18 17:14:58
resnet_d34_w128,110,5e-06,0.5,0.002,58.62,66.24,-7.62,0,38.85,80.38,66.71,65.78,2025-08-18 17:15:33
resnet_d34_w32,62,5e-06,0.5,0.002,57.94,67.01,-9.06,0,78.89,41.26,67.31,66.71,2025-08-18 17:15:53
resnet_d18_w32,63,5e-06,0.5,0.002,57.71,65.38,-7.67,0,73.21,44.27,62.35,68.40,2025-08-18 17:16:29
resnet_d50_w64,107,5e-06,0.5,0.002,58.30,65.84,-7.54,0,37.67,79.51,69.13,62.55,2025-08-18 17:17:05
resnet_d50_w32,107,5e-06,0.5,0.002,58.52,66.99,-8.47,0,77.75,40.59,73.12,60.86,2025-08-18 17:17:07
resnet_d18_w64,63,5e-06,0.5,0.002,57.08,64.75,-7.67,0,85.10,31.29,78.93,50.56,2025-08-18 17:17:24
resnet_d50_w128,37,5e-06,0.5,0.002,58.30,65.78,-7.48,0,74.51,43.30,64.61,66.95,2025-08-18 17:18:32
resnet_d34_w128,111,5e-06,0.5,0.002,58.29,66.30,-8.02,0,38.87,79.05,66.95,65.66,2025-08-18 17:18:54
resnet_d18_w128,64,5e-06,0.5,0.002,56.52,64.49,-7.97,0,44.94,71.48,74.90,54.08,2025-08-18 17:19:27
resnet_d50_w64,108,5e-06,0.5,0.002,57.68,66.00,-8.32,0,37.99,79.87,66.63,65.38,2025-08-18 17:20:31
resnet_d50_w32,108,5e-06,0.5,0.002,57.77,66.85,-9.08,0,77.74,40.89,71.23,62.47,2025-08-18 17:20:34
resnet_d34_w32,63,5e-06,0.5,0.002,58.90,66.97,-8.07,0,78.44,42.08,70.30,63.64,2025-08-18 17:21:49
resnet_d50_w128,38,5e-06,0.5,0.002,58.92,66.18,-7.26,0,36.49,81.54,70.18,62.19,2025-08-18 17:22:04
resnet_d34_w128,112,5e-06,0.5,0.002,58.39,66.30,-7.91,0,38.40,79.79,66.18,66.42,2025-08-18 17:22:13
resnet_d18_w32,64,5e-06,0.5,0.002,57.94,65.62,-7.67,0,38.65,79.16,60.65,70.58,2025-08-18 17:22:19
resnet_d18_w64,64,5e-06,0.5,0.002,56.92,64.23,-7.30,0,84.74,30.59,79.82,48.63,2025-08-18 17:23:16
resnet_d50_w64,109,5e-06,0.5,0.002,58.20,65.78,-7.58,0,40.86,77.66,70.70,60.86,2025-08-18 17:23:56
resnet_d50_w32,109,5e-06,0.5,0.002,58.55,66.79,-8.24,0,77.01,40.90,70.54,63.03,2025-08-18 17:23:58
resnet_d18_w128,65,5e-06,0.5,0.002,56.79,63.22,-6.42,0,48.94,67.81,80.19,46.25,2025-08-18 17:25:15
resnet_d34_w128,113,5e-06,0.5,0.002,58.83,66.18,-7.35,0,40.47,77.90,69.65,62.71,2025-08-18 17:25:31
resnet_d50_w128,39,5e-06,0.5,0.002,58.39,65.25,-6.86,0,70.94,45.11,56.66,73.85,2025-08-18 17:25:35
resnet_d50_w64,110,5e-06,0.5,0.002,57.52,65.72,-8.20,0,40.97,78.18,71.07,60.37,2025-08-18 17:27:20
resnet_d50_w32,110,5e-06,0.5,0.002,58.42,66.63,-8.21,0,76.30,42.69,71.03,62.23,2025-08-18 17:27:22
resnet_d34_w32,64,5e-06,0.5,0.002,58.35,66.69,-8.33,0,77.74,42.53,69.57,63.80,2025-08-18 17:27:44
resnet_d18_w32,65,5e-06,0.5,0.002,58.00,65.48,-7.48,0,74.01,43.33,59.52,71.43,2025-08-18 17:28:09
resnet_d34_w128,114,5e-06,0.5,0.002,58.91,66.46,-7.56,0,40.39,79.08,66.83,66.10,2025-08-18 17:28:50
resnet_d18_w64,65,5e-06,0.5,0.002,57.48,64.59,-7.11,0,85.96,29.99,78.57,50.61,2025-08-18 17:29:07
resnet_d50_w128,40,5e-06,0.5,0.002,58.42,65.84,-7.42,0,38.21,80.50,61.10,70.58,2025-08-18 17:29:07
resnet_d50_w64,111,5e-06,0.5,0.002,57.61,65.58,-7.97,0,40.04,78.92,71.79,59.36,2025-08-18 17:30:46
resnet_d50_w32,111,5e-06,0.5,0.002,58.17,66.83,-8.66,0,77.62,40.79,71.99,61.66,2025-08-18 17:30:48
resnet_d18_w128,66,5e-06,0.5,0.002,57.17,63.54,-6.37,0,47.03,68.41,77.60,49.48,2025-08-18 17:31:03
resnet_d34_w128,115,5e-06,0.5,0.002,58.27,66.14,-7.87,0,39.19,79.51,66.67,65.62,2025-08-18 17:32:11
resnet_d50_w128,41,5e-06,0.5,0.002,58.42,66.69,-8.27,0,72.51,44.93,71.03,62.35,2025-08-18 17:32:40
resnet_d34_w32,65,5e-06,0.5,0.002,58.81,66.87,-8.06,0,78.90,40.70,70.30,63.44,2025-08-18 17:33:41
resnet_d18_w32,66,5e-06,0.5,0.002,57.43,65.82,-8.39,0,76.97,40.04,68.93,62.71,2025-08-18 17:34:00
resnet_d50_w64,112,5e-06,0.5,0.002,57.58,66.18,-8.60,0,38.70,79.24,67.59,64.77,2025-08-18 17:34:09
resnet_d50_w32,112,5e-06,0.5,0.002,57.59,66.73,-9.14,0,76.44,42.32,71.51,61.95,2025-08-18 17:34:11
resnet_d18_w64,66,5e-06,0.5,0.002,57.20,64.75,-7.55,0,84.10,31.93,78.49,51.01,2025-08-18 17:34:59
resnet_d34_w128,116,5e-06,0.5,0.002,58.78,65.82,-7.04,0,41.14,77.97,71.67,59.97,2025-08-18 17:35:29
resnet_d50_w128,42,5e-06,0.5,0.002,58.30,66.57,-8.27,0,75.88,43.08,70.62,62.51,2025-08-18 17:36:13
resnet_d18_w128,67,5e-06,0.5,0.002,56.29,64.23,-7.93,0,45.50,70.99,75.91,52.54,2025-08-18 17:36:50
resnet_d50_w64,113,5e-06,0.5,0.002,58.23,65.84,-7.61,0,39.00,79.30,69.81,61.86,2025-08-18 17:37:33
resnet_d50_w32,113,5e-06,0.5,0.002,57.92,66.63,-8.71,0,75.96,42.38,68.56,64.69,2025-08-18 17:37:35
resnet_d34_w128,117,5e-06,0.5,0.002,58.79,66.40,-7.62,0,40.96,78.85,69.33,63.48,2025-08-18 17:38:47
resnet_d34_w32,66,5e-06,0.5,0.002,58.66,67.09,-8.43,0,47.45,73.36,73.61,60.57,2025-08-18 17:39:35
resnet_d50_w128,43,5e-06,0.5,0.002,58.33,66.30,-7.98,0,73.70,44.97,75.71,56.90,2025-08-18 17:39:46
resnet_d18_w32,67,5e-06,0.5,0.002,57.45,65.96,-8.51,0,76.73,41.86,70.22,61.70,2025-08-18 17:39:50
resnet_d18_w64,67,5e-06,0.5,0.002,56.75,64.53,-7.77,0,85.63,30.35,79.26,49.80,2025-08-18 17:40:50
resnet_d50_w64,114,5e-06,0.5,0.002,58.27,65.52,-7.24,0,40.03,78.71,72.48,58.56,2025-08-18 17:40:57
resnet_d50_w32,114,5e-06,0.5,0.002,58.28,66.79,-8.51,0,74.62,42.27,69.33,64.25,2025-08-18 17:40:58
resnet_d34_w128,118,5e-06,0.5,0.002,58.78,66.49,-7.71,0,39.50,79.34,67.27,65.70,2025-08-18 17:42:06
resnet_d18_w128,68,5e-06,0.5,0.002,57.22,64.16,-6.95,0,46.52,70.08,76.51,51.82,2025-08-18 17:42:38
resnet_d50_w128,44,5e-06,0.5,0.002,58.15,66.81,-8.66,0,42.62,76.99,67.64,65.98,2025-08-18 17:43:18
resnet_d50_w64,115,5e-06,0.5,0.002,57.86,65.80,-7.93,0,40.36,78.26,69.05,62.55,2025-08-18 17:44:21
resnet_d50_w32,115,5e-06,0.5,0.002,57.92,66.73,-8.81,0,77.35,41.36,72.92,60.53,2025-08-18 17:44:22
resnet_d34_w128,119,5e-06,0.5,0.002,57.84,65.98,-8.14,0,42.16,77.43,71.15,60.82,2025-08-18 17:45:25
resnet_d34_w32,67,5e-06,0.5,0.002,58.47,67.19,-8.72,0,78.84,40.13,72.72,61.66,2025-08-18 17:45:31
resnet_d18_w32,68,5e-06,0.5,0.002,57.39,65.68,-8.29,0,41.01,77.18,65.82,65.54,2025-08-18 17:45:40
resnet_d18_w64,68,5e-06,0.5,0.002,57.88,64.59,-6.70,0,84.75,31.55,79.10,50.08,2025-08-18 17:46:41
resnet_d50_w128,45,5e-06,0.5,0.002,59.44,66.34,-6.91,0,43.84,76.38,73.24,59.44,2025-08-18 17:46:51
resnet_d50_w64,116,5e-06,0.5,0.002,57.84,65.82,-7.98,0,38.70,79.17,63.88,67.76,2025-08-18 17:47:44
resnet_d50_w32,116,5e-06,0.5,0.002,58.27,66.85,-8.58,0,77.68,41.86,71.67,62.03,2025-08-18 17:47:46
resnet_d18_w128,69,5e-06,0.5,0.002,56.46,63.01,-6.56,0,47.59,68.98,78.77,47.26,2025-08-18 17:48:24
resnet_d34_w128,120,5e-06,0.5,0.002,58.60,66.30,-7.70,0,38.81,79.65,66.75,65.86,2025-08-18 17:48:44
resnet_d50_w128,46,5e-06,0.5,0.002,58.76,65.98,-7.22,0,77.82,41.16,78.01,53.95,2025-08-18 17:50:23
resnet_d50_w64,117,5e-06,0.5,0.002,57.75,65.60,-7.85,0,37.98,79.53,68.32,62.87,2025-08-18 17:51:08
resnet_d50_w32,117,5e-06,0.5,0.002,58.63,66.93,-8.30,0,78.88,40.56,72.40,61.46,2025-08-18 17:51:10
resnet_d34_w32,68,5e-06,0.5,0.002,58.56,66.46,-7.90,0,79.60,40.77,76.15,56.78,2025-08-18 17:51:26
resnet_d18_w32,69,5e-06,0.5,0.002,57.55,65.60,-8.05,0,77.28,41.24,62.27,68.93,2025-08-18 17:51:31
resnet_d34_w128,121,5e-06,0.5,0.002,58.08,66.28,-8.21,0,39.04,80.96,65.90,66.67,2025-08-18 17:51:59
resnet_d18_w64,69,5e-06,0.5,0.002,57.44,64.27,-6.83,0,86.32,29.20,81.19,47.34,2025-08-18 17:52:32
resnet_d50_w128,47,5e-06,0.5,0.002,58.30,66.77,-8.47,0,75.35,43.63,72.80,60.73,2025-08-18 17:53:40
resnet_d18_w128,70,5e-06,0.5,0.002,56.87,63.18,-6.31,0,47.91,67.41,79.90,46.45,2025-08-18 17:54:12
resnet_d50_w64,118,5e-06,0.5,0.002,57.84,66.16,-8.32,0,38.92,79.41,68.00,64.33,2025-08-18 17:54:14
resnet_d34_w128,122,5e-06,0.5,0.002,59.12,66.34,-7.23,0,39.60,79.58,68.28,64.41,2025-08-18 17:55:00
resnet_d50_w128,48,5e-06,0.5,0.002,58.53,66.81,-8.28,0,76.75,42.98,69.85,63.76,2025-08-18 17:56:53
resnet_d50_w64,119,5e-06,0.5,0.002,57.64,65.86,-8.22,0,40.47,77.38,74.29,57.43,2025-08-18 17:57:20
resnet_d18_w32,70,5e-06,0.5,0.002,57.81,65.52,-7.71,0,75.75,43.07,63.64,67.39,2025-08-18 17:57:21
resnet_d34_w32,69,5e-06,0.5,0.002,59.12,66.77,-7.65,0,79.82,41.12,74.98,58.56,2025-08-18 17:57:21
resnet_d34_w128,123,5e-06,0.5,0.002,58.69,66.38,-7.70,0,39.29,80.53,66.34,66.42,2025-08-18 17:58:01
resnet_d18_w64,70,5e-06,0.5,0.002,57.33,64.45,-7.12,0,85.13,30.02,80.39,48.51,2025-08-18 17:58:22
resnet_d18_w128,71,5e-06,0.5,0.002,56.75,63.44,-6.68,0,49.56,67.50,79.46,47.42,2025-08-18 17:59:58
resnet_d50_w128,49,5e-06,0.5,0.002,58.51,66.91,-8.39,0,74.27,44.98,69.69,64.12,2025-08-18 18:00:05
resnet_d50_w64,120,5e-06,0.5,0.002,57.76,65.64,-7.87,0,38.43,79.23,69.49,61.78,2025-08-18 18:00:25
resnet_d34_w128,124,5e-06,0.5,0.002,59.20,65.98,-6.78,0,39.13,79.03,68.48,63.48,2025-08-18 18:01:02
resnet_d18_w32,71,5e-06,0.5,0.002,57.51,65.64,-8.13,0,42.23,76.63,67.35,63.92,2025-08-18 18:03:11
resnet_d34_w32,70,5e-06,0.5,0.002,58.78,66.57,-7.78,0,81.28,39.49,76.84,56.30,2025-08-18 18:03:15
resnet_d50_w128,50,5e-06,0.5,0.002,58.51,66.83,-8.31,0,76.82,42.00,68.64,65.01,2025-08-18 18:03:18
resnet_d50_w64,121,5e-06,0.5,0.002,58.70,66.28,-7.58,0,37.27,80.12,67.68,64.89,2025-08-18 18:03:31
resnet_d34_w128,125,5e-06,0.5,0.002,58.11,66.24,-8.14,0,40.15,79.02,67.59,64.89,2025-08-18 18:04:03
resnet_d18_w64,71,5e-06,0.5,0.002,56.72,64.06,-7.34,0,87.23,28.85,80.67,47.46,2025-08-18 18:04:13
resnet_d18_w128,72,5e-06,0.5,0.002,56.50,64.08,-7.58,0,45.40,71.13,75.38,52.78,2025-08-18 18:05:46
resnet_d50_w128,51,5e-06,0.5,0.002,58.84,67.43,-8.59,0,39.30,79.25,67.15,67.72,2025-08-18 18:06:30
resnet_d50_w64,122,5e-06,0.5,0.002,58.20,65.46,-7.26,0,39.44,78.76,74.29,56.62,2025-08-18 18:06:37
resnet_d34_w128,126,5e-06,0.5,0.002,58.65,66.26,-7.61,0,38.70,79.77,67.84,64.69,2025-08-18 18:07:05
resnet_d18_w32,72,5e-06,0.5,0.002,57.99,65.38,-7.39,0,77.09,40.26,61.42,69.33,2025-08-18 18:09:01
resnet_d34_w32,71,5e-06,0.5,0.002,58.44,66.67,-8.22,0,79.37,40.96,74.29,59.04,2025-08-18 18:09:10
resnet_d50_w128,52,5e-06,0.5,0.002,59.19,68.00,-8.81,0,39.23,80.16,71.19,64.81,2025-08-18 18:09:43
resnet_d50_w64,123,5e-06,0.5,0.002,57.56,65.66,-8.10,0,40.84,77.35,71.55,59.77,2025-08-18 18:09:43
resnet_d18_w64,72,5e-06,0.5,0.002,57.26,64.87,-7.61,0,84.24,31.97,78.13,51.61,2025-08-18 18:10:05
resnet_d34_w128,127,5e-06,0.5,0.002,58.48,66.24,-7.76,0,40.75,78.57,68.93,63.56,2025-08-18 18:10:06
resnet_d18_w128,73,5e-06,0.5,0.002,56.63,63.36,-6.72,0,47.53,68.16,78.69,48.02,2025-08-18 18:11:33
resnet_d50_w64,124,5e-06,0.5,0.002,57.77,65.98,-8.21,0,38.33,80.39,68.60,63.36,2025-08-18 18:12:50
resnet_d50_w128,53,5e-06,0.5,0.002,59.13,66.30,-7.18,0,72.13,46.34,57.38,75.22,2025-08-18 18:12:55
resnet_d34_w128,128,5e-06,0.5,0.002,58.41,66.22,-7.81,0,39.90,79.13,68.85,63.60,2025-08-18 18:13:07
resnet_d18_w32,73,5e-06,0.5,0.002,57.64,65.54,-7.90,0,40.80,78.14,66.91,64.16,2025-08-18 18:14:51
resnet_d34_w32,72,5e-06,0.5,0.002,58.76,67.07,-8.31,0,44.61,76.60,69.05,65.09,2025-08-18 18:15:05
resnet_d50_w64,125,5e-06,0.5,0.002,58.50,65.74,-7.24,0,40.23,77.93,72.80,58.68,2025-08-18 18:15:56
resnet_d18_w64,73,5e-06,0.5,0.002,57.32,64.06,-6.74,0,86.73,28.95,82.53,45.60,2025-08-18 18:15:56
resnet_d50_w128,54,5e-06,0.5,0.002,59.51,68.30,-8.79,0,39.22,80.44,67.92,68.68,2025-08-18 18:16:07
resnet_d34_w128,129,5e-06,0.5,0.002,58.09,66.14,-8.06,0,40.28,78.89,67.55,64.73,2025-08-18 18:16:08
resnet_d18_w128,74,5e-06,0.5,0.002,57.27,63.46,-6.18,0,46.49,68.50,77.60,49.31,2025-08-18 18:17:20
resnet_d50_w64,126,5e-06,0.5,0.002,57.85,65.98,-8.13,0,37.23,80.58,66.10,65.86,2025-08-18 18:19:03
resnet_d34_w128,130,5e-06,0.5,0.002,58.30,66.12,-7.82,0,40.59,79.01,68.89,63.36,2025-08-18 18:19:09
resnet_d50_w128,55,5e-06,0.5,0.002,59.52,67.55,-8.03,0,75.15,43.51,62.67,72.44,2025-08-18 18:19:20
resnet_d18_w32,74,5e-06,0.5,0.002,57.62,66.04,-8.42,0,78.39,39.12,69.41,62.67,2025-08-18 18:20:36
resnet_d34_w32,73,5e-06,0.5,0.002,59.24,66.95,-7.71,0,80.73,39.84,72.60,61.30,2025-08-18 18:20:55
resnet_d18_w64,74,5e-06,0.5,0.002,57.16,64.57,-7.41,0,85.44,31.62,79.34,49.80,2025-08-18 18:21:40
resnet_d50_w64,127,5e-06,0.5,0.002,58.04,65.52,-7.48,0,40.06,78.12,72.20,58.84,2025-08-18 18:22:10
resnet_d34_w128,131,5e-06,0.5,0.002,58.49,66.00,-7.51,0,41.14,77.74,70.26,61.74,2025-08-18 18:22:11
resnet_d50_w128,56,5e-06,0.5,0.002,59.33,68.16,-8.83,0,38.42,80.84,68.68,67.64,2025-08-18 18:22:32
resnet_d34_w128,132,5e-06,0.5,0.002,58.37,66.22,-7.85,0,40.59,79.12,69.25,63.20,2025-08-18 18:25:13
resnet_d50_w64,128,5e-06,0.5,0.002,57.46,65.58,-8.12,0,39.65,78.36,70.58,60.57,2025-08-18 18:25:15
resnet_d50_w128,57,5e-06,0.5,0.002,59.37,67.82,-8.44,0,74.65,43.88,71.83,63.80,2025-08-18 18:25:45
resnet_d18_w32,75,5e-06,0.5,0.002,58.31,65.33,-7.03,0,77.00,40.91,66.55,64.12,2025-08-18 18:26:17
resnet_d34_w32,74,5e-06,0.5,0.002,58.45,66.85,-8.40,0,81.39,39.30,72.92,60.77,2025-08-18 18:26:41
resnet_d18_w64,75,5e-06,0.5,0.002,57.51,64.71,-7.20,0,84.08,31.60,78.81,50.61,2025-08-18 18:27:22
resnet_d34_w128,133,5e-06,0.5,0.002,58.48,66.00,-7.52,0,39.91,78.39,68.68,63.32,2025-08-18 18:28:14
resnet_d50_w64,129,5e-06,0.5,0.002,57.41,65.88,-8.47,0,38.37,79.84,67.11,64.65,2025-08-18 18:28:21
resnet_d50_w128,58,5e-06,0.5,0.002,59.44,67.68,-8.23,0,72.30,45.96,75.67,59.69,2025-08-18 18:28:57
resnet_d34_w128,134,5e-06,0.5,0.002,58.83,66.04,-7.21,0,39.26,79.05,67.72,64.37,2025-08-18 18:31:17
resnet_d50_w64,130,5e-06,0.5,0.002,58.09,65.52,-7.43,0,40.77,77.96,72.07,58.96,2025-08-18 18:31:28
resnet_d18_w32,76,5e-06,0.5,0.002,57.51,65.56,-8.05,0,40.50,78.82,64.65,66.46,2025-08-18 18:32:00
resnet_d50_w128,59,5e-06,0.5,0.002,59.85,67.98,-8.13,0,75.31,43.69,67.27,68.68,2025-08-18 18:32:10
resnet_d34_w32,75,5e-06,0.5,0.002,58.95,66.87,-7.92,0,81.86,38.60,74.05,59.69,2025-08-18 18:32:28
resnet_d18_w64,76,5e-06,0.5,0.002,57.16,64.93,-7.77,0,82.86,33.22,77.20,52.66,2025-08-18 18:33:05
resnet_d34_w128,135,5e-06,0.5,0.002,58.01,66.14,-8.14,0,40.95,78.27,69.29,62.99,2025-08-18 18:34:18
resnet_d50_w64,131,5e-06,0.5,0.002,57.97,66.02,-8.06,0,37.84,79.48,68.24,63.80,2025-08-18 18:34:34
resnet_d50_w128,60,5e-06,0.5,0.002,59.28,67.49,-8.21,0,40.97,79.28,73.04,61.95,2025-08-18 18:35:23
resnet_d34_w128,136,5e-06,0.5,0.002,58.50,65.80,-7.30,0,41.08,77.53,70.66,60.94,2025-08-18 18:37:20
resnet_d50_w64,132,5e-06,0.5,0.002,57.67,66.36,-8.69,0,38.18,79.78,66.75,65.98,2025-08-18 18:37:40
resnet_d18_w32,77,5e-06,0.5,0.002,57.91,65.88,-7.97,0,76.06,42.10,66.55,65.21,2025-08-18 18:37:41
resnet_d34_w32,76,5e-06,0.5,0.002,59.28,66.93,-7.65,0,44.13,78.08,70.70,63.16,2025-08-18 18:38:14
resnet_d50_w128,61,5e-06,0.5,0.002,59.14,68.32,-9.19,0,75.31,43.88,70.06,66.59,2025-08-18 18:38:35
resnet_d18_w64,77,5e-06,0.5,0.002,57.03,64.69,-7.66,0,84.37,30.94,79.50,49.88,2025-08-18 18:38:47
resnet_d34_w128,137,5e-06,0.5,0.002,58.86,65.96,-7.10,0,38.52,80.61,66.14,65.78,2025-08-18 18:40:21
resnet_d50_w64,133,5e-06,0.5,0.002,58.20,65.78,-7.58,0,39.54,78.00,71.07,60.49,2025-08-18 18:40:46
resnet_d50_w128,62,5e-06,0.5,0.002,59.25,68.20,-8.95,0,73.38,45.29,72.60,63.80,2025-08-18 18:41:47
resnet_d18_w32,78,5e-06,0.5,0.002,57.33,65.86,-8.53,0,76.16,42.21,66.46,65.25,2025-08-18 18:43:21
resnet_d34_w128,138,5e-06,0.5,0.002,58.67,65.98,-7.31,0,40.87,78.51,68.85,63.12,2025-08-18 18:43:22
resnet_d50_w64,134,5e-06,0.5,0.002,58.39,66.20,-7.81,0,40.13,79.14,65.42,66.99,2025-08-18 18:43:52
resnet_d34_w32,77,5e-06,0.5,0.002,59.33,66.71,-7.37,0,80.71,39.65,72.40,61.02,2025-08-18 18:44:00
resnet_d18_w64,78,5e-06,0.5,0.002,57.18,64.77,-7.59,0,84.57,31.43,79.10,50.44,2025-08-18 18:44:29
resnet_d50_w128,63,5e-06,0.5,0.002,59.67,67.96,-8.29,0,76.35,43.72,73.61,62.31,2025-08-18 18:45:00
resnet_d34_w128,139,5e-06,0.5,0.002,58.14,66.34,-8.21,0,38.24,79.81,67.15,65.54,2025-08-18 18:46:24
resnet_d50_w64,135,5e-06,0.5,0.002,58.16,65.56,-7.40,0,39.91,78.64,71.15,59.97,2025-08-18 18:46:58
resnet_d50_w128,64,5e-06,0.5,0.002,59.89,68.32,-8.43,0,76.24,44.92,78.81,57.83,2025-08-18 18:48:13
resnet_d18_w32,79,5e-06,0.5,0.002,57.62,65.88,-8.26,0,77.24,41.60,68.52,63.24,2025-08-18 18:49:03
resnet_d34_w128,140,5e-06,0.5,0.002,58.82,66.22,-7.40,0,40.46,78.63,69.17,63.28,2025-08-18 18:49:25
resnet_d34_w32,78,5e-06,0.5,0.002,58.65,67.01,-8.36,0,44.39,76.21,70.42,63.60,2025-08-18 18:49:45
resnet_d50_w64,136,5e-06,0.5,0.002,57.95,65.44,-7.49,0,39.95,77.82,71.95,58.92,2025-08-18 18:50:05
resnet_d18_w64,79,5e-06,0.5,0.002,57.25,64.37,-7.11,0,85.77,28.92,80.43,48.31,2025-08-18 18:50:12
resnet_d50_w128,65,5e-06,0.5,0.002,59.35,68.08,-8.73,0,75.44,44.98,65.98,70.18,2025-08-18 18:51:26
resnet_d34_w128,141,5e-06,0.5,0.002,58.97,66.02,-7.05,0,39.25,79.54,68.93,63.12,2025-08-18 18:52:26
resnet_d50_w64,137,5e-06,0.5,0.002,57.84,65.66,-7.82,0,39.29,78.65,70.26,61.06,2025-08-18 18:53:10
resnet_d50_w128,66,5e-06,0.5,0.002,59.08,67.23,-8.15,0,75.12,44.66,60.57,73.89,2025-08-18 18:54:38
resnet_d18_w32,80,5e-06,0.5,0.002,57.83,65.88,-8.05,0,42.52,75.97,68.00,63.76,2025-08-18 18:54:45
resnet_d34_w128,142,5e-06,0.5,0.002,58.34,65.84,-7.50,0,40.49,78.01,69.73,61.95,2025-08-18 18:55:27
resnet_d34_w32,79,5e-06,0.5,0.002,59.65,67.03,-7.38,0,43.04,77.50,69.61,64.45,2025-08-18 18:55:32
resnet_d18_w64,80,5e-06,0.5,0.002,57.16,64.27,-7.10,0,86.54,29.25,81.76,46.77,2025-08-18 18:55:54
resnet_d50_w64,138,5e-06,0.5,0.002,57.67,65.88,-8.21,0,40.16,78.10,72.32,59.44,2025-08-18 18:56:16
resnet_d50_w128,67,5e-06,0.5,0.002,59.59,68.60,-9.01,0,75.13,44.95,69.01,68.20,2025-08-18 18:57:49
resnet_d34_w128,143,5e-06,0.5,0.002,58.37,66.10,-7.73,0,39.49,79.30,67.35,64.85,2025-08-18 18:58:28
resnet_d50_w64,139,5e-06,0.5,0.002,57.94,66.28,-8.34,0,39.80,79.20,67.76,64.81,2025-08-18 18:59:22
resnet_d18_w32,81,5e-06,0.5,0.002,57.58,65.94,-8.36,0,78.08,39.27,68.28,63.60,2025-08-18 19:00:26
resnet_d50_w128,68,5e-06,0.5,0.002,59.71,68.66,-8.96,0,73.54,46.11,72.64,64.69,2025-08-18 19:01:01
resnet_d34_w32,80,5e-06,0.5,0.002,59.20,66.75,-7.55,0,45.31,75.49,74.74,58.76,2025-08-18 19:01:18
resnet_d34_w128,144,5e-06,0.5,0.002,58.09,66.26,-8.18,0,38.94,79.82,66.10,66.42,2025-08-18 19:01:29
resnet_d18_w64,81,5e-06,0.5,0.002,57.17,64.97,-7.80,0,83.93,32.13,78.17,51.78,2025-08-18 19:01:36
resnet_d50_w64,140,5e-06,0.5,0.002,57.53,65.70,-8.17,0,39.85,79.08,62.75,68.64,2025-08-18 19:02:28
resnet_d50_w128,69,5e-06,0.5,0.002,59.54,68.64,-9.11,0,74.00,45.62,69.41,67.88,2025-08-18 19:04:14
resnet_d34_w128,145,5e-06,0.5,0.002,57.81,66.26,-8.45,0,37.67,80.72,65.13,67.39,2025-08-18 19:04:31
resnet_d50_w64,141,5e-06,0.5,0.002,57.89,65.72,-7.82,0,39.16,79.02,69.98,61.46,2025-08-18 19:05:33
resnet_d18_w32,82,5e-06,0.5,0.002,57.67,65.82,-8.15,0,77.22,40.47,67.15,64.49,2025-08-18 19:06:08
resnet_d34_w32,81,5e-06,0.5,0.002,58.88,66.81,-7.93,0,80.85,39.40,76.11,57.51,2025-08-18 19:07:04
resnet_d18_w64,82,5e-06,0.5,0.002,56.72,64.53,-7.80,0,84.99,31.57,79.30,49.76,2025-08-18 19:07:18
resnet_d50_w128,70,5e-06,0.5,0.002,60.22,68.52,-8.30,0,74.65,45.36,70.98,66.06,2025-08-18 19:07:25
resnet_d34_w128,146,5e-06,0.5,0.002,58.35,66.20,-7.85,0,38.34,80.08,67.07,65.33,2025-08-18 19:07:31
resnet_d50_w64,142,5e-06,0.5,0.002,57.83,65.54,-7.70,0,38.92,79.00,67.84,63.24,2025-08-18 19:08:38
resnet_d34_w128,147,5e-06,0.5,0.002,58.19,66.02,-7.83,0,38.96,80.72,64.12,67.92,2025-08-18 19:10:32
resnet_d50_w128,71,5e-06,0.5,0.002,60.39,67.41,-7.02,0,74.02,46.77,62.03,72.80,2025-08-18 19:10:36
resnet_d50_w64,143,5e-06,0.5,0.002,58.29,65.42,-7.12,0,37.95,79.87,68.81,62.03,2025-08-18 19:11:43
resnet_d18_w32,83,5e-06,0.5,0.002,57.71,65.70,-7.99,0,75.95,42.03,62.51,68.89,2025-08-18 19:11:49
resnet_d34_w32,82,5e-06,0.5,0.002,59.40,66.87,-7.47,0,78.26,41.97,71.99,61.74,2025-08-18 19:12:49
resnet_d18_w64,83,5e-06,0.5,0.002,57.18,64.79,-7.61,0,84.90,31.10,78.93,50.65,2025-08-18 19:13:00
resnet_d34_w128,148,5e-06,0.5,0.002,58.67,65.98,-7.31,0,39.69,79.43,69.05,62.91,2025-08-18 19:13:33
resnet_d50_w128,72,5e-06,0.5,0.002,60.31,68.89,-8.58,0,75.20,45.31,68.85,68.93,2025-08-18 19:13:48
resnet_d50_w64,144,5e-06,0.5,0.002,57.72,65.66,-7.94,0,41.52,77.07,75.14,56.17,2025-08-18 19:14:49
resnet_d34_w128,149,5e-06,0.5,0.002,59.03,66.14,-7.11,0,39.81,79.61,68.52,63.76,2025-08-18 19:16:33
resnet_d50_w128,73,5e-06,0.5,0.002,60.43,68.74,-8.32,0,76.64,43.81,71.87,65.62,2025-08-18 19:17:00
resnet_d18_w32,84,5e-06,0.5,0.002,58.31,65.82,-7.51,0,78.23,39.53,68.97,62.67,2025-08-18 19:17:30
resnet_d50_w64,145,5e-06,0.5,0.002,58.41,65.86,-7.45,0,37.99,80.13,69.01,62.71,2025-08-18 19:17:54
resnet_d34_w32,83,5e-06,0.5,0.002,59.18,66.55,-7.36,0,45.30,76.43,74.21,58.88,2025-08-18 19:18:35
resnet_d18_w64,84,5e-06,0.5,0.002,56.92,64.67,-7.75,0,83.64,32.85,76.96,52.38,2025-08-18 19:18:41
resnet_d34_w128,150,5e-06,0.5,0.002,58.90,66.22,-7.32,0,39.54,79.45,68.12,64.33,2025-08-18 19:19:34
resnet_d50_w128,74,5e-06,0.5,0.002,59.26,68.72,-9.46,0,75.25,44.79,70.46,66.99,2025-08-18 19:20:09
resnet_d50_w64,146,5e-06,0.5,0.002,57.40,65.86,-8.46,0,40.12,77.53,72.80,58.92,2025-08-18 19:20:53
resnet_d50_w128,75,5e-06,0.5,0.002,60.39,69.17,-8.78,0,74.24,46.65,74.17,64.16,2025-08-18 19:23:05
resnet_d18_w32,85,5e-06,0.5,0.002,57.53,66.12,-8.60,0,79.97,38.48,70.90,61.34,2025-08-18 19:23:10
resnet_d50_w64,147,5e-06,0.5,0.002,58.40,65.50,-7.10,0,38.85,78.81,66.51,64.49,2025-08-18 19:23:45
resnet_d34_w32,84,5e-06,0.5,0.002,59.11,66.79,-7.68,0,42.89,78.19,72.36,61.22,2025-08-18 19:24:21
resnet_d18_w64,85,5e-06,0.5,0.002,57.24,64.95,-7.71,0,84.12,32.96,78.73,51.17,2025-08-18 19:24:23
resnet_d50_w128,76,5e-06,0.5,0.002,60.61,68.66,-8.05,0,72.62,47.45,67.84,69.49,2025-08-18 19:26:01
resnet_d50_w64,148,5e-06,0.5,0.002,57.08,65.96,-8.88,0,39.30,79.53,69.53,62.39,2025-08-18 19:26:37
resnet_d18_w32,86,5e-06,0.5,0.002,58.08,65.66,-7.58,0,39.94,77.88,60.13,71.19,2025-08-18 19:28:51
resnet_d50_w128,77,5e-06,0.5,0.002,59.78,68.99,-9.21,0,74.96,45.49,70.54,67.43,2025-08-18 19:28:57
resnet_d50_w64,149,5e-06,0.5,0.002,58.08,65.80,-7.72,0,37.02,80.63,68.24,63.36,2025-08-18 19:29:29
resnet_d34_w32,85,5e-06,0.5,0.002,59.65,66.63,-6.98,0,78.04,42.63,71.83,61.42,2025-08-18 19:30:06
resnet_d18_w64,86,5e-06,0.5,0.002,57.50,64.75,-7.25,0,84.56,32.00,77.89,51.61,2025-08-18 19:30:06
resnet_d50_w128,78,5e-06,0.5,0.002,60.13,68.44,-8.31,0,74.67,46.71,66.18,70.70,2025-08-18 19:31:53
resnet_d50_w64,150,5e-06,0.5,0.002,58.05,65.84,-7.79,0,37.76,79.63,65.21,66.46,2025-08-18 19:32:21
resnet_d18_w32,87,5e-06,0.5,0.002,57.37,65.70,-8.32,0,40.65,76.87,63.20,68.20,2025-08-18 19:34:32
resnet_d50_w128,79,5e-06,0.5,0.002,60.36,68.00,-7.64,0,76.52,44.68,63.76,72.24,2025-08-18 19:34:39
resnet_d18_w64,87,5e-06,0.5,0.002,57.25,64.41,-7.15,0,86.24,29.82,80.71,48.10,2025-08-18 19:35:48
resnet_d34_w32,86,5e-06,0.5,0.002,58.95,66.79,-7.84,0,80.90,39.92,75.14,58.43,2025-08-18 19:35:51
resnet_d50_w128,80,5e-06,0.5,0.002,60.17,68.66,-8.49,0,75.96,44.62,67.11,70.22,2025-08-18 19:37:23
resnet_d50_w128,81,5e-06,0.5,0.002,60.34,68.44,-8.11,0,75.65,46.99,67.47,69.41,2025-08-18 19:40:06
resnet_d18_w32,88,5e-06,0.5,0.002,57.85,65.74,-7.88,0,78.51,40.37,66.87,64.61,2025-08-18 19:40:13
resnet_d18_w64,88,5e-06,0.5,0.002,57.15,64.57,-7.42,0,85.02,31.16,79.26,49.88,2025-08-18 19:41:29
resnet_d34_w32,87,5e-06,0.5,0.002,58.96,66.91,-7.95,0,79.85,40.56,72.64,61.18,2025-08-18 19:41:37
resnet_d50_w128,82,5e-06,0.5,0.002,59.89,69.27,-9.38,0,76.94,45.82,72.64,65.90,2025-08-18 19:42:49
resnet_d50_w128,83,5e-06,0.5,0.002,60.69,68.99,-8.29,0,76.95,44.92,71.47,66.51,2025-08-18 19:45:33
resnet_d18_w32,89,5e-06,0.5,0.002,57.40,65.88,-8.48,0,41.50,76.49,64.69,67.07,2025-08-18 19:45:54
resnet_d18_w64,89,5e-06,0.5,0.002,57.46,64.65,-7.19,0,85.47,30.22,79.98,49.31,2025-08-18 19:47:11
resnet_d34_w32,88,5e-06,0.5,0.002,58.82,66.93,-8.11,0,43.58,77.07,73.24,60.61,2025-08-18 19:47:23
resnet_d50_w128,84,5e-06,0.5,0.002,60.64,69.37,-8.73,0,77.09,44.45,73.33,65.42,2025-08-18 19:48:16
resnet_d50_w128,85,5e-06,0.5,0.002,60.37,68.26,-7.89,0,76.76,44.55,65.94,70.58,2025-08-18 19:50:59
resnet_d18_w32,90,5e-06,0.5,0.002,57.90,65.94,-8.04,0,76.29,42.37,65.05,66.83,2025-08-18 19:51:35
resnet_d18_w64,90,5e-06,0.5,0.002,56.96,64.27,-7.30,0,85.30,30.15,80.39,48.14,2025-08-18 19:52:53
resnet_d34_w32,89,5e-06,0.5,0.002,59.04,66.87,-7.82,0,45.72,76.05,74.78,58.96,2025-08-18 19:53:09
resnet_d50_w128,86,5e-06,0.5,0.002,59.78,68.32,-8.54,0,75.02,45.45,64.37,72.28,2025-08-18 19:53:41
resnet_d50_w128,87,5e-06,0.5,0.002,60.48,68.40,-7.92,0,77.22,43.95,68.89,67.92,2025-08-18 19:56:23
resnet_d18_w32,91,5e-06,0.5,0.002,58.07,65.74,-7.67,0,76.17,41.83,66.18,65.29,2025-08-18 19:57:16
resnet_d18_w64,91,5e-06,0.5,0.002,57.12,64.75,-7.63,0,84.89,30.78,79.30,50.20,2025-08-18 19:58:34
resnet_d34_w32,90,5e-06,0.5,0.002,59.20,66.79,-7.59,0,46.20,75.01,74.90,58.68,2025-08-18 19:58:54
resnet_d50_w128,88,5e-06,0.5,0.002,60.21,68.14,-7.93,0,75.96,46.78,65.50,70.78,2025-08-18 19:59:05
resnet_d50_w128,89,5e-06,0.5,0.002,60.86,68.42,-7.57,0,75.71,45.29,69.29,67.55,2025-08-18 20:01:46
resnet_d18_w32,92,5e-06,0.5,0.002,58.05,65.64,-7.59,0,39.40,78.07,61.86,69.41,2025-08-18 20:02:57
resnet_d18_w64,92,5e-06,0.5,0.002,56.85,64.81,-7.96,0,85.17,30.27,80.10,49.52,2025-08-18 20:04:16
resnet_d50_w128,90,5e-06,0.5,0.002,60.42,68.72,-8.30,0,74.79,46.12,69.49,67.96,2025-08-18 20:04:26
resnet_d34_w32,91,5e-06,0.5,0.002,59.00,66.87,-7.86,0,80.82,39.96,75.91,57.83,2025-08-18 20:04:40
resnet_d50_w128,91,5e-06,0.5,0.002,60.81,69.17,-8.36,0,75.09,46.70,73.61,64.73,2025-08-18 20:07:08
resnet_d18_w32,93,5e-06,0.5,0.002,58.04,65.74,-7.70,0,76.48,41.08,65.54,65.94,2025-08-18 20:08:38
resnet_d50_w128,92,5e-06,0.5,0.002,60.21,69.01,-8.79,0,75.30,46.60,71.03,66.99,2025-08-18 20:09:50
resnet_d18_w64,93,5e-06,0.5,0.002,56.81,64.75,-7.93,0,85.65,30.14,80.19,49.31,2025-08-18 20:09:57
resnet_d34_w32,92,5e-06,0.5,0.002,59.23,66.91,-7.68,0,79.95,40.75,74.33,59.48,2025-08-18 20:10:25
resnet_d50_w128,93,5e-06,0.5,0.002,60.91,68.50,-7.60,0,75.34,46.48,66.67,70.34,2025-08-18 20:12:31
resnet_d18_w32,94,5e-06,0.5,0.002,58.02,65.84,-7.82,0,77.46,41.04,66.22,65.46,2025-08-18 20:14:19
resnet_d50_w128,94,5e-06,0.5,0.002,61.25,69.15,-7.89,0,75.33,46.53,71.63,66.67,2025-08-18 20:15:12
resnet_d18_w64,94,5e-06,0.5,0.002,57.37,64.57,-7.19,0,86.32,29.72,80.75,48.39,2025-08-18 20:15:39
resnet_d34_w32,93,5e-06,0.5,0.002,59.52,66.91,-7.38,0,81.80,39.18,76.92,56.90,2025-08-18 20:16:10
resnet_d50_w128,95,5e-06,0.5,0.002,60.66,69.29,-8.63,0,74.96,46.37,74.33,64.25,2025-08-18 20:17:53
resnet_d18_w32,95,5e-06,0.5,0.002,58.10,65.96,-7.86,0,78.40,40.78,67.59,64.33,2025-08-18 20:20:00
resnet_d50_w128,96,5e-06,0.5,0.002,60.59,69.39,-8.80,0,74.86,46.44,75.99,62.79,2025-08-18 20:20:35
resnet_d18_w64,95,5e-06,0.5,0.002,56.76,64.33,-7.57,0,85.29,31.57,78.93,49.72,2025-08-18 20:21:21
resnet_d34_w32,94,5e-06,0.5,0.002,59.17,66.85,-7.68,0,43.98,77.97,71.51,62.19,2025-08-18 20:21:55
resnet_d50_w128,97,5e-06,0.5,0.002,60.56,68.68,-8.13,0,74.61,46.87,69.57,67.80,2025-08-18 20:23:17
resnet_d18_w32,96,5e-06,0.5,0.002,58.58,65.86,-7.28,0,76.38,40.86,65.94,65.78,2025-08-18 20:25:30
resnet_d50_w128,98,5e-06,0.5,0.002,60.90,68.85,-7.94,0,75.41,46.36,70.42,67.27,2025-08-18 20:25:58
resnet_d34_w32,95,5e-06,0.5,0.002,59.02,66.77,-7.75,0,45.68,75.69,74.01,59.52,2025-08-18 20:27:25
resnet_d50_w128,99,5e-06,0.5,0.002,60.82,68.44,-7.63,0,74.39,46.89,67.11,69.77,2025-08-18 20:28:39
resnet_d18_w32,97,5e-06,0.5,0.002,58.21,65.90,-7.69,0,40.41,78.30,61.26,70.54,2025-08-18 20:30:55
resnet_d50_w128,100,5e-06,0.5,0.002,60.84,68.89,-8.05,0,75.56,46.00,70.82,66.95,2025-08-18 20:31:20
resnet_d34_w32,96,5e-06,0.5,0.002,59.19,66.73,-7.54,0,80.62,40.25,72.76,60.69,2025-08-18 20:32:55
resnet_d50_w128,101,5e-06,0.5,0.002,60.75,69.03,-8.27,0,76.98,45.12,72.76,65.29,2025-08-18 20:34:01
resnet_d18_w32,98,5e-06,0.5,0.002,57.63,65.72,-8.09,0,76.16,42.28,63.96,67.47,2025-08-18 20:36:22
resnet_d50_w128,102,5e-06,0.5,0.002,60.78,69.37,-8.59,0,75.63,46.32,74.58,64.16,2025-08-18 20:36:42
resnet_d34_w32,97,5e-06,0.5,0.002,59.01,66.71,-7.70,0,47.28,73.75,74.46,58.96,2025-08-18 20:38:25
resnet_d50_w128,103,5e-06,0.5,0.002,60.21,68.91,-8.70,0,76.19,46.45,69.85,67.96,2025-08-18 20:39:23
resnet_d18_w32,99,5e-06,0.5,0.002,57.85,65.92,-8.07,0,79.53,38.02,67.84,64.00,2025-08-18 20:41:48
resnet_d50_w128,104,5e-06,0.5,0.002,60.17,69.49,-9.32,0,76.64,45.74,76.23,62.75,2025-08-18 20:42:04
resnet_d34_w32,98,5e-06,0.5,0.002,59.03,66.79,-7.75,0,44.61,76.16,73.37,60.21,2025-08-18 20:43:57
resnet_d50_w128,105,5e-06,0.5,0.002,60.71,69.15,-8.44,0,76.39,45.87,72.84,65.46,2025-08-18 20:44:46
resnet_d18_w32,100,5e-06,0.5,0.002,58.25,65.72,-7.47,0,77.91,40.81,65.74,65.70,2025-08-18 20:47:14
resnet_d50_w128,106,5e-06,0.5,0.002,60.56,69.05,-8.49,0,75.12,44.74,71.67,66.42,2025-08-18 20:47:26
resnet_d34_w32,99,5e-06,0.5,0.002,58.30,66.99,-8.69,0,42.87,77.86,68.85,65.13,2025-08-18 20:49:26
resnet_d50_w128,107,5e-06,0.5,0.002,60.17,69.27,-9.10,0,76.41,45.99,73.28,65.25,2025-08-18 20:50:08
resnet_d18_w32,101,5e-06,0.5,0.002,58.08,65.98,-7.90,0,79.89,38.31,68.36,63.60,2025-08-18 20:52:40
resnet_d50_w128,108,5e-06,0.5,0.002,60.78,68.68,-7.90,0,74.34,48.11,68.68,68.68,2025-08-18 20:52:49
resnet_d34_w32,100,5e-06,0.5,0.002,58.92,66.75,-7.83,0,43.40,77.21,70.62,62.87,2025-08-18 20:54:57
resnet_d50_w128,109,5e-06,0.5,0.002,61.19,69.09,-7.89,0,76.88,46.25,71.31,66.87,2025-08-18 20:55:30
resnet_d18_w32,102,5e-06,0.5,0.002,57.72,65.88,-8.16,0,77.29,41.08,64.97,66.79,2025-08-18 20:58:06
resnet_d50_w128,110,5e-06,0.5,0.002,60.63,68.70,-8.08,0,74.58,47.23,68.28,69.13,2025-08-18 20:58:11
resnet_d34_w32,101,5e-06,0.5,0.002,59.03,66.99,-7.96,0,45.40,76.43,72.52,61.46,2025-08-18 21:00:28
resnet_d50_w128,111,5e-06,0.5,0.002,60.76,69.19,-8.43,0,76.86,45.21,70.94,67.43,2025-08-18 21:00:52
resnet_d18_w32,103,5e-06,0.5,0.002,57.69,66.16,-8.47,0,78.28,38.97,69.94,62.39,2025-08-18 21:03:32
resnet_d50_w128,112,5e-06,0.5,0.002,60.70,69.15,-8.45,0,74.64,47.19,71.71,66.59,2025-08-18 21:03:33
resnet_d34_w32,102,5e-06,0.5,0.002,59.20,66.81,-7.61,0,81.03,39.43,74.46,59.16,2025-08-18 21:05:59
resnet_d50_w128,113,5e-06,0.5,0.002,60.76,68.62,-7.86,0,74.00,47.18,67.07,70.18,2025-08-18 21:06:14
resnet_d50_w128,114,5e-06,0.5,0.002,60.34,69.31,-8.97,0,77.42,45.57,71.71,66.91,2025-08-18 21:08:55
resnet_d18_w32,104,5e-06,0.5,0.002,58.02,66.06,-8.05,0,80.34,38.60,71.63,60.49,2025-08-18 21:08:59
resnet_d34_w32,103,5e-06,0.5,0.002,59.15,66.89,-7.74,0,79.30,41.22,72.60,61.18,2025-08-18 21:11:29
resnet_d18_w32,105,5e-06,0.5,0.002,57.87,65.84,-7.97,0,78.17,39.52,68.12,63.56,2025-08-18 21:14:26
resnet_d34_w32,104,5e-06,0.5,0.002,58.87,67.03,-8.16,0,45.62,75.65,72.88,61.18,2025-08-18 21:17:00
resnet_d18_w32,106,5e-06,0.5,0.002,58.05,65.94,-7.89,0,42.84,76.51,67.07,64.81,2025-08-18 21:19:53
resnet_d34_w32,105,5e-06,0.5,0.002,59.25,67.23,-7.98,0,44.10,77.64,70.66,63.80,2025-08-18 21:22:32
resnet_d18_w32,107,5e-06,0.5,0.002,57.67,66.00,-8.33,0,77.77,40.68,66.55,65.46,2025-08-18 21:25:21
resnet_d34_w32,106,5e-06,0.5,0.002,59.05,66.85,-7.80,0,82.41,38.52,76.47,57.22,2025-08-18 21:28:04
resnet_d18_w32,108,5e-06,0.5,0.002,58.28,65.64,-7.36,0,39.56,78.15,61.62,69.65,2025-08-18 21:30:48
resnet_d34_w32,107,5e-06,0.5,0.002,59.23,67.13,-7.90,0,79.12,41.35,71.35,62.91,2025-08-18 21:33:34
resnet_d18_w32,109,5e-06,0.5,0.002,57.89,65.94,-8.05,0,41.19,76.74,65.50,66.38,2025-08-18 21:36:14
resnet_d34_w32,108,5e-06,0.5,0.002,59.35,67.03,-7.68,0,77.33,42.74,70.18,63.88,2025-08-18 21:39:04
resnet_d18_w32,110,5e-06,0.5,0.002,57.49,65.58,-8.09,0,77.85,41.71,64.53,66.63,2025-08-18 21:41:40
resnet_d34_w32,109,5e-06,0.5,0.002,59.17,66.99,-7.82,0,44.13,76.98,71.67,62.31,2025-08-18 21:44:34
resnet_d18_w32,111,5e-06,0.5,0.002,58.37,65.96,-7.59,0,77.53,41.63,65.42,66.51,2025-08-18 21:47:06
resnet_d34_w32,110,5e-06,0.5,0.002,58.78,66.83,-8.05,0,43.85,76.58,71.51,62.15,2025-08-18 21:50:03
resnet_d18_w32,112,5e-06,0.5,0.002,57.26,65.74,-8.47,0,40.32,78.10,62.35,69.13,2025-08-18 21:52:31
resnet_d34_w32,111,5e-06,0.5,0.002,58.82,66.87,-8.05,0,45.88,75.08,73.49,60.25,2025-08-18 21:55:32
resnet_d18_w32,113,5e-06,0.5,0.002,57.82,65.80,-7.98,0,77.97,40.46,65.86,65.74,2025-08-18 21:57:57
resnet_d34_w32,112,5e-06,0.5,0.002,58.50,67.01,-8.51,0,43.96,77.08,71.51,62.51,2025-08-18 22:01:02
resnet_d18_w32,114,5e-06,0.5,0.002,58.10,65.60,-7.50,0,75.02,42.32,61.62,69.57,2025-08-18 22:03:21
resnet_d34_w32,113,5e-06,0.5,0.002,58.92,66.77,-7.85,0,79.90,40.39,72.03,61.50,2025-08-18 22:06:32
resnet_d18_w32,115,5e-06,0.5,0.002,57.57,65.80,-8.23,0,77.16,41.08,64.57,67.03,2025-08-18 22:08:47
resnet_d34_w32,114,5e-06,0.5,0.002,59.52,66.85,-7.32,0,80.35,40.33,73.28,60.41,2025-08-18 22:12:03
resnet_d18_w32,116,5e-06,0.5,0.002,58.26,65.94,-7.68,0,79.52,39.01,68.56,63.32,2025-08-18 22:14:15
resnet_d34_w32,115,5e-06,0.5,0.002,59.39,66.93,-7.54,0,44.39,76.77,71.59,62.27,2025-08-18 22:17:34
resnet_d18_w32,117,5e-06,0.5,0.002,58.09,65.68,-7.59,0,41.78,77.00,65.74,65.62,2025-08-18 22:19:40
resnet_d34_w32,116,5e-06,0.5,0.002,58.78,66.77,-7.99,0,81.50,39.19,74.33,59.20,2025-08-18 22:23:05
resnet_d18_w32,118,5e-06,0.5,0.002,57.68,65.76,-8.08,0,78.11,40.85,67.35,64.16,2025-08-18 22:25:07
resnet_d34_w32,117,5e-06,0.5,0.002,59.54,66.81,-7.26,0,47.42,73.19,76.96,56.66,2025-08-18 22:28:36
resnet_d18_w32,119,5e-06,0.5,0.002,57.86,65.62,-7.76,0,76.79,41.13,64.45,66.79,2025-08-18 22:30:32
resnet_d34_w32,118,5e-06,0.5,0.002,59.37,66.99,-7.62,0,44.40,76.30,72.11,61.86,2025-08-18 22:34:06
resnet_d18_w32,120,5e-06,0.5,0.002,57.43,65.60,-8.17,0,77.02,41.67,64.61,66.59,2025-08-18 22:35:58
resnet_d34_w32,119,5e-06,0.5,0.002,59.10,67.09,-8.00,0,45.30,75.61,72.52,61.66,2025-08-18 22:39:37
resnet_d18_w32,121,5e-06,0.5,0.002,57.48,65.64,-8.16,0,76.03,42.00,65.25,66.02,2025-08-18 22:41:24
resnet_d34_w32,120,5e-06,0.5,0.002,58.77,67.07,-8.30,0,79.18,41.87,71.15,62.99,2025-08-18 22:45:09
resnet_d18_w32,122,5e-06,0.5,0.002,57.58,66.04,-8.46,0,77.13,40.53,65.13,66.95,2025-08-18 22:46:50
resnet_d34_w32,121,5e-06,0.5,0.002,59.28,66.83,-7.55,0,46.67,74.32,74.13,59.52,2025-08-18 22:50:39
resnet_d18_w32,123,5e-06,0.5,0.002,57.89,65.88,-7.99,0,78.03,40.41,65.70,66.06,2025-08-18 22:52:16
resnet_d34_w32,122,5e-06,0.5,0.002,59.04,66.67,-7.63,0,80.60,40.24,73.97,59.36,2025-08-18 22:56:09
resnet_d18_w32,124,5e-06,0.5,0.002,58.41,65.88,-7.47,0,78.33,39.91,66.63,65.13,2025-08-18 22:57:42
resnet_d34_w32,123,5e-06,0.5,0.002,59.11,66.65,-7.54,0,44.63,76.36,72.80,60.49,2025-08-18 23:01:38
resnet_d18_w32,125,5e-06,0.5,0.002,57.96,66.08,-8.12,0,78.22,39.91,66.30,65.86,2025-08-18 23:03:08
resnet_d34_w32,124,5e-06,0.5,0.002,58.97,66.87,-7.89,0,44.71,77.26,70.58,63.16,2025-08-18 23:07:08
resnet_d18_w32,126,5e-06,0.5,0.002,58.19,65.80,-7.61,0,76.26,41.88,64.69,66.91,2025-08-18 23:08:34
resnet_d34_w32,125,5e-06,0.5,0.002,59.28,66.85,-7.57,0,47.11,74.98,74.29,59.40,2025-08-18 23:12:39
resnet_d18_w32,127,5e-06,0.5,0.002,58.47,65.82,-7.35,0,77.15,40.12,65.78,65.86,2025-08-18 23:14:00
resnet_d34_w32,126,5e-06,0.5,0.002,58.87,66.83,-7.96,0,83.58,37.27,78.41,55.25,2025-08-18 23:18:09
resnet_d18_w32,128,5e-06,0.5,0.002,58.19,65.76,-7.57,0,42.98,76.29,64.45,67.07,2025-08-18 23:19:26
resnet_d34_w32,127,5e-06,0.5,0.002,58.77,66.89,-8.12,0,80.96,39.17,73.89,59.89,2025-08-18 23:23:38
resnet_d18_w32,129,5e-06,0.5,0.002,58.19,65.62,-7.43,0,39.01,78.62,60.65,70.58,2025-08-18 23:24:52
resnet_d34_w32,128,5e-06,0.5,0.002,59.43,67.11,-7.68,0,47.35,74.06,75.99,58.23,2025-08-18 23:29:09
resnet_d18_w32,130,5e-06,0.5,0.002,57.69,65.90,-8.21,0,40.99,78.12,63.80,68.00,2025-08-18 23:30:18
resnet_d34_w32,129,5e-06,0.5,0.002,58.88,66.75,-7.87,0,45.32,75.97,71.59,61.90,2025-08-18 23:34:40
resnet_d18_w32,131,5e-06,0.5,0.002,58.10,65.60,-7.50,0,40.47,77.50,62.59,68.60,2025-08-18 23:35:45
resnet_d34_w32,130,5e-06,0.5,0.002,59.19,66.49,-7.29,0,45.30,75.76,72.72,60.25,2025-08-18 23:40:10
resnet_d18_w32,132,5e-06,0.5,0.002,57.70,65.84,-8.14,0,75.98,41.94,64.49,67.19,2025-08-18 23:41:11
resnet_d34_w32,131,5e-06,0.5,0.002,58.84,66.97,-8.13,0,44.73,76.88,71.67,62.27,2025-08-18 23:45:42
resnet_d18_w32,133,5e-06,0.5,0.002,58.28,65.80,-7.52,0,78.89,40.09,67.76,63.84,2025-08-18 23:46:38
resnet_d34_w32,132,5e-06,0.5,0.002,59.19,66.89,-7.70,0,45.58,76.15,72.68,61.10,2025-08-18 23:51:13
resnet_d18_w32,134,5e-06,0.5,0.002,58.73,65.96,-7.23,0,76.23,41.41,63.92,68.00,2025-08-18 23:52:06
resnet_d34_w32,133,5e-06,0.5,0.002,59.47,66.95,-7.48,0,43.67,76.77,71.91,61.99,2025-08-18 23:56:44
resnet_d18_w32,135,5e-06,0.5,0.002,57.76,65.82,-8.06,0,42.60,75.31,66.55,65.09,2025-08-18 23:57:32
resnet_d34_w32,134,5e-06,0.5,0.002,58.46,66.77,-8.31,0,79.74,40.75,72.24,61.30,2025-08-19 00:02:15
resnet_d18_w32,136,5e-06,0.5,0.002,58.52,65.82,-7.30,0,75.81,42.09,63.08,68.56,2025-08-19 00:02:59
resnet_d34_w32,135,5e-06,0.5,0.002,59.23,67.05,-7.82,0,79.55,41.24,71.67,62.43,2025-08-19 00:07:45
resnet_d18_w32,137,5e-06,0.5,0.002,58.17,65.80,-7.63,0,40.51,78.03,63.36,68.24,2025-08-19 00:08:24
resnet_d34_w32,136,5e-06,0.5,0.002,59.23,66.89,-7.66,0,46.35,73.91,73.93,59.85,2025-08-19 00:13:16
resnet_d18_w32,138,5e-06,0.5,0.002,57.91,65.86,-7.94,0,78.77,39.77,67.55,64.16,2025-08-19 00:13:51
resnet_d34_w32,137,5e-06,0.5,0.002,59.35,66.93,-7.58,0,44.15,77.22,71.19,62.67,2025-08-19 00:18:47
resnet_d18_w32,139,5e-06,0.5,0.002,57.71,65.90,-8.19,0,41.26,77.36,64.45,67.35,2025-08-19 00:19:18
resnet_d34_w32,138,5e-06,0.5,0.002,58.92,66.95,-8.03,0,44.97,76.25,72.72,61.18,2025-08-19 00:24:19
resnet_d18_w32,140,5e-06,0.5,0.002,58.07,65.72,-7.65,0,41.39,77.38,62.95,68.48,2025-08-19 00:24:45
resnet_d34_w32,139,5e-06,0.5,0.002,59.33,66.67,-7.34,0,81.11,39.43,74.78,58.56,2025-08-19 00:29:50
resnet_d18_w32,141,5e-06,0.5,0.002,58.12,65.58,-7.46,0,41.97,76.47,65.82,65.33,2025-08-19 00:30:11
resnet_d34_w32,140,5e-06,0.5,0.002,59.00,67.21,-8.21,0,43.74,77.87,70.30,64.12,2025-08-19 00:35:20
resnet_d18_w32,142,5e-06,0.5,0.002,57.58,65.86,-8.28,0,41.62,75.95,66.02,65.70,2025-08-19 00:35:37
resnet_d34_w32,141,5e-06,0.5,0.002,59.56,66.89,-7.32,0,47.48,73.64,74.90,58.88,2025-08-19 00:40:50
resnet_d18_w32,143,5e-06,0.5,0.002,57.32,66.00,-8.68,0,79.08,39.65,68.68,63.32,2025-08-19 00:41:03
resnet_d34_w32,142,5e-06,0.5,0.002,59.62,66.89,-7.26,0,80.93,40.20,73.12,60.65,2025-08-19 00:46:20
resnet_d18_w32,144,5e-06,0.5,0.002,57.59,66.02,-8.43,0,76.88,42.13,65.17,66.87,2025-08-19 00:46:29
resnet_d34_w32,143,5e-06,0.5,0.002,59.40,67.21,-7.81,0,44.77,76.98,70.42,64.00,2025-08-19 00:51:51
resnet_d18_w32,145,5e-06,0.5,0.002,58.03,65.88,-7.85,0,43.07,75.53,67.19,64.57,2025-08-19 00:51:56
resnet_d18_w32,146,5e-06,0.5,0.002,57.66,65.68,-8.02,0,42.67,76.01,65.54,65.82,2025-08-19 00:57:21
resnet_d34_w32,144,5e-06,0.5,0.002,58.98,66.97,-7.99,0,43.94,77.91,70.06,63.88,2025-08-19 00:57:22
resnet_d18_w32,147,5e-06,0.5,0.002,58.14,65.70,-7.56,0,76.66,41.52,65.82,65.58,2025-08-19 01:02:47
resnet_d34_w32,145,5e-06,0.5,0.002,59.08,66.89,-7.81,0,46.10,74.89,74.17,59.60,2025-08-19 01:02:52
resnet_d18_w32,148,5e-06,0.5,0.002,57.40,65.78,-8.38,0,42.18,75.84,65.98,65.58,2025-08-19 01:08:15
resnet_d34_w32,146,5e-06,0.5,0.002,59.25,66.89,-7.64,0,44.37,76.65,71.59,62.19,2025-08-19 01:08:24
resnet_d18_w32,149,5e-06,0.5,0.002,57.59,66.08,-8.49,0,78.41,40.55,69.37,62.79,2025-08-19 01:13:40
resnet_d34_w32,147,5e-06,0.5,0.002,59.26,66.93,-7.67,0,44.77,75.76,72.52,61.34,2025-08-19 01:13:53
resnet_d18_w32,150,5e-06,0.5,0.002,58.00,65.88,-7.88,0,76.09,41.93,66.02,65.74,2025-08-19 01:19:07
resnet_d34_w32,148,5e-06,0.5,0.002,58.79,66.83,-8.04,0,79.05,41.56,72.07,61.58,2025-08-19 01:19:23
resnet_d34_w32,149,5e-06,0.5,0.002,59.33,67.13,-7.80,0,42.38,78.77,69.33,64.93,2025-08-19 01:24:38
resnet_d34_w32,150,5e-06,0.5,0.002,59.38,66.89,-7.51,0,46.78,74.48,74.33,59.44,2025-08-19 01:29:54
