run_name,epoch,lr,dropout,weight_decay,train_acc,val_acc,overfitting_gap,use_focal_loss,timestamp,subdir,lr_extracted,dropout_extracted,weight_decay_extracted,focal_extracted
lr5e-6_dr0.4_wd5e-4_focal_focal_focal,1,5e-06,0.4,0.0005,52.57,58.05,-5.48,1,2025-08-12 17:35:37,.,5e-06,0.4,0.0005,True
lr5e-6_dr0.3_wd2e-3,1,5e-06,0.3,0.002,54.96,60.77,-5.82,0,2025-08-12 17:35:37,.,5e-06,0.3,0.002,False
lr5e-6_dr0.3_wd2e-3_focal_focal_focal,1,5e-06,0.3,0.002,53.29,57.32,-4.03,1,2025-08-12 17:35:37,.,5e-06,0.3,0.002,True
lr5e-6_dr0.4_wd5e-4,1,5e-06,0.4,0.0005,53.75,58.88,-5.13,0,2025-08-12 17:35:37,.,5e-06,0.4,0.0005,False
lr5e-6_dr0.3_wd1e-3_focal_focal_focal,1,5e-06,0.3,0.001,53.47,58.82,-5.35,1,2025-08-12 17:37:18,.,5e-06,0.3,0.001,True
lr5e-6_dr0.3_wd1e-3,1,5e-06,0.3,0.001,55.47,60.39,-4.92,0,2025-08-12 17:37:18,.,5e-06,0.3,0.001,False
lr5e-6_dr0.3_wd5e-4,1,5e-06,0.3,0.0005,55.33,60.35,-5.02,0,2025-08-12 17:37:18,.,5e-06,0.3,0.0005,False
lr5e-6_dr0.3_wd5e-4_focal_focal_focal,1,5e-06,0.3,0.0005,53.66,57.43,-3.77,1,2025-08-12 17:37:18,.,5e-06,0.3,0.0005,True
lr5e-6_dr0.3_wd2e-3,2,5e-06,0.3,0.002,57.83,61.64,-3.81,0,2025-08-12 17:37:39,.,5e-06,0.3,0.002,False
lr5e-6_dr0.4_wd5e-4_focal_focal_focal,2,5e-06,0.4,0.0005,54.96,58.74,-3.77,1,2025-08-12 17:37:39,.,5e-06,0.4,0.0005,True
lr5e-6_dr0.3_wd2e-3_focal_focal_focal,2,5e-06,0.3,0.002,55.06,58.01,-2.95,1,2025-08-12 17:37:39,.,5e-06,0.3,0.002,True
lr5e-6_dr0.4_wd5e-4,2,5e-06,0.4,0.0005,56.93,61.3,-4.37,0,2025-08-12 17:37:39,.,5e-06,0.4,0.0005,False
lr5e-6_dr0.4_wd5e-4_focal_focal_focal,3,5e-06,0.4,0.0005,55.62,57.85,-2.22,1,2025-08-12 17:39:38,.,5e-06,0.4,0.0005,True
lr5e-6_dr0.4_wd5e-4,3,5e-06,0.4,0.0005,58.27,61.44,-3.17,0,2025-08-12 17:39:38,.,5e-06,0.4,0.0005,False
lr5e-6_dr0.3_wd2e-3,3,5e-06,0.3,0.002,58.66,62.15,-3.49,0,2025-08-12 17:39:38,.,5e-06,0.3,0.002,False
lr5e-6_dr0.3_wd2e-3_focal_focal_focal,3,5e-06,0.3,0.002,55.63,58.51,-2.89,1,2025-08-12 17:39:39,.,5e-06,0.3,0.002,True
lr5e-6_dr0.3_wd1e-3_focal_focal_focal,2,5e-06,0.3,0.001,54.68,59.26,-4.58,1,2025-08-12 17:40:56,.,5e-06,0.3,0.001,True
lr5e-6_dr0.3_wd5e-4,2,5e-06,0.3,0.0005,57.71,62.19,-4.48,0,2025-08-12 17:40:59,.,5e-06,0.3,0.0005,False
lr5e-6_dr0.3_wd5e-4_focal_focal_focal,2,5e-06,0.3,0.0005,54.95,58.43,-3.48,1,2025-08-12 17:40:59,.,5e-06,0.3,0.0005,True
lr5e-6_dr0.3_wd1e-3,2,5e-06,0.3,0.001,58.22,61.46,-3.24,0,2025-08-12 17:40:59,.,5e-06,0.3,0.001,False
lr5e-6_dr0.4_wd5e-4,4,5e-06,0.4,0.0005,58.79,62.05,-3.26,0,2025-08-12 17:41:35,.,5e-06,0.4,0.0005,False
lr5e-6_dr0.4_wd5e-4_focal_focal_focal,4,5e-06,0.4,0.0005,55.8,58.41,-2.62,1,2025-08-12 17:41:35,.,5e-06,0.4,0.0005,True
lr5e-6_dr0.3_wd2e-3_focal_focal_focal,4,5e-06,0.3,0.002,56.14,61.16,-5.02,1,2025-08-12 17:41:37,.,5e-06,0.3,0.002,True
lr5e-6_dr0.3_wd2e-3,4,5e-06,0.3,0.002,58.88,62.81,-3.93,0,2025-08-12 17:41:37,.,5e-06,0.3,0.002,False
lr5e-6_dr0.4_wd5e-4,5,5e-06,0.4,0.0005,59.7,62.53,-2.83,0,2025-08-12 17:43:36,.,5e-06,0.4,0.0005,False
lr5e-6_dr0.4_wd5e-4_focal_focal_focal,5,5e-06,0.4,0.0005,55.91,58.98,-3.07,1,2025-08-12 17:43:39,.,5e-06,0.4,0.0005,True
lr5e-6_dr0.3_wd2e-3,5,5e-06,0.3,0.002,59.99,62.23,-2.24,0,2025-08-12 17:43:39,.,5e-06,0.3,0.002,False
lr5e-6_dr0.3_wd2e-3_focal_focal_focal,5,5e-06,0.3,0.002,55.56,60.41,-4.85,1,2025-08-12 17:43:39,.,5e-06,0.3,0.002,True
lr5e-6_dr0.3_wd1e-3_focal_focal_focal,3,5e-06,0.3,0.001,55.39,59.44,-4.05,1,2025-08-12 17:44:34,.,5e-06,0.3,0.001,True
lr5e-6_dr0.3_wd5e-4,3,5e-06,0.3,0.0005,58.83,62.97,-4.14,0,2025-08-12 17:44:41,.,5e-06,0.3,0.0005,False
lr5e-6_dr0.3_wd5e-4_focal_focal_focal,3,5e-06,0.3,0.0005,55.86,59.1,-3.24,1,2025-08-12 17:44:42,.,5e-06,0.3,0.0005,True
lr5e-6_dr0.3_wd1e-3,3,5e-06,0.3,0.001,58.93,62.25,-3.31,0,2025-08-12 17:44:42,.,5e-06,0.3,0.001,False
lr5e-6_dr0.4_wd5e-4,6,5e-06,0.4,0.0005,59.79,62.81,-3.03,0,2025-08-12 17:45:35,.,5e-06,0.4,0.0005,False
lr5e-6_dr0.3_wd2e-3,6,5e-06,0.3,0.002,59.8,63.5,-3.7,0,2025-08-12 17:45:37,.,5e-06,0.3,0.002,False
lr5e-6_dr0.3_wd2e-3_focal_focal_focal,6,5e-06,0.3,0.002,56.72,60.41,-3.69,1,2025-08-12 17:45:37,.,5e-06,0.3,0.002,True
lr5e-6_dr0.4_wd5e-4_focal_focal_focal,6,5e-06,0.4,0.0005,55.96,59.67,-3.71,1,2025-08-12 17:45:39,.,5e-06,0.4,0.0005,True
lr5e-6_dr0.4_wd5e-4,7,5e-06,0.4,0.0005,59.85,63.84,-3.99,0,2025-08-12 17:47:35,.,5e-06,0.4,0.0005,False
lr5e-6_dr0.3_wd2e-3,7,5e-06,0.3,0.002,60.52,64.33,-3.81,0,2025-08-12 17:47:39,.,5e-06,0.3,0.002,False
lr5e-6_dr0.3_wd2e-3_focal_focal_focal,7,5e-06,0.3,0.002,56.88,61.86,-4.99,1,2025-08-12 17:47:39,.,5e-06,0.3,0.002,True
lr5e-6_dr0.4_wd5e-4_focal_focal_focal,7,5e-06,0.4,0.0005,56.12,61.12,-5.0,1,2025-08-12 17:47:41,.,5e-06,0.4,0.0005,True
lr5e-6_dr0.3_wd1e-3_focal_focal_focal,4,5e-06,0.3,0.001,55.78,59.06,-3.28,1,2025-08-12 17:48:12,.,5e-06,0.3,0.001,True
lr5e-6_dr0.3_wd5e-4,4,5e-06,0.3,0.0005,59.24,62.67,-3.43,0,2025-08-12 17:48:22,.,5e-06,0.3,0.0005,False
lr5e-6_dr0.3_wd5e-4_focal_focal_focal,4,5e-06,0.3,0.0005,55.73,59.75,-4.02,1,2025-08-12 17:48:24,.,5e-06,0.3,0.0005,True
lr5e-6_dr0.3_wd1e-3,4,5e-06,0.3,0.001,59.08,63.01,-3.93,0,2025-08-12 17:48:25,.,5e-06,0.3,0.001,False
lr5e-6_dr0.4_wd5e-4,8,5e-06,0.4,0.0005,60.22,63.54,-3.32,0,2025-08-12 17:49:35,.,5e-06,0.4,0.0005,False
lr5e-6_dr0.3_wd2e-3,8,5e-06,0.3,0.002,60.71,64.69,-3.98,0,2025-08-12 17:49:40,.,5e-06,0.3,0.002,False
lr5e-6_dr0.4_wd5e-4_focal_focal_focal,8,5e-06,0.4,0.0005,56.63,61.76,-5.13,1,2025-08-12 17:49:43,.,5e-06,0.4,0.0005,True
lr5e-6_dr0.3_wd2e-3_focal_focal_focal,8,5e-06,0.3,0.002,56.96,62.55,-5.59,1,2025-08-12 17:49:43,.,5e-06,0.3,0.002,True
lr5e-6_dr0.4_wd5e-4,9,5e-06,0.4,0.0005,60.29,63.98,-3.69,0,2025-08-12 17:51:35,.,5e-06,0.4,0.0005,False
lr5e-6_dr0.3_wd2e-3,9,5e-06,0.3,0.002,60.73,63.88,-3.15,0,2025-08-12 17:51:42,.,5e-06,0.3,0.002,False
lr5e-6_dr0.4_wd5e-4_focal_focal_focal,9,5e-06,0.4,0.0005,56.2,61.24,-5.03,1,2025-08-12 17:51:44,.,5e-06,0.4,0.0005,True
lr5e-6_dr0.3_wd2e-3_focal_focal_focal,9,5e-06,0.3,0.002,57.52,62.33,-4.81,1,2025-08-12 17:51:44,.,5e-06,0.3,0.002,True
lr5e-6_dr0.3_wd1e-3_focal_focal_focal,5,5e-06,0.3,0.001,57.1,60.01,-2.91,1,2025-08-12 17:51:49,.,5e-06,0.3,0.001,True
lr5e-6_dr0.3_wd5e-4,5,5e-06,0.3,0.0005,59.84,64.1,-4.27,0,2025-08-12 17:52:03,.,5e-06,0.3,0.0005,False
lr5e-6_dr0.3_wd5e-4_focal_focal_focal,5,5e-06,0.3,0.0005,56.62,58.8,-2.17,1,2025-08-12 17:52:05,.,5e-06,0.3,0.0005,True
lr5e-6_dr0.3_wd1e-3,5,5e-06,0.3,0.001,59.71,63.05,-3.35,0,2025-08-12 17:52:08,.,5e-06,0.3,0.001,False
lr5e-6_dr0.4_wd5e-4,10,5e-06,0.4,0.0005,60.55,64.43,-3.87,0,2025-08-12 17:53:36,.,5e-06,0.4,0.0005,False
lr5e-6_dr0.3_wd2e-3,10,5e-06,0.3,0.002,61.25,64.47,-3.21,0,2025-08-12 17:53:42,.,5e-06,0.3,0.002,False
lr5e-6_dr0.4_wd5e-4_focal_focal_focal,10,5e-06,0.4,0.0005,56.4,62.11,-5.71,1,2025-08-12 17:53:43,.,5e-06,0.4,0.0005,True
lr5e-6_dr0.3_wd2e-3_focal_focal_focal,10,5e-06,0.3,0.002,57.57,63.66,-6.09,1,2025-08-12 17:53:44,.,5e-06,0.3,0.002,True
lr5e-6_dr0.3_wd1e-3_focal_focal_focal,6,5e-06,0.3,0.001,56.47,59.77,-3.3,1,2025-08-12 17:55:28,.,5e-06,0.3,0.001,True
lr5e-6_dr0.4_wd5e-4,11,5e-06,0.4,0.0005,61.01,64.83,-3.82,0,2025-08-12 17:55:37,.,5e-06,0.4,0.0005,False
lr5e-6_dr0.3_wd2e-3,11,5e-06,0.3,0.002,61.12,63.62,-2.5,0,2025-08-12 17:55:43,.,5e-06,0.3,0.002,False
lr5e-6_dr0.4_wd5e-4_focal_focal_focal,11,5e-06,0.4,0.0005,57.44,61.99,-4.55,1,2025-08-12 17:55:44,.,5e-06,0.4,0.0005,True
lr5e-6_dr0.3_wd5e-4,6,5e-06,0.3,0.0005,60.99,63.74,-2.75,0,2025-08-12 17:55:45,.,5e-06,0.3,0.0005,False
lr5e-6_dr0.3_wd5e-4_focal_focal_focal,6,5e-06,0.3,0.0005,57.57,59.5,-1.94,1,2025-08-12 17:55:45,.,5e-06,0.3,0.0005,True
lr5e-6_dr0.3_wd2e-3_focal_focal_focal,11,5e-06,0.3,0.002,57.92,63.14,-5.21,1,2025-08-12 17:55:46,.,5e-06,0.3,0.002,True
lr5e-6_dr0.3_wd1e-3,6,5e-06,0.3,0.001,60.43,63.34,-2.91,0,2025-08-12 17:55:50,.,5e-06,0.3,0.001,False
lr5e-6_dr0.4_wd5e-4,12,5e-06,0.4,0.0005,60.84,64.61,-3.77,0,2025-08-12 17:57:37,.,5e-06,0.4,0.0005,False
lr5e-6_dr0.3_wd2e-3,12,5e-06,0.3,0.002,61.43,64.91,-3.48,0,2025-08-12 17:57:42,.,5e-06,0.3,0.002,False
lr5e-6_dr0.4_wd5e-4_focal_focal_focal,12,5e-06,0.4,0.0005,56.88,61.62,-4.74,1,2025-08-12 17:57:45,.,5e-06,0.4,0.0005,True
lr5e-6_dr0.3_wd2e-3_focal_focal_focal,12,5e-06,0.3,0.002,57.76,63.42,-5.65,1,2025-08-12 17:57:47,.,5e-06,0.3,0.002,True
lr5e-6_dr0.3_wd1e-3_focal_focal_focal,7,5e-06,0.3,0.001,57.02,60.82,-3.8,1,2025-08-12 17:59:04,.,5e-06,0.3,0.001,True
lr5e-6_dr0.3_wd5e-4,7,5e-06,0.3,0.0005,60.83,64.81,-3.99,0,2025-08-12 17:59:24,.,5e-06,0.3,0.0005,False
lr5e-6_dr0.3_wd5e-4_focal_focal_focal,7,5e-06,0.3,0.0005,57.38,62.09,-4.7,1,2025-08-12 17:59:24,.,5e-06,0.3,0.0005,True
lr5e-6_dr0.3_wd1e-3,7,5e-06,0.3,0.001,60.64,63.62,-2.98,0,2025-08-12 17:59:32,.,5e-06,0.3,0.001,False
lr5e-6_dr0.4_wd5e-4,13,5e-06,0.4,0.0005,61.62,64.95,-3.33,0,2025-08-12 17:59:38,.,5e-06,0.4,0.0005,False
lr5e-6_dr0.3_wd2e-3,13,5e-06,0.3,0.002,62.14,65.66,-3.52,0,2025-08-12 17:59:44,.,5e-06,0.3,0.002,False
lr5e-6_dr0.4_wd5e-4_focal_focal_focal,13,5e-06,0.4,0.0005,57.38,62.07,-4.68,1,2025-08-12 17:59:44,.,5e-06,0.4,0.0005,True
lr5e-6_dr0.3_wd2e-3_focal_focal_focal,13,5e-06,0.3,0.002,58.32,64.1,-5.79,1,2025-08-12 17:59:48,.,5e-06,0.3,0.002,True
lr5e-6_dr0.4_wd5e-4,14,5e-06,0.4,0.0005,61.03,65.15,-4.13,0,2025-08-12 18:01:39,.,5e-06,0.4,0.0005,False
lr5e-6_dr0.4_wd5e-4_focal_focal_focal,14,5e-06,0.4,0.0005,57.37,62.07,-4.7,1,2025-08-12 18:01:45,.,5e-06,0.4,0.0005,True
lr5e-6_dr0.3_wd2e-3,14,5e-06,0.3,0.002,62.18,65.25,-3.08,0,2025-08-12 18:01:45,.,5e-06,0.3,0.002,False
lr5e-6_dr0.3_wd2e-3_focal_focal_focal,14,5e-06,0.3,0.002,58.92,63.86,-4.94,1,2025-08-12 18:01:49,.,5e-06,0.3,0.002,True
lr5e-6_dr0.3_wd1e-3_focal_focal_focal,8,5e-06,0.3,0.001,57.57,59.71,-2.13,1,2025-08-12 18:02:42,.,5e-06,0.3,0.001,True
lr5e-6_dr0.3_wd5e-4,8,5e-06,0.3,0.0005,61.75,64.59,-2.83,0,2025-08-12 18:03:05,.,5e-06,0.3,0.0005,False
lr5e-6_dr0.3_wd5e-4_focal_focal_focal,8,5e-06,0.3,0.0005,57.11,61.84,-4.74,1,2025-08-12 18:03:06,.,5e-06,0.3,0.0005,True
lr5e-6_dr0.3_wd1e-3,8,5e-06,0.3,0.001,60.66,63.74,-3.08,0,2025-08-12 18:03:13,.,5e-06,0.3,0.001,False
lr5e-6_dr0.4_wd5e-4,15,5e-06,0.4,0.0005,61.83,65.23,-3.4,0,2025-08-12 18:03:37,.,5e-06,0.4,0.0005,False
lr5e-6_dr0.3_wd2e-3,15,5e-06,0.3,0.002,62.04,65.6,-3.56,0,2025-08-12 18:03:42,.,5e-06,0.3,0.002,False
lr5e-6_dr0.4_wd5e-4_focal_focal_focal,15,5e-06,0.4,0.0005,56.9,61.4,-4.5,1,2025-08-12 18:03:43,.,5e-06,0.4,0.0005,True
lr5e-6_dr0.3_wd2e-3_focal_focal_focal,15,5e-06,0.3,0.002,58.81,64.23,-5.42,1,2025-08-12 18:03:47,.,5e-06,0.3,0.002,True
lr5e-6_dr0.4_wd5e-4,16,5e-06,0.4,0.0005,61.41,65.19,-3.78,0,2025-08-12 18:05:32,.,5e-06,0.4,0.0005,False
lr5e-6_dr0.4_wd5e-4_focal_focal_focal,16,5e-06,0.4,0.0005,57.16,61.84,-4.68,1,2025-08-12 18:05:38,.,5e-06,0.4,0.0005,True
lr5e-6_dr0.3_wd2e-3,16,5e-06,0.3,0.002,61.72,65.8,-4.08,0,2025-08-12 18:05:38,.,5e-06,0.3,0.002,False
lr5e-6_dr0.3_wd2e-3_focal_focal_focal,16,5e-06,0.3,0.002,58.46,63.7,-5.24,1,2025-08-12 18:05:43,.,5e-06,0.3,0.002,True
lr5e-6_dr0.3_wd1e-3_focal_focal_focal,9,5e-06,0.3,0.001,57.4,63.18,-5.78,1,2025-08-12 18:06:19,.,5e-06,0.3,0.001,True
lr5e-6_dr0.3_wd5e-4,9,5e-06,0.3,0.0005,61.09,64.55,-3.46,0,2025-08-12 18:06:45,.,5e-06,0.3,0.0005,False
lr5e-6_dr0.3_wd5e-4_focal_focal_focal,9,5e-06,0.3,0.0005,57.33,63.5,-6.16,1,2025-08-12 18:06:47,.,5e-06,0.3,0.0005,True
lr5e-6_dr0.3_wd1e-3,9,5e-06,0.3,0.001,60.66,65.15,-4.49,0,2025-08-12 18:06:54,.,5e-06,0.3,0.001,False
lr5e-6_dr0.4_wd5e-4,17,5e-06,0.4,0.0005,61.97,65.09,-3.13,0,2025-08-12 18:07:32,.,5e-06,0.4,0.0005,False
lr5e-6_dr0.4_wd5e-4_focal_focal_focal,17,5e-06,0.4,0.0005,58.54,62.09,-3.55,1,2025-08-12 18:07:36,.,5e-06,0.4,0.0005,True
lr5e-6_dr0.3_wd2e-3,17,5e-06,0.3,0.002,62.7,65.05,-2.36,0,2025-08-12 18:07:38,.,5e-06,0.3,0.002,False
lr5e-6_dr0.3_wd2e-3_focal_focal_focal,17,5e-06,0.3,0.002,59.15,64.57,-5.42,1,2025-08-12 18:07:41,.,5e-06,0.3,0.002,True
lr5e-6_dr0.4_wd5e-4,18,5e-06,0.4,0.0005,61.86,65.21,-3.35,0,2025-08-12 18:09:28,.,5e-06,0.4,0.0005,False
lr5e-6_dr0.3_wd2e-3,18,5e-06,0.3,0.002,62.72,65.17,-2.46,0,2025-08-12 18:09:34,.,5e-06,0.3,0.002,False
lr5e-6_dr0.4_wd5e-4_focal_focal_focal,18,5e-06,0.4,0.0005,57.62,62.35,-4.73,1,2025-08-12 18:09:34,.,5e-06,0.4,0.0005,True
lr5e-6_dr0.3_wd2e-3_focal_focal_focal,18,5e-06,0.3,0.002,58.92,64.55,-5.63,1,2025-08-12 18:09:40,.,5e-06,0.3,0.002,True
lr5e-6_dr0.3_wd1e-3_focal_focal_focal,10,5e-06,0.3,0.001,58.21,62.65,-4.44,1,2025-08-12 18:09:57,.,5e-06,0.3,0.001,True
lr5e-6_dr0.3_wd5e-4,10,5e-06,0.3,0.0005,61.87,64.47,-2.6,0,2025-08-12 18:10:26,.,5e-06,0.3,0.0005,False
lr5e-6_dr0.3_wd5e-4_focal_focal_focal,10,5e-06,0.3,0.0005,57.3,62.25,-4.94,1,2025-08-12 18:10:28,.,5e-06,0.3,0.0005,True
lr5e-6_dr0.3_wd1e-3,10,5e-06,0.3,0.001,61.51,64.59,-3.08,0,2025-08-12 18:10:36,.,5e-06,0.3,0.001,False
lr5e-6_dr0.4_wd5e-4,19,5e-06,0.4,0.0005,61.79,65.64,-3.84,0,2025-08-12 18:11:26,.,5e-06,0.4,0.0005,False
lr5e-6_dr0.3_wd2e-3,19,5e-06,0.3,0.002,62.61,65.33,-2.72,0,2025-08-12 18:11:31,.,5e-06,0.3,0.002,False
lr5e-6_dr0.4_wd5e-4_focal_focal_focal,19,5e-06,0.4,0.0005,56.89,62.13,-5.24,1,2025-08-12 18:11:33,.,5e-06,0.4,0.0005,True
lr5e-6_dr0.3_wd2e-3_focal_focal_focal,19,5e-06,0.3,0.002,58.44,64.29,-5.84,1,2025-08-12 18:11:37,.,5e-06,0.3,0.002,True
lr5e-6_dr0.4_wd5e-4,20,5e-06,0.4,0.0005,61.59,65.44,-3.85,0,2025-08-12 18:13:23,.,5e-06,0.4,0.0005,False
lr5e-6_dr0.3_wd2e-3,20,5e-06,0.3,0.002,62.58,65.5,-2.92,0,2025-08-12 18:13:26,.,5e-06,0.3,0.002,False
lr5e-6_dr0.4_wd5e-4_focal_focal_focal,20,5e-06,0.4,0.0005,57.54,62.07,-4.52,1,2025-08-12 18:13:28,.,5e-06,0.4,0.0005,True
lr5e-6_dr0.3_wd2e-3_focal_focal_focal,20,5e-06,0.3,0.002,58.09,64.18,-6.09,1,2025-08-12 18:13:34,.,5e-06,0.3,0.002,True
lr5e-6_dr0.3_wd1e-3_focal_focal_focal,11,5e-06,0.3,0.001,58.35,62.53,-4.18,1,2025-08-12 18:13:34,.,5e-06,0.3,0.001,True
lr5e-6_dr0.3_wd5e-4,11,5e-06,0.3,0.0005,62.38,65.31,-2.93,0,2025-08-12 18:14:07,.,5e-06,0.3,0.0005,False
lr5e-6_dr0.3_wd5e-4_focal_focal_focal,11,5e-06,0.3,0.0005,58.09,61.64,-3.56,1,2025-08-12 18:14:10,.,5e-06,0.3,0.0005,True
lr5e-6_dr0.3_wd1e-3,11,5e-06,0.3,0.001,62.14,64.91,-2.77,0,2025-08-12 18:14:18,.,5e-06,0.3,0.001,False
lr5e-6_dr0.4_wd5e-4,21,5e-06,0.4,0.0005,61.68,65.19,-3.52,0,2025-08-12 18:15:20,.,5e-06,0.4,0.0005,False
lr5e-6_dr0.4_wd5e-4_focal_focal_focal,21,5e-06,0.4,0.0005,58.1,63.48,-5.38,1,2025-08-12 18:15:24,.,5e-06,0.4,0.0005,True
lr5e-6_dr0.3_wd2e-3,21,5e-06,0.3,0.002,62.5,66.28,-3.78,0,2025-08-12 18:15:25,.,5e-06,0.3,0.002,False
lr5e-6_dr0.3_wd2e-3_focal_focal_focal,21,5e-06,0.3,0.002,58.98,64.79,-5.81,1,2025-08-12 18:15:29,.,5e-06,0.3,0.002,True
lr5e-6_dr0.3_wd1e-3_focal_focal_focal,12,5e-06,0.3,0.001,58.7,63.24,-4.53,1,2025-08-12 18:17:13,.,5e-06,0.3,0.001,True
lr5e-6_dr0.4_wd5e-4,22,5e-06,0.4,0.0005,61.67,64.33,-2.65,0,2025-08-12 18:17:15,.,5e-06,0.4,0.0005,False
lr5e-6_dr0.4_wd5e-4_focal_focal_focal,22,5e-06,0.4,0.0005,57.91,62.45,-4.54,1,2025-08-12 18:17:21,.,5e-06,0.4,0.0005,True
lr5e-6_dr0.3_wd2e-3,22,5e-06,0.3,0.002,62.31,63.5,-1.19,0,2025-08-12 18:17:23,.,5e-06,0.3,0.002,False
lr5e-6_dr0.3_wd2e-3_focal_focal_focal,22,5e-06,0.3,0.002,58.8,63.86,-5.06,1,2025-08-12 18:17:27,.,5e-06,0.3,0.002,True
lr5e-6_dr0.3_wd5e-4,12,5e-06,0.3,0.0005,61.97,65.29,-3.33,0,2025-08-12 18:17:48,.,5e-06,0.3,0.0005,False
lr5e-6_dr0.3_wd5e-4_focal_focal_focal,12,5e-06,0.3,0.0005,58.05,62.69,-4.65,1,2025-08-12 18:17:49,.,5e-06,0.3,0.0005,True
lr5e-6_dr0.3_wd1e-3,12,5e-06,0.3,0.001,61.97,65.48,-3.51,0,2025-08-12 18:18:00,.,5e-06,0.3,0.001,False
lr5e-6_dr0.4_wd5e-4,23,5e-06,0.4,0.0005,62.04,65.98,-3.94,0,2025-08-12 18:19:12,.,5e-06,0.4,0.0005,False
lr5e-6_dr0.4_wd5e-4_focal_focal_focal,23,5e-06,0.4,0.0005,58.19,61.82,-3.63,1,2025-08-12 18:19:18,.,5e-06,0.4,0.0005,True
lr5e-6_dr0.3_wd2e-3,23,5e-06,0.3,0.002,62.73,66.34,-3.61,0,2025-08-12 18:19:20,.,5e-06,0.3,0.002,False
lr5e-6_dr0.3_wd2e-3_focal_focal_focal,23,5e-06,0.3,0.002,59.34,64.08,-4.75,1,2025-08-12 18:19:26,.,5e-06,0.3,0.002,True
lr5e-6_dr0.3_wd1e-3_focal_focal_focal,13,5e-06,0.3,0.001,59.24,63.76,-4.52,1,2025-08-12 18:20:52,.,5e-06,0.3,0.001,True
lr5e-6_dr0.4_wd5e-4,24,5e-06,0.4,0.0005,62.59,66.14,-3.55,0,2025-08-12 18:21:08,.,5e-06,0.4,0.0005,False
lr5e-6_dr0.4_wd5e-4_focal_focal_focal,24,5e-06,0.4,0.0005,58.2,63.2,-5.0,1,2025-08-12 18:21:12,.,5e-06,0.4,0.0005,True
lr5e-6_dr0.3_wd2e-3,24,5e-06,0.3,0.002,63.27,66.83,-3.56,0,2025-08-12 18:21:16,.,5e-06,0.3,0.002,False
lr5e-6_dr0.3_wd2e-3_focal_focal_focal,24,5e-06,0.3,0.002,59.0,65.01,-6.01,1,2025-08-12 18:21:22,.,5e-06,0.3,0.002,True
lr5e-6_dr0.3_wd5e-4,13,5e-06,0.3,0.0005,62.49,65.48,-2.99,0,2025-08-12 18:21:29,.,5e-06,0.3,0.0005,False
lr5e-6_dr0.3_wd5e-4_focal_focal_focal,13,5e-06,0.3,0.0005,58.35,62.43,-4.08,1,2025-08-12 18:21:31,.,5e-06,0.3,0.0005,True
lr5e-6_dr0.3_wd1e-3,13,5e-06,0.3,0.001,62.41,65.25,-2.84,0,2025-08-12 18:21:41,.,5e-06,0.3,0.001,False
lr5e-6_dr0.4_wd5e-4,25,5e-06,0.4,0.0005,63.04,66.53,-3.48,0,2025-08-12 18:23:06,.,5e-06,0.4,0.0005,False
lr5e-6_dr0.4_wd5e-4_focal_focal_focal,25,5e-06,0.4,0.0005,58.75,61.68,-2.93,1,2025-08-12 18:23:08,.,5e-06,0.4,0.0005,True
lr5e-6_dr0.3_wd2e-3,25,5e-06,0.3,0.002,63.42,67.37,-3.95,0,2025-08-12 18:23:14,.,5e-06,0.3,0.002,False
lr5e-6_dr0.3_wd2e-3_focal_focal_focal,25,5e-06,0.3,0.002,60.05,65.11,-5.06,1,2025-08-12 18:23:21,.,5e-06,0.3,0.002,True
lr5e-6_dr0.3_wd1e-3_focal_focal_focal,14,5e-06,0.3,0.001,59.07,63.26,-4.19,1,2025-08-12 18:24:31,.,5e-06,0.3,0.001,True
lr5e-6_dr0.4_wd5e-4,26,5e-06,0.4,0.0005,62.93,66.36,-3.44,0,2025-08-12 18:25:04,.,5e-06,0.4,0.0005,False
lr5e-6_dr0.4_wd5e-4_focal_focal_focal,26,5e-06,0.4,0.0005,58.49,62.49,-4.0,1,2025-08-12 18:25:05,.,5e-06,0.4,0.0005,True
lr5e-6_dr0.3_wd5e-4,14,5e-06,0.3,0.0005,62.76,66.0,-3.24,0,2025-08-12 18:25:09,.,5e-06,0.3,0.0005,False
lr5e-6_dr0.3_wd5e-4_focal_focal_focal,14,5e-06,0.3,0.0005,58.48,63.6,-5.12,1,2025-08-12 18:25:10,.,5e-06,0.3,0.0005,True
lr5e-6_dr0.3_wd2e-3,26,5e-06,0.3,0.002,63.54,66.81,-3.26,0,2025-08-12 18:25:13,.,5e-06,0.3,0.002,False
lr5e-6_dr0.3_wd2e-3_focal_focal_focal,26,5e-06,0.3,0.002,59.78,65.25,-5.48,1,2025-08-12 18:25:19,.,5e-06,0.3,0.002,True
lr5e-6_dr0.3_wd1e-3,14,5e-06,0.3,0.001,62.58,65.82,-3.24,0,2025-08-12 18:25:23,.,5e-06,0.3,0.001,False
lr5e-6_dr0.4_wd5e-4,27,5e-06,0.4,0.0005,63.88,66.85,-2.97,0,2025-08-12 18:26:59,.,5e-06,0.4,0.0005,False
lr5e-6_dr0.4_wd5e-4_focal_focal_focal,27,5e-06,0.4,0.0005,58.64,63.82,-5.19,1,2025-08-12 18:27:01,.,5e-06,0.4,0.0005,True
lr5e-6_dr0.3_wd2e-3,27,5e-06,0.3,0.002,63.65,68.02,-4.37,0,2025-08-12 18:27:09,.,5e-06,0.3,0.002,False
lr5e-6_dr0.3_wd2e-3_focal_focal_focal,27,5e-06,0.3,0.002,59.85,64.97,-5.13,1,2025-08-12 18:27:16,.,5e-06,0.3,0.002,True
lr5e-6_dr0.3_wd1e-3_focal_focal_focal,15,5e-06,0.3,0.001,58.81,63.66,-4.85,1,2025-08-12 18:28:08,.,5e-06,0.3,0.001,True
lr5e-6_dr0.3_wd5e-4,15,5e-06,0.3,0.0005,63.09,66.02,-2.93,0,2025-08-12 18:28:51,.,5e-06,0.3,0.0005,False
lr5e-6_dr0.3_wd5e-4_focal_focal_focal,15,5e-06,0.3,0.0005,58.53,63.36,-4.83,1,2025-08-12 18:28:52,.,5e-06,0.3,0.0005,True
lr5e-6_dr0.4_wd5e-4,28,5e-06,0.4,0.0005,63.53,66.14,-2.61,0,2025-08-12 18:28:56,.,5e-06,0.4,0.0005,False
lr5e-6_dr0.4_wd5e-4_focal_focal_focal,28,5e-06,0.4,0.0005,58.86,63.74,-4.88,1,2025-08-12 18:28:58,.,5e-06,0.4,0.0005,True
lr5e-6_dr0.3_wd1e-3,15,5e-06,0.3,0.001,62.96,66.12,-3.16,0,2025-08-12 18:29:05,.,5e-06,0.3,0.001,False
lr5e-6_dr0.3_wd2e-3,28,5e-06,0.3,0.002,63.69,67.07,-3.38,0,2025-08-12 18:29:06,.,5e-06,0.3,0.002,False
lr5e-6_dr0.3_wd2e-3_focal_focal_focal,28,5e-06,0.3,0.002,60.34,64.65,-4.31,1,2025-08-12 18:29:14,.,5e-06,0.3,0.002,True
lr5e-6_dr0.4_wd5e-4,29,5e-06,0.4,0.0005,63.95,66.63,-2.68,0,2025-08-12 18:30:51,.,5e-06,0.4,0.0005,False
lr5e-6_dr0.4_wd5e-4_focal_focal_focal,29,5e-06,0.4,0.0005,59.35,64.85,-5.5,1,2025-08-12 18:30:55,.,5e-06,0.4,0.0005,True
lr5e-6_dr0.3_wd2e-3,29,5e-06,0.3,0.002,64.04,67.03,-2.99,0,2025-08-12 18:31:03,.,5e-06,0.3,0.002,False
lr5e-6_dr0.3_wd2e-3_focal_focal_focal,29,5e-06,0.3,0.002,61.39,64.65,-3.26,1,2025-08-12 18:31:12,.,5e-06,0.3,0.002,True
lr5e-6_dr0.3_wd1e-3_focal_focal_focal,16,5e-06,0.3,0.001,58.96,64.53,-5.56,1,2025-08-12 18:31:45,.,5e-06,0.3,0.001,True
lr5e-6_dr0.3_wd5e-4,16,5e-06,0.3,0.0005,62.69,65.88,-3.19,0,2025-08-12 18:32:31,.,5e-06,0.3,0.0005,False
lr5e-6_dr0.3_wd5e-4_focal_focal_focal,16,5e-06,0.3,0.0005,58.93,63.66,-4.73,1,2025-08-12 18:32:33,.,5e-06,0.3,0.0005,True
lr5e-6_dr0.3_wd1e-3,16,5e-06,0.3,0.001,62.47,66.0,-3.53,0,2025-08-12 18:32:46,.,5e-06,0.3,0.001,False
lr5e-6_dr0.4_wd5e-4,30,5e-06,0.4,0.0005,64.2,67.17,-2.97,0,2025-08-12 18:32:48,.,5e-06,0.4,0.0005,False
lr5e-6_dr0.4_wd5e-4_focal_focal_focal,30,5e-06,0.4,0.0005,59.79,65.84,-6.05,1,2025-08-12 18:32:52,.,5e-06,0.4,0.0005,True
lr5e-6_dr0.3_wd2e-3,30,5e-06,0.3,0.002,64.22,67.7,-3.48,0,2025-08-12 18:33:00,.,5e-06,0.3,0.002,False
lr5e-6_dr0.3_wd2e-3_focal_focal_focal,30,5e-06,0.3,0.002,60.89,66.42,-5.54,1,2025-08-12 18:33:11,.,5e-06,0.3,0.002,True
lr5e-6_dr0.4_wd5e-4,31,5e-06,0.4,0.0005,64.29,66.85,-2.56,0,2025-08-12 18:34:46,.,5e-06,0.4,0.0005,False
lr5e-6_dr0.4_wd5e-4_focal_focal_focal,31,5e-06,0.4,0.0005,60.52,66.1,-5.58,1,2025-08-12 18:34:48,.,5e-06,0.4,0.0005,True
lr5e-6_dr0.3_wd2e-3,31,5e-06,0.3,0.002,65.05,67.76,-2.7,0,2025-08-12 18:34:58,.,5e-06,0.3,0.002,False
lr5e-6_dr0.3_wd2e-3_focal_focal_focal,31,5e-06,0.3,0.002,62.16,66.81,-4.65,1,2025-08-12 18:35:08,.,5e-06,0.3,0.002,True
lr5e-6_dr0.3_wd1e-3_focal_focal_focal,17,5e-06,0.3,0.001,58.95,63.94,-4.99,1,2025-08-12 18:35:23,.,5e-06,0.3,0.001,True
lr5e-6_dr0.3_wd5e-4,17,5e-06,0.3,0.0005,62.8,66.02,-3.22,0,2025-08-12 18:36:12,.,5e-06,0.3,0.0005,False
lr5e-6_dr0.3_wd5e-4_focal_focal_focal,17,5e-06,0.3,0.0005,58.43,63.8,-5.37,1,2025-08-12 18:36:14,.,5e-06,0.3,0.0005,True
lr5e-6_dr0.3_wd1e-3,17,5e-06,0.3,0.001,62.74,65.94,-3.2,0,2025-08-12 18:36:28,.,5e-06,0.3,0.001,False
lr5e-6_dr0.4_wd5e-4,32,5e-06,0.4,0.0005,65.27,67.27,-2.0,0,2025-08-12 18:36:42,.,5e-06,0.4,0.0005,False
lr5e-6_dr0.4_wd5e-4_focal_focal_focal,32,5e-06,0.4,0.0005,60.89,65.78,-4.89,1,2025-08-12 18:36:45,.,5e-06,0.4,0.0005,True
lr5e-6_dr0.3_wd2e-3,32,5e-06,0.3,0.002,65.12,67.84,-2.72,0,2025-08-12 18:36:55,.,5e-06,0.3,0.002,False
lr5e-6_dr0.3_wd2e-3_focal_focal_focal,32,5e-06,0.3,0.002,61.58,66.99,-5.41,1,2025-08-12 18:37:05,.,5e-06,0.3,0.002,True
lr5e-6_dr0.4_wd5e-4,33,5e-06,0.4,0.0005,64.92,67.09,-2.17,0,2025-08-12 18:38:40,.,5e-06,0.4,0.0005,False
lr5e-6_dr0.4_wd5e-4_focal_focal_focal,33,5e-06,0.4,0.0005,60.53,63.72,-3.19,1,2025-08-12 18:38:43,.,5e-06,0.4,0.0005,True
lr5e-6_dr0.3_wd2e-3,33,5e-06,0.3,0.002,65.79,67.55,-1.76,0,2025-08-12 18:38:54,.,5e-06,0.3,0.002,False
lr5e-6_dr0.3_wd1e-3_focal_focal_focal,18,5e-06,0.3,0.001,59.15,64.33,-5.18,1,2025-08-12 18:39:01,.,5e-06,0.3,0.001,True
lr5e-6_dr0.3_wd2e-3_focal_focal_focal,33,5e-06,0.3,0.002,61.91,66.63,-4.72,1,2025-08-12 18:39:04,.,5e-06,0.3,0.002,True
lr5e-6_dr0.3_wd5e-4,18,5e-06,0.3,0.0005,63.31,66.24,-2.94,0,2025-08-12 18:39:53,.,5e-06,0.3,0.0005,False
lr5e-6_dr0.3_wd5e-4_focal_focal_focal,18,5e-06,0.3,0.0005,59.2,64.16,-4.97,1,2025-08-12 18:39:56,.,5e-06,0.3,0.0005,True
lr5e-6_dr0.3_wd1e-3,18,5e-06,0.3,0.001,62.84,66.22,-3.38,0,2025-08-12 18:40:08,.,5e-06,0.3,0.001,False
lr5e-6_dr0.4_wd5e-4,34,5e-06,0.4,0.0005,64.66,67.98,-3.31,0,2025-08-12 18:40:36,.,5e-06,0.4,0.0005,False
lr5e-6_dr0.4_wd5e-4_focal_focal_focal,34,5e-06,0.4,0.0005,60.79,66.2,-5.41,1,2025-08-12 18:40:40,.,5e-06,0.4,0.0005,True
lr5e-6_dr0.3_wd2e-3,34,5e-06,0.3,0.002,65.36,68.0,-2.64,0,2025-08-12 18:40:51,.,5e-06,0.3,0.002,False
lr5e-6_dr0.3_wd2e-3_focal_focal_focal,34,5e-06,0.3,0.002,61.84,66.63,-4.79,1,2025-08-12 18:41:01,.,5e-06,0.3,0.002,True
lr5e-6_dr0.4_wd5e-4,35,5e-06,0.4,0.0005,65.53,67.17,-1.64,0,2025-08-12 18:42:33,.,5e-06,0.4,0.0005,False
lr5e-6_dr0.3_wd1e-3_focal_focal_focal,19,5e-06,0.3,0.001,59.5,64.67,-5.17,1,2025-08-12 18:42:37,.,5e-06,0.3,0.001,True
lr5e-6_dr0.4_wd5e-4_focal_focal_focal,35,5e-06,0.4,0.0005,60.57,67.15,-6.58,1,2025-08-12 18:42:38,.,5e-06,0.4,0.0005,True
lr5e-6_dr0.3_wd2e-3,35,5e-06,0.3,0.002,65.76,68.12,-2.36,0,2025-08-12 18:42:48,.,5e-06,0.3,0.002,False
lr5e-6_dr0.3_wd2e-3_focal_focal_focal,35,5e-06,0.3,0.002,62.49,66.46,-3.97,1,2025-08-12 18:42:58,.,5e-06,0.3,0.002,True
lr5e-6_dr0.3_wd5e-4,19,5e-06,0.3,0.0005,63.24,65.62,-2.38,0,2025-08-12 18:43:34,.,5e-06,0.3,0.0005,False
lr5e-6_dr0.3_wd5e-4_focal_focal_focal,19,5e-06,0.3,0.0005,58.9,63.46,-4.56,1,2025-08-12 18:43:37,.,5e-06,0.3,0.0005,True
lr5e-6_dr0.3_wd1e-3,19,5e-06,0.3,0.001,63.02,66.14,-3.12,0,2025-08-12 18:43:50,.,5e-06,0.3,0.001,False
lr5e-6_dr0.4_wd5e-4,36,5e-06,0.4,0.0005,64.96,68.56,-3.61,0,2025-08-12 18:44:29,.,5e-06,0.4,0.0005,False
lr5e-6_dr0.4_wd5e-4_focal_focal_focal,36,5e-06,0.4,0.0005,61.18,66.04,-4.86,1,2025-08-12 18:44:36,.,5e-06,0.4,0.0005,True
lr5e-6_dr0.3_wd2e-3,36,5e-06,0.3,0.002,65.89,68.02,-2.12,0,2025-08-12 18:44:46,.,5e-06,0.3,0.002,False
lr5e-6_dr0.3_wd2e-3_focal_focal_focal,36,5e-06,0.3,0.002,62.07,66.83,-4.76,1,2025-08-12 18:44:55,.,5e-06,0.3,0.002,True
lr5e-6_dr0.3_wd1e-3_focal_focal_focal,20,5e-06,0.3,0.001,58.89,64.31,-5.41,1,2025-08-12 18:46:15,.,5e-06,0.3,0.001,True
lr5e-6_dr0.4_wd5e-4,37,5e-06,0.4,0.0005,65.11,68.44,-3.33,0,2025-08-12 18:46:27,.,5e-06,0.4,0.0005,False
lr5e-6_dr0.4_wd5e-4_focal_focal_focal,37,5e-06,0.4,0.0005,61.4,66.16,-4.77,1,2025-08-12 18:46:33,.,5e-06,0.4,0.0005,True
lr5e-6_dr0.3_wd2e-3,37,5e-06,0.3,0.002,65.76,67.94,-2.17,0,2025-08-12 18:46:45,.,5e-06,0.3,0.002,False
lr5e-6_dr0.3_wd2e-3_focal_focal_focal,37,5e-06,0.3,0.002,62.18,66.57,-4.38,1,2025-08-12 18:46:52,.,5e-06,0.3,0.002,True
lr5e-6_dr0.3_wd5e-4,20,5e-06,0.3,0.0005,62.78,65.25,-2.48,0,2025-08-12 18:47:13,.,5e-06,0.3,0.0005,False
lr5e-6_dr0.3_wd5e-4_focal_focal_focal,20,5e-06,0.3,0.0005,58.38,63.34,-4.96,1,2025-08-12 18:47:16,.,5e-06,0.3,0.0005,True
lr5e-6_dr0.3_wd1e-3,20,5e-06,0.3,0.001,62.88,65.92,-3.04,0,2025-08-12 18:47:30,.,5e-06,0.3,0.001,False
lr5e-6_dr0.4_wd5e-4,38,5e-06,0.4,0.0005,65.38,68.16,-2.78,0,2025-08-12 18:48:25,.,5e-06,0.4,0.0005,False
lr5e-6_dr0.4_wd5e-4_focal_focal_focal,38,5e-06,0.4,0.0005,61.08,65.6,-4.51,1,2025-08-12 18:48:30,.,5e-06,0.4,0.0005,True
lr5e-6_dr0.3_wd2e-3,38,5e-06,0.3,0.002,66.14,68.5,-2.36,0,2025-08-12 18:48:43,.,5e-06,0.3,0.002,False
lr5e-6_dr0.3_wd2e-3_focal_focal_focal,38,5e-06,0.3,0.002,62.8,67.27,-4.47,1,2025-08-12 18:48:49,.,5e-06,0.3,0.002,True
lr5e-6_dr0.3_wd1e-3_focal_focal_focal,21,5e-06,0.3,0.001,59.19,64.73,-5.54,1,2025-08-12 18:49:52,.,5e-06,0.3,0.001,True
lr5e-6_dr0.4_wd5e-4,39,5e-06,0.4,0.0005,66.02,68.36,-2.35,0,2025-08-12 18:50:19,.,5e-06,0.4,0.0005,False
lr5e-6_dr0.4_wd5e-4_focal_focal_focal,39,5e-06,0.4,0.0005,61.75,65.31,-3.57,1,2025-08-12 18:50:25,.,5e-06,0.4,0.0005,True
lr5e-6_dr0.3_wd2e-3,39,5e-06,0.3,0.002,66.61,68.38,-1.78,0,2025-08-12 18:50:41,.,5e-06,0.3,0.002,False
lr5e-6_dr0.3_wd2e-3_focal_focal_focal,39,5e-06,0.3,0.002,62.99,67.41,-4.42,1,2025-08-12 18:50:47,.,5e-06,0.3,0.002,True
lr5e-6_dr0.3_wd5e-4,21,5e-06,0.3,0.0005,63.23,64.29,-1.06,0,2025-08-12 18:50:52,.,5e-06,0.3,0.0005,False
lr5e-6_dr0.3_wd5e-4_focal_focal_focal,21,5e-06,0.3,0.0005,58.76,64.0,-5.24,1,2025-08-12 18:50:55,.,5e-06,0.3,0.0005,True
lr5e-6_dr0.3_wd1e-3,21,5e-06,0.3,0.001,62.75,66.14,-3.39,0,2025-08-12 18:51:12,.,5e-06,0.3,0.001,False
lr5e-6_dr0.4_wd5e-4,40,5e-06,0.4,0.0005,66.51,69.03,-2.52,0,2025-08-12 18:52:17,.,5e-06,0.4,0.0005,False
lr5e-6_dr0.4_wd5e-4_focal_focal_focal,40,5e-06,0.4,0.0005,61.83,65.33,-3.51,1,2025-08-12 18:52:21,.,5e-06,0.4,0.0005,True
lr5e-6_dr0.3_wd2e-3,40,5e-06,0.3,0.002,66.89,68.95,-2.05,0,2025-08-12 18:52:37,.,5e-06,0.3,0.002,False
lr5e-6_dr0.3_wd2e-3_focal_focal_focal,40,5e-06,0.3,0.002,63.62,67.51,-3.89,1,2025-08-12 18:52:45,.,5e-06,0.3,0.002,True
lr5e-6_dr0.3_wd1e-3_focal_focal_focal,22,5e-06,0.3,0.001,60.04,65.05,-5.01,1,2025-08-12 18:53:30,.,5e-06,0.3,0.001,True
lr5e-6_dr0.4_wd5e-4,41,5e-06,0.4,0.0005,66.56,68.5,-1.95,0,2025-08-12 18:54:14,.,5e-06,0.4,0.0005,False
lr5e-6_dr0.4_wd5e-4_focal_focal_focal,41,5e-06,0.4,0.0005,62.06,65.64,-3.58,1,2025-08-12 18:54:17,.,5e-06,0.4,0.0005,True
lr5e-6_dr0.3_wd5e-4,22,5e-06,0.3,0.0005,63.28,65.25,-1.97,0,2025-08-12 18:54:31,.,5e-06,0.3,0.0005,False
lr5e-6_dr0.3_wd5e-4_focal_focal_focal,22,5e-06,0.3,0.0005,59.37,62.51,-3.14,1,2025-08-12 18:54:34,.,5e-06,0.3,0.0005,True
lr5e-6_dr0.3_wd2e-3,41,5e-06,0.3,0.002,66.76,68.32,-1.56,0,2025-08-12 18:54:36,.,5e-06,0.3,0.002,False
lr5e-6_dr0.3_wd2e-3_focal_focal_focal,41,5e-06,0.3,0.002,63.55,67.78,-4.22,1,2025-08-12 18:54:44,.,5e-06,0.3,0.002,True
lr5e-6_dr0.3_wd1e-3,22,5e-06,0.3,0.001,63.06,66.97,-3.91,0,2025-08-12 18:54:54,.,5e-06,0.3,0.001,False
lr5e-6_dr0.4_wd5e-4,42,5e-06,0.4,0.0005,66.71,68.66,-1.95,0,2025-08-12 18:56:11,.,5e-06,0.4,0.0005,False
lr5e-6_dr0.4_wd5e-4_focal_focal_focal,42,5e-06,0.4,0.0005,62.25,65.19,-2.95,1,2025-08-12 18:56:15,.,5e-06,0.4,0.0005,True
lr5e-6_dr0.3_wd2e-3,42,5e-06,0.3,0.002,66.97,68.74,-1.77,0,2025-08-12 18:56:33,.,5e-06,0.3,0.002,False
lr5e-6_dr0.3_wd2e-3_focal_focal_focal,42,5e-06,0.3,0.002,64.28,68.16,-3.88,1,2025-08-12 18:56:43,.,5e-06,0.3,0.002,True
lr5e-6_dr0.3_wd1e-3_focal_focal_focal,23,5e-06,0.3,0.001,59.94,65.72,-5.78,1,2025-08-12 18:57:09,.,5e-06,0.3,0.001,True
lr5e-6_dr0.4_wd5e-4,43,5e-06,0.4,0.0005,66.82,68.26,-1.44,0,2025-08-12 18:58:07,.,5e-06,0.4,0.0005,False
lr5e-6_dr0.4_wd5e-4_focal_focal_focal,43,5e-06,0.4,0.0005,62.81,66.42,-3.61,1,2025-08-12 18:58:11,.,5e-06,0.4,0.0005,True
lr5e-6_dr0.3_wd5e-4,23,5e-06,0.3,0.0005,63.18,66.44,-3.27,0,2025-08-12 18:58:11,.,5e-06,0.3,0.0005,False
lr5e-6_dr0.3_wd5e-4_focal_focal_focal,23,5e-06,0.3,0.0005,59.25,63.64,-4.39,1,2025-08-12 18:58:14,.,5e-06,0.3,0.0005,True
lr5e-6_dr0.3_wd2e-3,43,5e-06,0.3,0.002,67.09,68.16,-1.07,0,2025-08-12 18:58:31,.,5e-06,0.3,0.002,False
lr5e-6_dr0.3_wd1e-3,23,5e-06,0.3,0.001,62.96,66.75,-3.79,0,2025-08-12 18:58:35,.,5e-06,0.3,0.001,False
lr5e-6_dr0.3_wd2e-3_focal_focal_focal,43,5e-06,0.3,0.002,63.83,68.22,-4.39,1,2025-08-12 18:58:42,.,5e-06,0.3,0.002,True
lr5e-6_dr0.4_wd5e-4,44,5e-06,0.4,0.0005,67.35,68.87,-1.51,0,2025-08-12 19:00:02,.,5e-06,0.4,0.0005,False
lr5e-6_dr0.4_wd5e-4_focal_focal_focal,44,5e-06,0.4,0.0005,62.7,66.61,-3.91,1,2025-08-12 19:00:07,.,5e-06,0.4,0.0005,True
lr5e-6_dr0.3_wd2e-3,44,5e-06,0.3,0.002,67.54,68.91,-1.36,0,2025-08-12 19:00:27,.,5e-06,0.3,0.002,False
lr5e-6_dr0.3_wd2e-3_focal_focal_focal,44,5e-06,0.3,0.002,64.29,68.74,-4.46,1,2025-08-12 19:00:38,.,5e-06,0.3,0.002,True
lr5e-6_dr0.3_wd1e-3_focal_focal_focal,24,5e-06,0.3,0.001,59.53,65.6,-6.06,1,2025-08-12 19:00:47,.,5e-06,0.3,0.001,True
lr5e-6_dr0.3_wd5e-4,24,5e-06,0.3,0.0005,63.37,66.63,-3.26,0,2025-08-12 19:01:52,.,5e-06,0.3,0.0005,False
lr5e-6_dr0.3_wd5e-4_focal_focal_focal,24,5e-06,0.3,0.0005,59.01,63.84,-4.83,1,2025-08-12 19:01:55,.,5e-06,0.3,0.0005,True
lr5e-6_dr0.4_wd5e-4,45,5e-06,0.4,0.0005,67.31,67.92,-0.61,0,2025-08-12 19:02:00,.,5e-06,0.4,0.0005,False
lr5e-6_dr0.4_wd5e-4_focal_focal_focal,45,5e-06,0.4,0.0005,63.06,65.9,-2.83,1,2025-08-12 19:02:07,.,5e-06,0.4,0.0005,True
lr5e-6_dr0.3_wd1e-3,24,5e-06,0.3,0.001,63.23,67.37,-4.14,0,2025-08-12 19:02:16,.,5e-06,0.3,0.001,False
lr5e-6_dr0.3_wd2e-3,45,5e-06,0.3,0.002,67.66,67.98,-0.32,0,2025-08-12 19:02:26,.,5e-06,0.3,0.002,False
lr5e-6_dr0.3_wd2e-3_focal_focal_focal,45,5e-06,0.3,0.002,64.52,68.72,-4.21,1,2025-08-12 19:02:38,.,5e-06,0.3,0.002,True
lr5e-6_dr0.4_wd5e-4,46,5e-06,0.4,0.0005,67.64,69.19,-1.55,0,2025-08-12 19:03:57,.,5e-06,0.4,0.0005,False
lr5e-6_dr0.4_wd5e-4_focal_focal_focal,46,5e-06,0.4,0.0005,62.68,67.45,-4.78,1,2025-08-12 19:04:06,.,5e-06,0.4,0.0005,True
lr5e-6_dr0.3_wd2e-3,46,5e-06,0.3,0.002,68.03,68.91,-0.87,0,2025-08-12 19:04:24,.,5e-06,0.3,0.002,False
lr5e-6_dr0.3_wd1e-3_focal_focal_focal,25,5e-06,0.3,0.001,60.11,65.9,-5.79,1,2025-08-12 19:04:26,.,5e-06,0.3,0.001,True
lr5e-6_dr0.3_wd2e-3_focal_focal_focal,46,5e-06,0.3,0.002,64.44,68.91,-4.46,1,2025-08-12 19:04:37,.,5e-06,0.3,0.002,True
lr5e-6_dr0.3_wd5e-4,25,5e-06,0.3,0.0005,63.95,66.55,-2.6,0,2025-08-12 19:05:32,.,5e-06,0.3,0.0005,False
lr5e-6_dr0.3_wd5e-4_focal_focal_focal,25,5e-06,0.3,0.0005,60.1,63.88,-3.78,1,2025-08-12 19:05:36,.,5e-06,0.3,0.0005,True
lr5e-6_dr0.4_wd5e-4,47,5e-06,0.4,0.0005,68.07,68.79,-0.71,0,2025-08-12 19:05:55,.,5e-06,0.4,0.0005,False
lr5e-6_dr0.3_wd1e-3,25,5e-06,0.3,0.001,63.97,67.7,-3.73,0,2025-08-12 19:05:58,.,5e-06,0.3,0.001,False
lr5e-6_dr0.4_wd5e-4_focal_focal_focal,47,5e-06,0.4,0.0005,63.76,67.29,-3.53,1,2025-08-12 19:06:04,.,5e-06,0.4,0.0005,True
lr5e-6_dr0.3_wd2e-3,47,5e-06,0.3,0.002,68.57,69.09,-0.52,0,2025-08-12 19:06:23,.,5e-06,0.3,0.002,False
lr5e-6_dr0.3_wd2e-3_focal_focal_focal,47,5e-06,0.3,0.002,65.05,68.12,-3.07,1,2025-08-12 19:06:36,.,5e-06,0.3,0.002,True
lr5e-6_dr0.4_wd5e-4,48,5e-06,0.4,0.0005,67.71,68.28,-0.58,0,2025-08-12 19:07:52,.,5e-06,0.4,0.0005,False
lr5e-6_dr0.4_wd5e-4_focal_focal_focal,48,5e-06,0.4,0.0005,62.62,67.96,-5.34,1,2025-08-12 19:07:59,.,5e-06,0.4,0.0005,True
lr5e-6_dr0.3_wd1e-3_focal_focal_focal,26,5e-06,0.3,0.001,60.54,65.25,-4.71,1,2025-08-12 19:08:05,.,5e-06,0.3,0.001,True
lr5e-6_dr0.3_wd2e-3,48,5e-06,0.3,0.002,68.16,68.68,-0.52,0,2025-08-12 19:08:20,.,5e-06,0.3,0.002,False
lr5e-6_dr0.3_wd2e-3_focal_focal_focal,48,5e-06,0.3,0.002,64.36,68.46,-4.1,1,2025-08-12 19:08:30,.,5e-06,0.3,0.002,True
lr5e-6_dr0.3_wd5e-4,26,5e-06,0.3,0.0005,64.22,68.36,-4.14,0,2025-08-12 19:09:11,.,5e-06,0.3,0.0005,False
lr5e-6_dr0.3_wd5e-4_focal_focal_focal,26,5e-06,0.3,0.0005,61.01,65.01,-4.0,1,2025-08-12 19:09:17,.,5e-06,0.3,0.0005,True
lr5e-6_dr0.3_wd1e-3,26,5e-06,0.3,0.001,64.09,64.55,-0.45,0,2025-08-12 19:09:40,.,5e-06,0.3,0.001,False
lr5e-6_dr0.4_wd5e-4,49,5e-06,0.4,0.0005,68.06,68.68,-0.63,0,2025-08-12 19:09:47,.,5e-06,0.4,0.0005,False
lr5e-6_dr0.4_wd5e-4_focal_focal_focal,49,5e-06,0.4,0.0005,63.81,67.53,-3.72,1,2025-08-12 19:09:55,.,5e-06,0.4,0.0005,True
lr5e-6_dr0.3_wd2e-3,49,5e-06,0.3,0.002,68.83,68.99,-0.16,0,2025-08-12 19:10:15,.,5e-06,0.3,0.002,False
lr5e-6_dr0.3_wd2e-3_focal_focal_focal,49,5e-06,0.3,0.002,65.0,68.87,-3.86,1,2025-08-12 19:10:27,.,5e-06,0.3,0.002,True
lr5e-6_dr0.3_wd1e-3_focal_focal_focal,27,5e-06,0.3,0.001,60.46,65.72,-5.26,1,2025-08-12 19:11:41,.,5e-06,0.3,0.001,True
lr5e-6_dr0.4_wd5e-4,50,5e-06,0.4,0.0005,67.86,68.85,-0.99,0,2025-08-12 19:11:44,.,5e-06,0.4,0.0005,False
lr5e-6_dr0.4_wd5e-4_focal_focal_focal,50,5e-06,0.4,0.0005,63.32,68.32,-5.0,1,2025-08-12 19:11:52,.,5e-06,0.4,0.0005,True
lr5e-6_dr0.3_wd2e-3,50,5e-06,0.3,0.002,68.37,69.11,-0.74,0,2025-08-12 19:12:12,.,5e-06,0.3,0.002,False
lr5e-6_dr0.3_wd2e-3_focal_focal_focal,50,5e-06,0.3,0.002,64.97,68.83,-3.86,1,2025-08-12 19:12:24,.,5e-06,0.3,0.002,True
lr5e-6_dr0.3_wd5e-4,27,5e-06,0.3,0.0005,64.52,68.77,-4.24,0,2025-08-12 19:12:52,.,5e-06,0.3,0.0005,False
lr5e-6_dr0.3_wd5e-4_focal_focal_focal,27,5e-06,0.3,0.0005,60.24,65.62,-5.38,1,2025-08-12 19:12:58,.,5e-06,0.3,0.0005,True
lr5e-6_dr0.3_wd1e-3,27,5e-06,0.3,0.001,64.24,67.35,-3.12,0,2025-08-12 19:13:20,.,5e-06,0.3,0.001,False
lr5e-6_dr0.4_wd5e-4,51,5e-06,0.4,0.0005,68.33,68.7,-0.37,0,2025-08-12 19:13:43,.,5e-06,0.4,0.0005,False
lr5e-6_dr0.4_wd5e-4_focal_focal_focal,51,5e-06,0.4,0.0005,63.46,67.57,-4.12,1,2025-08-12 19:13:50,.,5e-06,0.4,0.0005,True
lr5e-6_dr0.3_wd2e-3,51,5e-06,0.3,0.002,68.76,69.19,-0.43,0,2025-08-12 19:14:11,.,5e-06,0.3,0.002,False
lr5e-6_dr0.3_wd2e-3_focal_focal_focal,51,5e-06,0.3,0.002,64.73,68.74,-4.01,1,2025-08-12 19:14:22,.,5e-06,0.3,0.002,True
lr5e-6_dr0.3_wd1e-3_focal_focal_focal,28,5e-06,0.3,0.001,60.85,66.3,-5.46,1,2025-08-12 19:15:18,.,5e-06,0.3,0.001,True
lr5e-6_dr0.4_wd5e-4,52,5e-06,0.4,0.0005,68.14,68.89,-0.75,0,2025-08-12 19:15:38,.,5e-06,0.4,0.0005,False
lr5e-6_dr0.4_wd5e-4_focal_focal_focal,52,5e-06,0.4,0.0005,63.33,67.68,-4.35,1,2025-08-12 19:15:48,.,5e-06,0.4,0.0005,True
lr5e-6_dr0.3_wd2e-3,52,5e-06,0.3,0.002,68.65,68.97,-0.31,0,2025-08-12 19:16:08,.,5e-06,0.3,0.002,False
lr5e-6_dr0.3_wd2e-3_focal_focal_focal,52,5e-06,0.3,0.002,64.79,69.09,-4.3,1,2025-08-12 19:16:18,.,5e-06,0.3,0.002,True
lr5e-6_dr0.3_wd5e-4,28,5e-06,0.3,0.0005,64.58,68.44,-3.86,0,2025-08-12 19:16:32,.,5e-06,0.3,0.0005,False
lr5e-6_dr0.3_wd5e-4_focal_focal_focal,28,5e-06,0.3,0.0005,60.79,64.45,-3.65,1,2025-08-12 19:16:38,.,5e-06,0.3,0.0005,True
lr5e-6_dr0.3_wd1e-3,28,5e-06,0.3,0.001,64.39,68.46,-4.08,0,2025-08-12 19:16:59,.,5e-06,0.3,0.001,False
lr5e-6_dr0.4_wd5e-4,53,5e-06,0.4,0.0005,68.16,69.05,-0.89,0,2025-08-12 19:17:36,.,5e-06,0.4,0.0005,False
lr5e-6_dr0.4_wd5e-4_focal_focal_focal,53,5e-06,0.4,0.0005,63.55,68.02,-4.46,1,2025-08-12 19:17:46,.,5e-06,0.4,0.0005,True
lr5e-6_dr0.3_wd2e-3,53,5e-06,0.3,0.002,68.69,69.23,-0.53,0,2025-08-12 19:18:07,.,5e-06,0.3,0.002,False
lr5e-6_dr0.3_wd2e-3_focal_focal_focal,53,5e-06,0.3,0.002,65.11,68.81,-3.7,1,2025-08-12 19:18:17,.,5e-06,0.3,0.002,True
lr5e-6_dr0.3_wd1e-3_focal_focal_focal,29,5e-06,0.3,0.001,60.68,66.71,-6.03,1,2025-08-12 19:18:56,.,5e-06,0.3,0.001,True
lr5e-6_dr0.4_wd5e-4,54,5e-06,0.4,0.0005,68.33,68.77,-0.43,0,2025-08-12 19:19:33,.,5e-06,0.4,0.0005,False
lr5e-6_dr0.4_wd5e-4_focal_focal_focal,54,5e-06,0.4,0.0005,63.08,67.43,-4.35,1,2025-08-12 19:19:43,.,5e-06,0.4,0.0005,True
lr5e-6_dr0.3_wd2e-3,54,5e-06,0.3,0.002,69.27,68.81,0.46,0,2025-08-12 19:20:03,.,5e-06,0.3,0.002,False
lr5e-6_dr0.3_wd2e-3_focal_focal_focal,54,5e-06,0.3,0.002,65.03,68.89,-3.86,1,2025-08-12 19:20:12,.,5e-06,0.3,0.002,True
lr5e-6_dr0.3_wd5e-4,29,5e-06,0.3,0.0005,65.0,67.88,-2.88,0,2025-08-12 19:20:12,.,5e-06,0.3,0.0005,False
lr5e-6_dr0.3_wd5e-4_focal_focal_focal,29,5e-06,0.3,0.0005,61.05,65.33,-4.28,1,2025-08-12 19:20:18,.,5e-06,0.3,0.0005,True
lr5e-6_dr0.3_wd1e-3,29,5e-06,0.3,0.001,64.1,68.3,-4.2,0,2025-08-12 19:20:41,.,5e-06,0.3,0.001,False
lr5e-6_dr0.4_wd5e-4,55,5e-06,0.4,0.0005,68.61,69.07,-0.45,0,2025-08-12 19:21:31,.,5e-06,0.4,0.0005,False
lr5e-6_dr0.4_wd5e-4_focal_focal_focal,55,5e-06,0.4,0.0005,63.88,67.86,-3.98,1,2025-08-12 19:21:41,.,5e-06,0.4,0.0005,True
lr5e-6_dr0.3_wd2e-3,55,5e-06,0.3,0.002,69.07,69.09,-0.02,0,2025-08-12 19:22:00,.,5e-06,0.3,0.002,False
lr5e-6_dr0.3_wd2e-3_focal_focal_focal,55,5e-06,0.3,0.002,65.24,68.26,-3.02,1,2025-08-12 19:22:11,.,5e-06,0.3,0.002,True
lr5e-6_dr0.3_wd1e-3_focal_focal_focal,30,5e-06,0.3,0.001,61.08,66.28,-5.21,1,2025-08-12 19:22:34,.,5e-06,0.3,0.001,True
lr5e-6_dr0.4_wd5e-4,56,5e-06,0.4,0.0005,68.82,68.81,0.02,0,2025-08-12 19:23:32,.,5e-06,0.4,0.0005,False
lr5e-6_dr0.4_wd5e-4_focal_focal_focal,56,5e-06,0.4,0.0005,63.9,68.08,-4.18,1,2025-08-12 19:23:41,.,5e-06,0.4,0.0005,True
lr5e-6_dr0.3_wd5e-4,30,5e-06,0.3,0.0005,65.21,68.85,-3.64,0,2025-08-12 19:23:51,.,5e-06,0.3,0.0005,False
lr5e-6_dr0.3_wd5e-4_focal_focal_focal,30,5e-06,0.3,0.0005,61.65,65.11,-3.46,1,2025-08-12 19:23:58,.,5e-06,0.3,0.0005,True
lr5e-6_dr0.3_wd2e-3,56,5e-06,0.3,0.002,69.2,69.11,0.09,0,2025-08-12 19:24:00,.,5e-06,0.3,0.002,False
lr5e-6_dr0.3_wd2e-3_focal_focal_focal,56,5e-06,0.3,0.002,65.92,68.48,-2.57,1,2025-08-12 19:24:09,.,5e-06,0.3,0.002,True
lr5e-6_dr0.3_wd1e-3,30,5e-06,0.3,0.001,64.85,66.85,-2.0,0,2025-08-12 19:24:22,.,5e-06,0.3,0.001,False
lr5e-6_dr0.4_wd5e-4,57,5e-06,0.4,0.0005,68.38,68.87,-0.48,0,2025-08-12 19:25:29,.,5e-06,0.4,0.0005,False
lr5e-6_dr0.4_wd5e-4_focal_focal_focal,57,5e-06,0.4,0.0005,63.63,67.94,-4.31,1,2025-08-12 19:25:40,.,5e-06,0.4,0.0005,True
lr5e-6_dr0.3_wd2e-3,57,5e-06,0.3,0.002,69.24,69.15,0.09,0,2025-08-12 19:25:58,.,5e-06,0.3,0.002,False
lr5e-6_dr0.3_wd2e-3_focal_focal_focal,57,5e-06,0.3,0.002,65.55,68.95,-3.4,1,2025-08-12 19:26:06,.,5e-06,0.3,0.002,True
lr5e-6_dr0.3_wd1e-3_focal_focal_focal,31,5e-06,0.3,0.001,61.53,66.89,-5.36,1,2025-08-12 19:26:11,.,5e-06,0.3,0.001,True
lr5e-6_dr0.4_wd5e-4,58,5e-06,0.4,0.0005,68.41,68.95,-0.53,0,2025-08-12 19:27:25,.,5e-06,0.4,0.0005,False
lr5e-6_dr0.3_wd5e-4,31,5e-06,0.3,0.0005,64.99,68.95,-3.96,0,2025-08-12 19:27:31,.,5e-06,0.3,0.0005,False
lr5e-6_dr0.4_wd5e-4_focal_focal_focal,58,5e-06,0.4,0.0005,63.58,67.25,-3.67,1,2025-08-12 19:27:37,.,5e-06,0.4,0.0005,True
lr5e-6_dr0.3_wd5e-4_focal_focal_focal,31,5e-06,0.3,0.0005,60.96,65.88,-4.92,1,2025-08-12 19:27:38,.,5e-06,0.3,0.0005,True
lr5e-6_dr0.3_wd2e-3,58,5e-06,0.3,0.002,68.84,68.85,-0.01,0,2025-08-12 19:27:56,.,5e-06,0.3,0.002,False
lr5e-6_dr0.3_wd1e-3,31,5e-06,0.3,0.001,65.26,66.59,-1.32,0,2025-08-12 19:28:02,.,5e-06,0.3,0.001,False
lr5e-6_dr0.3_wd2e-3_focal_focal_focal,58,5e-06,0.3,0.002,65.26,69.05,-3.79,1,2025-08-12 19:28:03,.,5e-06,0.3,0.002,True
lr5e-6_dr0.4_wd5e-4,59,5e-06,0.4,0.0005,68.5,69.19,-0.69,0,2025-08-12 19:29:21,.,5e-06,0.4,0.0005,False
lr5e-6_dr0.4_wd5e-4_focal_focal_focal,59,5e-06,0.4,0.0005,63.66,68.38,-4.73,1,2025-08-12 19:29:33,.,5e-06,0.4,0.0005,True
lr5e-6_dr0.3_wd1e-3_focal_focal_focal,32,5e-06,0.3,0.001,61.96,67.11,-5.16,1,2025-08-12 19:29:50,.,5e-06,0.3,0.001,True
lr5e-6_dr0.3_wd2e-3,59,5e-06,0.3,0.002,69.13,69.25,-0.12,0,2025-08-12 19:29:52,.,5e-06,0.3,0.002,False
lr5e-6_dr0.3_wd2e-3_focal_focal_focal,59,5e-06,0.3,0.002,65.12,69.17,-4.05,1,2025-08-12 19:30:01,.,5e-06,0.3,0.002,True
lr5e-6_dr0.3_wd5e-4,32,5e-06,0.3,0.0005,65.3,68.89,-3.58,0,2025-08-12 19:31:12,.,5e-06,0.3,0.0005,False
lr5e-6_dr0.3_wd5e-4_focal_focal_focal,32,5e-06,0.3,0.0005,61.84,66.97,-5.13,1,2025-08-12 19:31:18,.,5e-06,0.3,0.0005,True
lr5e-6_dr0.4_wd5e-4,60,5e-06,0.4,0.0005,68.55,68.93,-0.37,0,2025-08-12 19:31:19,.,5e-06,0.4,0.0005,False
lr5e-6_dr0.4_wd5e-4_focal_focal_focal,60,5e-06,0.4,0.0005,64.18,67.55,-3.37,1,2025-08-12 19:31:32,.,5e-06,0.4,0.0005,True
lr5e-6_dr0.3_wd1e-3,32,5e-06,0.3,0.001,65.71,68.87,-3.16,0,2025-08-12 19:31:42,.,5e-06,0.3,0.001,False
lr5e-6_dr0.3_wd2e-3,60,5e-06,0.3,0.002,68.91,69.07,-0.16,0,2025-08-12 19:31:51,.,5e-06,0.3,0.002,False
lr5e-6_dr0.3_wd2e-3_focal_focal_focal,60,5e-06,0.3,0.002,65.83,68.58,-2.75,1,2025-08-12 19:31:59,.,5e-06,0.3,0.002,True
lr5e-6_dr0.4_wd5e-4,61,5e-06,0.4,0.0005,67.86,69.03,-1.17,0,2025-08-12 19:33:16,.,5e-06,0.4,0.0005,False
lr5e-6_dr0.3_wd1e-3_focal_focal_focal,33,5e-06,0.3,0.001,62.46,66.67,-4.2,1,2025-08-12 19:33:28,.,5e-06,0.3,0.001,True
lr5e-6_dr0.4_wd5e-4_focal_focal_focal,61,5e-06,0.4,0.0005,63.96,68.14,-4.18,1,2025-08-12 19:33:29,.,5e-06,0.4,0.0005,True
lr5e-6_dr0.3_wd2e-3,61,5e-06,0.3,0.002,68.61,68.87,-0.25,0,2025-08-12 19:33:48,.,5e-06,0.3,0.002,False
lr5e-6_dr0.3_wd2e-3_focal_focal_focal,61,5e-06,0.3,0.002,65.63,69.17,-3.54,1,2025-08-12 19:33:57,.,5e-06,0.3,0.002,True
lr5e-6_dr0.3_wd5e-4,33,5e-06,0.3,0.0005,66.03,69.09,-3.06,0,2025-08-12 19:34:52,.,5e-06,0.3,0.0005,False
lr5e-6_dr0.3_wd5e-4_focal_focal_focal,33,5e-06,0.3,0.0005,62.32,65.29,-2.98,1,2025-08-12 19:34:59,.,5e-06,0.3,0.0005,True
lr5e-6_dr0.4_wd5e-4,62,5e-06,0.4,0.0005,68.26,67.92,0.34,0,2025-08-12 19:35:13,.,5e-06,0.4,0.0005,False
lr5e-6_dr0.3_wd1e-3,33,5e-06,0.3,0.001,65.84,67.9,-2.06,0,2025-08-12 19:35:23,.,5e-06,0.3,0.001,False
lr5e-6_dr0.4_wd5e-4_focal_focal_focal,62,5e-06,0.4,0.0005,63.37,67.37,-4.01,1,2025-08-12 19:35:26,.,5e-06,0.4,0.0005,True
lr5e-6_dr0.3_wd2e-3,62,5e-06,0.3,0.002,68.59,68.58,0.01,0,2025-08-12 19:35:45,.,5e-06,0.3,0.002,False
lr5e-6_dr0.3_wd2e-3_focal_focal_focal,62,5e-06,0.3,0.002,64.94,69.43,-4.49,1,2025-08-12 19:35:55,.,5e-06,0.3,0.002,True
lr5e-6_dr0.3_wd1e-3_focal_focal_focal,34,5e-06,0.3,0.001,63.05,66.44,-3.39,1,2025-08-12 19:37:05,.,5e-06,0.3,0.001,True
lr5e-6_dr0.4_wd5e-4,63,5e-06,0.4,0.0005,68.17,68.52,-0.35,0,2025-08-12 19:37:09,.,5e-06,0.4,0.0005,False
lr5e-6_dr0.4_wd5e-4_focal_focal_focal,63,5e-06,0.4,0.0005,63.46,68.26,-4.8,1,2025-08-12 19:37:22,.,5e-06,0.4,0.0005,True
lr5e-6_dr0.3_wd2e-3,63,5e-06,0.3,0.002,69.09,68.46,0.63,0,2025-08-12 19:37:41,.,5e-06,0.3,0.002,False
lr5e-6_dr0.3_wd2e-3_focal_focal_focal,63,5e-06,0.3,0.002,65.16,69.19,-4.03,1,2025-08-12 19:37:53,.,5e-06,0.3,0.002,True
lr5e-6_dr0.3_wd5e-4,34,5e-06,0.3,0.0005,66.24,69.19,-2.95,0,2025-08-12 19:38:32,.,5e-06,0.3,0.0005,False
lr5e-6_dr0.3_wd5e-4_focal_focal_focal,34,5e-06,0.3,0.0005,62.45,65.64,-3.19,1,2025-08-12 19:38:39,.,5e-06,0.3,0.0005,True
lr5e-6_dr0.3_wd1e-3,34,5e-06,0.3,0.001,66.16,68.7,-2.54,0,2025-08-12 19:39:03,.,5e-06,0.3,0.001,False
lr5e-6_dr0.4_wd5e-4,64,5e-06,0.4,0.0005,68.91,68.7,0.2,0,2025-08-12 19:39:06,.,5e-06,0.4,0.0005,False
lr5e-6_dr0.4_wd5e-4_focal_focal_focal,64,5e-06,0.4,0.0005,63.82,68.6,-4.78,1,2025-08-12 19:39:21,.,5e-06,0.4,0.0005,True
lr5e-6_dr0.3_wd2e-3,64,5e-06,0.3,0.002,69.08,68.48,0.6,0,2025-08-12 19:39:39,.,5e-06,0.3,0.002,False
lr5e-6_dr0.3_wd2e-3_focal_focal_focal,64,5e-06,0.3,0.002,65.46,69.13,-3.67,1,2025-08-12 19:39:50,.,5e-06,0.3,0.002,True
lr5e-6_dr0.3_wd1e-3_focal_focal_focal,35,5e-06,0.3,0.001,62.88,67.86,-4.98,1,2025-08-12 19:40:42,.,5e-06,0.3,0.001,True
lr5e-6_dr0.4_wd5e-4,65,5e-06,0.4,0.0005,69.11,69.43,-0.32,0,2025-08-12 19:41:04,.,5e-06,0.4,0.0005,False
lr5e-6_dr0.4_wd5e-4_focal_focal_focal,65,5e-06,0.4,0.0005,63.95,68.0,-4.05,1,2025-08-12 19:41:20,.,5e-06,0.4,0.0005,True
lr5e-6_dr0.3_wd2e-3,65,5e-06,0.3,0.002,69.75,70.04,-0.29,0,2025-08-12 19:41:37,.,5e-06,0.3,0.002,False
lr5e-6_dr0.3_wd2e-3_focal_focal_focal,65,5e-06,0.3,0.002,65.97,69.13,-3.16,1,2025-08-12 19:41:49,.,5e-06,0.3,0.002,True
lr5e-6_dr0.3_wd5e-4,35,5e-06,0.3,0.0005,66.26,68.74,-2.49,0,2025-08-12 19:42:13,.,5e-06,0.3,0.0005,False
lr5e-6_dr0.3_wd5e-4_focal_focal_focal,35,5e-06,0.3,0.0005,62.18,66.02,-3.84,1,2025-08-12 19:42:20,.,5e-06,0.3,0.0005,True
lr5e-6_dr0.3_wd1e-3,35,5e-06,0.3,0.001,66.39,68.38,-1.99,0,2025-08-12 19:42:44,.,5e-06,0.3,0.001,False
lr5e-6_dr0.4_wd5e-4,66,5e-06,0.4,0.0005,69.58,68.42,1.16,0,2025-08-12 19:43:04,.,5e-06,0.4,0.0005,False
lr5e-6_dr0.4_wd5e-4_focal_focal_focal,66,5e-06,0.4,0.0005,64.96,68.36,-3.4,1,2025-08-12 19:43:20,.,5e-06,0.4,0.0005,True
lr5e-6_dr0.3_wd2e-3,66,5e-06,0.3,0.002,70.14,69.23,0.91,0,2025-08-12 19:43:36,.,5e-06,0.3,0.002,False
lr5e-6_dr0.3_wd2e-3_focal_focal_focal,66,5e-06,0.3,0.002,66.48,67.84,-1.36,1,2025-08-12 19:43:48,.,5e-06,0.3,0.002,True
lr5e-6_dr0.3_wd1e-3_focal_focal_focal,36,5e-06,0.3,0.001,63.03,68.2,-5.17,1,2025-08-12 19:44:20,.,5e-06,0.3,0.001,True
lr5e-6_dr0.4_wd5e-4,67,5e-06,0.4,0.0005,69.98,69.05,0.93,0,2025-08-12 19:45:01,.,5e-06,0.4,0.0005,False
lr5e-6_dr0.4_wd5e-4_focal_focal_focal,67,5e-06,0.4,0.0005,64.27,68.52,-4.26,1,2025-08-12 19:45:18,.,5e-06,0.4,0.0005,True
lr5e-6_dr0.3_wd2e-3,67,5e-06,0.3,0.002,70.34,68.89,1.46,0,2025-08-12 19:45:33,.,5e-06,0.3,0.002,False
lr5e-6_dr0.3_wd2e-3_focal_focal_focal,67,5e-06,0.3,0.002,66.11,69.37,-3.26,1,2025-08-12 19:45:45,.,5e-06,0.3,0.002,True
lr5e-6_dr0.3_wd5e-4,36,5e-06,0.3,0.0005,66.79,68.95,-2.15,0,2025-08-12 19:45:54,.,5e-06,0.3,0.0005,False
lr5e-6_dr0.3_wd5e-4_focal_focal_focal,36,5e-06,0.3,0.0005,63.09,66.38,-3.29,1,2025-08-12 19:46:01,.,5e-06,0.3,0.0005,True
lr5e-6_dr0.3_wd1e-3,36,5e-06,0.3,0.001,66.71,68.44,-1.74,0,2025-08-12 19:46:24,.,5e-06,0.3,0.001,False
lr5e-6_dr0.4_wd5e-4,68,5e-06,0.4,0.0005,70.44,68.7,1.74,0,2025-08-12 19:47:01,.,5e-06,0.4,0.0005,False
lr5e-6_dr0.4_wd5e-4_focal_focal_focal,68,5e-06,0.4,0.0005,64.44,68.5,-4.06,1,2025-08-12 19:47:18,.,5e-06,0.4,0.0005,True
lr5e-6_dr0.3_wd2e-3,68,5e-06,0.3,0.002,70.89,69.03,1.86,0,2025-08-12 19:47:31,.,5e-06,0.3,0.002,False
lr5e-6_dr0.3_wd2e-3_focal_focal_focal,68,5e-06,0.3,0.002,66.4,69.96,-3.56,1,2025-08-12 19:47:46,.,5e-06,0.3,0.002,True
lr5e-6_dr0.3_wd1e-3_focal_focal_focal,37,5e-06,0.3,0.001,63.4,69.15,-5.75,1,2025-08-12 19:47:58,.,5e-06,0.3,0.001,True
lr5e-6_dr0.4_wd5e-4,69,5e-06,0.4,0.0005,70.59,68.58,2.01,0,2025-08-12 19:49:00,.,5e-06,0.4,0.0005,False
lr5e-6_dr0.4_wd5e-4_focal_focal_focal,69,5e-06,0.4,0.0005,65.37,68.58,-3.21,1,2025-08-12 19:49:16,.,5e-06,0.4,0.0005,True
lr5e-6_dr0.3_wd2e-3,69,5e-06,0.3,0.002,71.48,68.87,2.62,0,2025-08-12 19:49:28,.,5e-06,0.3,0.002,False
lr5e-6_dr0.3_wd5e-4,37,5e-06,0.3,0.0005,67.04,68.93,-1.88,0,2025-08-12 19:49:33,.,5e-06,0.3,0.0005,False
lr5e-6_dr0.3_wd5e-4_focal_focal_focal,37,5e-06,0.3,0.0005,63.09,64.79,-1.7,1,2025-08-12 19:49:41,.,5e-06,0.3,0.0005,True
lr5e-6_dr0.3_wd2e-3_focal_focal_focal,69,5e-06,0.3,0.002,66.78,69.03,-2.24,1,2025-08-12 19:49:45,.,5e-06,0.3,0.002,True
lr5e-6_dr0.3_wd1e-3,37,5e-06,0.3,0.001,66.59,69.19,-2.6,0,2025-08-12 19:50:04,.,5e-06,0.3,0.001,False
lr5e-6_dr0.4_wd5e-4,70,5e-06,0.4,0.0005,71.57,68.81,2.77,0,2025-08-12 19:50:57,.,5e-06,0.4,0.0005,False
lr5e-6_dr0.4_wd5e-4_focal_focal_focal,70,5e-06,0.4,0.0005,65.35,68.24,-2.89,1,2025-08-12 19:51:15,.,5e-06,0.4,0.0005,True
lr5e-6_dr0.3_wd2e-3,70,5e-06,0.3,0.002,71.85,68.62,3.22,0,2025-08-12 19:51:25,.,5e-06,0.3,0.002,False
lr5e-6_dr0.3_wd1e-3_focal_focal_focal,38,5e-06,0.3,0.001,63.62,68.32,-4.7,1,2025-08-12 19:51:36,.,5e-06,0.3,0.001,True
lr5e-6_dr0.3_wd2e-3_focal_focal_focal,70,5e-06,0.3,0.002,67.07,69.03,-1.96,1,2025-08-12 19:51:43,.,5e-06,0.3,0.002,True
lr5e-6_dr0.4_wd5e-4,71,5e-06,0.4,0.0005,71.73,68.28,3.45,0,2025-08-12 19:52:57,.,5e-06,0.4,0.0005,False
lr5e-6_dr0.4_wd5e-4_focal_focal_focal,71,5e-06,0.4,0.0005,66.45,68.89,-2.44,1,2025-08-12 19:53:13,.,5e-06,0.4,0.0005,True
lr5e-6_dr0.3_wd5e-4,38,5e-06,0.3,0.0005,67.49,69.57,-2.08,0,2025-08-12 19:53:13,.,5e-06,0.3,0.0005,False
lr5e-6_dr0.3_wd5e-4_focal_focal_focal,38,5e-06,0.3,0.0005,63.56,66.12,-2.56,1,2025-08-12 19:53:20,.,5e-06,0.3,0.0005,True
lr5e-6_dr0.3_wd2e-3,71,5e-06,0.3,0.002,72.52,68.83,3.7,0,2025-08-12 19:53:22,.,5e-06,0.3,0.002,False
lr5e-6_dr0.3_wd2e-3_focal_focal_focal,71,5e-06,0.3,0.002,67.88,69.17,-1.29,1,2025-08-12 19:53:42,.,5e-06,0.3,0.002,True
lr5e-6_dr0.3_wd1e-3,38,5e-06,0.3,0.001,67.38,69.21,-1.83,0,2025-08-12 19:53:45,.,5e-06,0.3,0.001,False
lr5e-6_dr0.4_wd5e-4,72,5e-06,0.4,0.0005,72.13,68.36,3.77,0,2025-08-12 19:54:56,.,5e-06,0.4,0.0005,False
lr5e-6_dr0.3_wd1e-3_focal_focal_focal,39,5e-06,0.3,0.001,63.97,69.13,-5.16,1,2025-08-12 19:55:15,.,5e-06,0.3,0.001,True
lr5e-6_dr0.4_wd5e-4_focal_focal_focal,72,5e-06,0.4,0.0005,66.47,68.44,-1.97,1,2025-08-12 19:55:15,.,5e-06,0.4,0.0005,True
lr5e-6_dr0.3_wd2e-3,72,5e-06,0.3,0.002,72.8,68.52,4.28,0,2025-08-12 19:55:22,.,5e-06,0.3,0.002,False
lr5e-6_dr0.3_wd2e-3_focal_focal_focal,72,5e-06,0.3,0.002,67.82,69.65,-1.84,1,2025-08-12 19:55:44,.,5e-06,0.3,0.002,True
lr5e-6_dr0.3_wd5e-4,39,5e-06,0.3,0.0005,67.92,69.25,-1.33,0,2025-08-12 19:56:54,.,5e-06,0.3,0.0005,False
lr5e-6_dr0.4_wd5e-4,73,5e-06,0.4,0.0005,73.1,68.74,4.36,0,2025-08-12 19:56:55,.,5e-06,0.4,0.0005,False
lr5e-6_dr0.3_wd5e-4_focal_focal_focal,39,5e-06,0.3,0.0005,63.65,66.75,-3.1,1,2025-08-12 19:57:01,.,5e-06,0.3,0.0005,True
lr5e-6_dr0.4_wd5e-4_focal_focal_focal,73,5e-06,0.4,0.0005,66.17,68.93,-2.76,1,2025-08-12 19:57:13,.,5e-06,0.4,0.0005,True
lr5e-6_dr0.3_wd2e-3,73,5e-06,0.3,0.002,73.73,69.07,4.67,0,2025-08-12 19:57:20,.,5e-06,0.3,0.002,False
lr5e-6_dr0.3_wd1e-3,39,5e-06,0.3,0.001,67.87,69.11,-1.24,0,2025-08-12 19:57:27,.,5e-06,0.3,0.001,False
lr5e-6_dr0.3_wd2e-3_focal_focal_focal,73,5e-06,0.3,0.002,68.74,70.34,-1.59,1,2025-08-12 19:57:44,.,5e-06,0.3,0.002,True
lr5e-6_dr0.3_wd1e-3_focal_focal_focal,40,5e-06,0.3,0.001,64.58,68.32,-3.74,1,2025-08-12 19:58:53,.,5e-06,0.3,0.001,True
lr5e-6_dr0.4_wd5e-4,74,5e-06,0.4,0.0005,73.17,68.83,4.35,0,2025-08-12 19:58:56,.,5e-06,0.4,0.0005,False
lr5e-6_dr0.4_wd5e-4_focal_focal_focal,74,5e-06,0.4,0.0005,67.07,69.03,-1.96,1,2025-08-12 19:59:13,.,5e-06,0.4,0.0005,True
lr5e-6_dr0.3_wd2e-3,74,5e-06,0.3,0.002,73.9,68.85,5.05,0,2025-08-12 19:59:20,.,5e-06,0.3,0.002,False
lr5e-6_dr0.3_wd2e-3_focal_focal_focal,74,5e-06,0.3,0.002,69.14,69.75,-0.61,1,2025-08-12 19:59:44,.,5e-06,0.3,0.002,True
lr5e-6_dr0.3_wd5e-4,40,5e-06,0.3,0.0005,67.93,69.23,-1.3,0,2025-08-12 20:00:33,.,5e-06,0.3,0.0005,False
lr5e-6_dr0.3_wd5e-4_focal_focal_focal,40,5e-06,0.3,0.0005,63.86,67.41,-3.55,1,2025-08-12 20:00:41,.,5e-06,0.3,0.0005,True
lr5e-6_dr0.4_wd5e-4,75,5e-06,0.4,0.0005,73.81,68.72,5.09,0,2025-08-12 20:00:55,.,5e-06,0.4,0.0005,False
lr5e-6_dr0.3_wd1e-3,40,5e-06,0.3,0.001,67.86,68.68,-0.82,0,2025-08-12 20:01:07,.,5e-06,0.3,0.001,False
lr5e-6_dr0.4_wd5e-4_focal_focal_focal,75,5e-06,0.4,0.0005,67.12,67.88,-0.76,1,2025-08-12 20:01:14,.,5e-06,0.4,0.0005,True
lr5e-6_dr0.3_wd2e-3,75,5e-06,0.3,0.002,74.75,69.29,5.46,0,2025-08-12 20:01:19,.,5e-06,0.3,0.002,False
lr5e-6_dr0.3_wd2e-3_focal_focal_focal,75,5e-06,0.3,0.002,69.34,70.46,-1.12,1,2025-08-12 20:01:44,.,5e-06,0.3,0.002,True
lr5e-6_dr0.3_wd1e-3_focal_focal_focal,41,5e-06,0.3,0.001,64.5,67.7,-3.2,1,2025-08-12 20:02:31,.,5e-06,0.3,0.001,True
lr5e-6_dr0.4_wd5e-4,76,5e-06,0.4,0.0005,74.89,68.48,6.41,0,2025-08-12 20:02:53,.,5e-06,0.4,0.0005,False
lr5e-6_dr0.4_wd5e-4_focal_focal_focal,76,5e-06,0.4,0.0005,67.18,68.62,-1.44,1,2025-08-12 20:03:11,.,5e-06,0.4,0.0005,True
lr5e-6_dr0.3_wd2e-3,76,5e-06,0.3,0.002,74.9,68.97,5.94,0,2025-08-12 20:03:18,.,5e-06,0.3,0.002,False
lr5e-6_dr0.3_wd2e-3_focal_focal_focal,76,5e-06,0.3,0.002,69.71,69.15,0.56,1,2025-08-12 20:03:42,.,5e-06,0.3,0.002,True
lr5e-6_dr0.3_wd5e-4,41,5e-06,0.3,0.0005,68.48,69.45,-0.97,0,2025-08-12 20:04:11,.,5e-06,0.3,0.0005,False
lr5e-6_dr0.3_wd5e-4_focal_focal_focal,41,5e-06,0.3,0.0005,64.2,66.95,-2.75,1,2025-08-12 20:04:22,.,5e-06,0.3,0.0005,True
lr5e-6_dr0.3_wd1e-3,41,5e-06,0.3,0.001,68.29,69.05,-0.76,0,2025-08-12 20:04:46,.,5e-06,0.3,0.001,False
lr5e-6_dr0.4_wd5e-4,77,5e-06,0.4,0.0005,75.16,68.5,6.65,0,2025-08-12 20:04:54,.,5e-06,0.4,0.0005,False
lr5e-6_dr0.4_wd5e-4_focal_focal_focal,77,5e-06,0.4,0.0005,68.22,69.03,-0.81,1,2025-08-12 20:05:10,.,5e-06,0.4,0.0005,True
lr5e-6_dr0.3_wd2e-3,77,5e-06,0.3,0.002,76.27,69.15,7.12,0,2025-08-12 20:05:17,.,5e-06,0.3,0.002,False
lr5e-6_dr0.3_wd2e-3_focal_focal_focal,77,5e-06,0.3,0.002,70.84,70.34,0.5,1,2025-08-12 20:05:41,.,5e-06,0.3,0.002,True
lr5e-6_dr0.3_wd1e-3_focal_focal_focal,42,5e-06,0.3,0.001,64.81,68.74,-3.94,1,2025-08-12 20:06:07,.,5e-06,0.3,0.001,True
lr5e-6_dr0.4_wd5e-4,78,5e-06,0.4,0.0005,75.58,67.86,7.72,0,2025-08-12 20:06:53,.,5e-06,0.4,0.0005,False
lr5e-6_dr0.4_wd5e-4_focal_focal_focal,78,5e-06,0.4,0.0005,68.49,68.85,-0.35,1,2025-08-12 20:07:08,.,5e-06,0.4,0.0005,True
lr5e-6_dr0.3_wd2e-3,78,5e-06,0.3,0.002,76.32,68.5,7.81,0,2025-08-12 20:07:15,.,5e-06,0.3,0.002,False
lr5e-6_dr0.3_wd2e-3_focal_focal_focal,78,5e-06,0.3,0.002,71.0,70.16,0.84,1,2025-08-12 20:07:41,.,5e-06,0.3,0.002,True
lr5e-6_dr0.3_wd5e-4,42,5e-06,0.3,0.0005,68.42,69.15,-0.73,0,2025-08-12 20:07:50,.,5e-06,0.3,0.0005,False
lr5e-6_dr0.3_wd5e-4_focal_focal_focal,42,5e-06,0.3,0.0005,64.49,66.93,-2.44,1,2025-08-12 20:08:03,.,5e-06,0.3,0.0005,True
lr5e-6_dr0.3_wd1e-3,42,5e-06,0.3,0.001,68.14,69.47,-1.33,0,2025-08-12 20:08:26,.,5e-06,0.3,0.001,False
lr5e-6_dr0.4_wd5e-4,79,5e-06,0.4,0.0005,76.4,68.83,7.58,0,2025-08-12 20:08:51,.,5e-06,0.4,0.0005,False
lr5e-6_dr0.4_wd5e-4_focal_focal_focal,79,5e-06,0.4,0.0005,69.29,68.5,0.79,1,2025-08-12 20:09:07,.,5e-06,0.4,0.0005,True
lr5e-6_dr0.3_wd2e-3,79,5e-06,0.3,0.002,76.85,69.21,7.64,0,2025-08-12 20:09:13,.,5e-06,0.3,0.002,False
lr5e-6_dr0.3_wd2e-3_focal_focal_focal,79,5e-06,0.3,0.002,71.59,69.87,1.72,1,2025-08-12 20:09:39,.,5e-06,0.3,0.002,True
lr5e-6_dr0.3_wd1e-3_focal_focal_focal,43,5e-06,0.3,0.001,64.66,68.7,-4.04,1,2025-08-12 20:09:45,.,5e-06,0.3,0.001,True
lr5e-6_dr0.4_wd5e-4,80,5e-06,0.4,0.0005,76.83,68.74,8.09,0,2025-08-12 20:10:50,.,5e-06,0.4,0.0005,False
lr5e-6_dr0.4_wd5e-4_focal_focal_focal,80,5e-06,0.4,0.0005,69.38,69.09,0.29,1,2025-08-12 20:11:06,.,5e-06,0.4,0.0005,True
lr5e-6_dr0.3_wd2e-3,80,5e-06,0.3,0.002,77.4,68.74,8.66,0,2025-08-12 20:11:10,.,5e-06,0.3,0.002,False
lr5e-6_dr0.3_wd5e-4,43,5e-06,0.3,0.0005,68.8,69.41,-0.62,0,2025-08-12 20:11:29,.,5e-06,0.3,0.0005,False
lr5e-6_dr0.3_wd2e-3_focal_focal_focal,80,5e-06,0.3,0.002,72.2,70.52,1.67,1,2025-08-12 20:11:37,.,5e-06,0.3,0.002,True
lr5e-6_dr0.3_wd5e-4_focal_focal_focal,43,5e-06,0.3,0.0005,64.65,67.76,-3.1,1,2025-08-12 20:11:42,.,5e-06,0.3,0.0005,True
lr5e-6_dr0.3_wd1e-3,43,5e-06,0.3,0.001,68.27,68.5,-0.24,0,2025-08-12 20:12:07,.,5e-06,0.3,0.001,False
lr5e-6_dr0.4_wd5e-4,81,5e-06,0.4,0.0005,77.58,69.03,8.55,0,2025-08-12 20:12:49,.,5e-06,0.4,0.0005,False
lr5e-6_dr0.4_wd5e-4_focal_focal_focal,81,5e-06,0.4,0.0005,69.73,68.54,1.19,1,2025-08-12 20:13:04,.,5e-06,0.4,0.0005,True
lr5e-6_dr0.3_wd2e-3,81,5e-06,0.3,0.002,77.68,69.77,7.91,0,2025-08-12 20:13:07,.,5e-06,0.3,0.002,False
lr5e-6_dr0.3_wd1e-3_focal_focal_focal,44,5e-06,0.3,0.001,64.78,69.05,-4.27,1,2025-08-12 20:13:22,.,5e-06,0.3,0.001,True
lr5e-6_dr0.3_wd2e-3_focal_focal_focal,81,5e-06,0.3,0.002,73.02,69.79,3.23,1,2025-08-12 20:13:36,.,5e-06,0.3,0.002,True
lr5e-6_dr0.4_wd5e-4,82,5e-06,0.4,0.0005,78.09,68.3,9.79,0,2025-08-12 20:14:49,.,5e-06,0.4,0.0005,False
lr5e-6_dr0.4_wd5e-4_focal_focal_focal,82,5e-06,0.4,0.0005,70.51,69.13,1.38,1,2025-08-12 20:15:04,.,5e-06,0.4,0.0005,True
lr5e-6_dr0.3_wd2e-3,82,5e-06,0.3,0.002,78.52,69.11,9.41,0,2025-08-12 20:15:08,.,5e-06,0.3,0.002,False
lr5e-6_dr0.3_wd5e-4,44,5e-06,0.3,0.0005,68.88,68.87,0.02,0,2025-08-12 20:15:08,.,5e-06,0.3,0.0005,False
lr5e-6_dr0.3_wd5e-4_focal_focal_focal,44,5e-06,0.3,0.0005,64.89,68.52,-3.64,1,2025-08-12 20:15:23,.,5e-06,0.3,0.0005,True
lr5e-6_dr0.3_wd2e-3_focal_focal_focal,82,5e-06,0.3,0.002,72.97,69.98,3.0,1,2025-08-12 20:15:35,.,5e-06,0.3,0.002,True
lr5e-6_dr0.3_wd1e-3,44,5e-06,0.3,0.001,68.75,69.69,-0.94,0,2025-08-12 20:15:47,.,5e-06,0.3,0.001,False
lr5e-6_dr0.4_wd5e-4,83,5e-06,0.4,0.0005,78.56,68.97,9.59,0,2025-08-12 20:16:49,.,5e-06,0.4,0.0005,False
lr5e-6_dr0.3_wd1e-3_focal_focal_focal,45,5e-06,0.3,0.001,65.62,68.93,-3.31,1,2025-08-12 20:17:00,.,5e-06,0.3,0.001,True
lr5e-6_dr0.4_wd5e-4_focal_focal_focal,83,5e-06,0.4,0.0005,70.78,69.47,1.31,1,2025-08-12 20:17:04,.,5e-06,0.4,0.0005,True
lr5e-6_dr0.3_wd2e-3,83,5e-06,0.3,0.002,78.94,68.68,10.26,0,2025-08-12 20:17:06,.,5e-06,0.3,0.002,False
lr5e-6_dr0.3_wd2e-3_focal_focal_focal,83,5e-06,0.3,0.002,73.87,69.87,4.0,1,2025-08-12 20:17:34,.,5e-06,0.3,0.002,True
lr5e-6_dr0.3_wd5e-4,45,5e-06,0.3,0.0005,69.97,69.61,0.35,0,2025-08-12 20:18:47,.,5e-06,0.3,0.0005,False
lr5e-6_dr0.4_wd5e-4,84,5e-06,0.4,0.0005,79.33,68.7,10.63,0,2025-08-12 20:18:50,.,5e-06,0.4,0.0005,False
lr5e-6_dr0.3_wd5e-4_focal_focal_focal,45,5e-06,0.3,0.0005,64.8,68.68,-3.88,1,2025-08-12 20:19:03,.,5e-06,0.3,0.0005,True
lr5e-6_dr0.4_wd5e-4_focal_focal_focal,84,5e-06,0.4,0.0005,71.51,69.55,1.96,1,2025-08-12 20:19:04,.,5e-06,0.4,0.0005,True
lr5e-6_dr0.3_wd2e-3,84,5e-06,0.3,0.002,79.16,69.29,9.87,0,2025-08-12 20:19:05,.,5e-06,0.3,0.002,False
lr5e-6_dr0.3_wd1e-3,45,5e-06,0.3,0.001,69.54,69.19,0.35,0,2025-08-12 20:19:28,.,5e-06,0.3,0.001,False
lr5e-6_dr0.3_wd2e-3_focal_focal_focal,84,5e-06,0.3,0.002,73.96,70.52,3.44,1,2025-08-12 20:19:34,.,5e-06,0.3,0.002,True
lr5e-6_dr0.3_wd1e-3_focal_focal_focal,46,5e-06,0.3,0.001,65.32,69.73,-4.41,1,2025-08-12 20:20:38,.,5e-06,0.3,0.001,True
lr5e-6_dr0.4_wd5e-4,85,5e-06,0.4,0.0005,79.91,68.68,11.23,0,2025-08-12 20:20:49,.,5e-06,0.4,0.0005,False
lr5e-6_dr0.3_wd2e-3,85,5e-06,0.3,0.002,80.03,68.95,11.08,0,2025-08-12 20:21:05,.,5e-06,0.3,0.002,False
lr5e-6_dr0.4_wd5e-4_focal_focal_focal,85,5e-06,0.4,0.0005,72.5,69.55,2.95,1,2025-08-12 20:21:05,.,5e-06,0.4,0.0005,True
lr5e-6_dr0.3_wd2e-3_focal_focal_focal,85,5e-06,0.3,0.002,75.1,70.4,4.7,1,2025-08-12 20:21:33,.,5e-06,0.3,0.002,True
lr5e-6_dr0.3_wd5e-4,46,5e-06,0.3,0.0005,69.73,69.15,0.59,0,2025-08-12 20:22:27,.,5e-06,0.3,0.0005,False
lr5e-6_dr0.3_wd5e-4_focal_focal_focal,46,5e-06,0.3,0.0005,64.85,68.58,-3.73,1,2025-08-12 20:22:44,.,5e-06,0.3,0.0005,True
lr5e-6_dr0.4_wd5e-4,86,5e-06,0.4,0.0005,79.86,68.38,11.48,0,2025-08-12 20:22:48,.,5e-06,0.4,0.0005,False
lr5e-6_dr0.3_wd2e-3,86,5e-06,0.3,0.002,80.54,69.13,11.42,0,2025-08-12 20:23:04,.,5e-06,0.3,0.002,False
lr5e-6_dr0.4_wd5e-4_focal_focal_focal,86,5e-06,0.4,0.0005,72.36,69.27,3.09,1,2025-08-12 20:23:04,.,5e-06,0.4,0.0005,True
lr5e-6_dr0.3_wd1e-3,46,5e-06,0.3,0.001,69.46,69.61,-0.16,0,2025-08-12 20:23:08,.,5e-06,0.3,0.001,False
lr5e-6_dr0.3_wd2e-3_focal_focal_focal,86,5e-06,0.3,0.002,75.23,70.68,4.54,1,2025-08-12 20:23:31,.,5e-06,0.3,0.002,True
lr5e-6_dr0.3_wd1e-3_focal_focal_focal,47,5e-06,0.3,0.001,65.09,69.05,-3.95,1,2025-08-12 20:24:16,.,5e-06,0.3,0.001,True
lr5e-6_dr0.4_wd5e-4,87,5e-06,0.4,0.0005,80.25,68.16,12.09,0,2025-08-12 20:24:46,.,5e-06,0.4,0.0005,False
lr5e-6_dr0.3_wd2e-3,87,5e-06,0.3,0.002,80.71,68.36,12.34,0,2025-08-12 20:25:02,.,5e-06,0.3,0.002,False
lr5e-6_dr0.4_wd5e-4_focal_focal_focal,87,5e-06,0.4,0.0005,72.92,69.17,3.75,1,2025-08-12 20:25:04,.,5e-06,0.4,0.0005,True
lr5e-6_dr0.3_wd2e-3_focal_focal_focal,87,5e-06,0.3,0.002,75.65,70.72,4.92,1,2025-08-12 20:25:31,.,5e-06,0.3,0.002,True
lr5e-6_dr0.3_wd5e-4,47,5e-06,0.3,0.0005,70.27,69.09,1.18,0,2025-08-12 20:26:06,.,5e-06,0.3,0.0005,False
lr5e-6_dr0.3_wd5e-4_focal_focal_focal,47,5e-06,0.3,0.0005,65.08,68.79,-3.71,1,2025-08-12 20:26:24,.,5e-06,0.3,0.0005,True
lr5e-6_dr0.4_wd5e-4,88,5e-06,0.4,0.0005,81.36,68.14,13.22,0,2025-08-12 20:26:45,.,5e-06,0.4,0.0005,False
lr5e-6_dr0.3_wd1e-3,47,5e-06,0.3,0.001,70.02,69.11,0.91,0,2025-08-12 20:26:50,.,5e-06,0.3,0.001,False
lr5e-6_dr0.3_wd2e-3,88,5e-06,0.3,0.002,81.34,68.36,12.98,0,2025-08-12 20:27:02,.,5e-06,0.3,0.002,False
lr5e-6_dr0.4_wd5e-4_focal_focal_focal,88,5e-06,0.4,0.0005,73.24,69.01,4.24,1,2025-08-12 20:27:04,.,5e-06,0.4,0.0005,True
lr5e-6_dr0.3_wd2e-3_focal_focal_focal,88,5e-06,0.3,0.002,76.36,70.08,6.28,1,2025-08-12 20:27:32,.,5e-06,0.3,0.002,True
lr5e-6_dr0.3_wd1e-3_focal_focal_focal,48,5e-06,0.3,0.001,65.07,69.31,-4.24,1,2025-08-12 20:27:53,.,5e-06,0.3,0.001,True
lr5e-6_dr0.4_wd5e-4,89,5e-06,0.4,0.0005,81.6,68.6,12.99,0,2025-08-12 20:28:45,.,5e-06,0.4,0.0005,False
lr5e-6_dr0.3_wd2e-3,89,5e-06,0.3,0.002,82.24,69.13,13.12,0,2025-08-12 20:29:02,.,5e-06,0.3,0.002,False
lr5e-6_dr0.4_wd5e-4_focal_focal_focal,89,5e-06,0.4,0.0005,73.98,68.83,5.15,1,2025-08-12 20:29:03,.,5e-06,0.4,0.0005,True
lr5e-6_dr0.3_wd2e-3_focal_focal_focal,89,5e-06,0.3,0.002,77.17,70.76,6.41,1,2025-08-12 20:29:32,.,5e-06,0.3,0.002,True
lr5e-6_dr0.3_wd5e-4,48,5e-06,0.3,0.0005,70.14,69.19,0.95,0,2025-08-12 20:29:45,.,5e-06,0.3,0.0005,False
lr5e-6_dr0.3_wd5e-4_focal_focal_focal,48,5e-06,0.3,0.0005,65.46,68.83,-3.36,1,2025-08-12 20:30:04,.,5e-06,0.3,0.0005,True
lr5e-6_dr0.3_wd1e-3,48,5e-06,0.3,0.001,69.64,69.33,0.31,0,2025-08-12 20:30:29,.,5e-06,0.3,0.001,False
lr5e-6_dr0.4_wd5e-4,90,5e-06,0.4,0.0005,81.88,67.94,13.94,0,2025-08-12 20:30:45,.,5e-06,0.4,0.0005,False
lr5e-6_dr0.3_wd2e-3,90,5e-06,0.3,0.002,82.23,69.05,13.18,0,2025-08-12 20:31:01,.,5e-06,0.3,0.002,False
lr5e-6_dr0.4_wd5e-4_focal_focal_focal,90,5e-06,0.4,0.0005,74.39,68.14,6.26,1,2025-08-12 20:31:04,.,5e-06,0.4,0.0005,True
lr5e-6_dr0.3_wd1e-3_focal_focal_focal,49,5e-06,0.3,0.001,65.44,69.69,-4.26,1,2025-08-12 20:31:30,.,5e-06,0.3,0.001,True
lr5e-6_dr0.3_wd2e-3_focal_focal_focal,90,5e-06,0.3,0.002,77.18,69.55,7.63,1,2025-08-12 20:31:32,.,5e-06,0.3,0.002,True
lr5e-6_dr0.4_wd5e-4,91,5e-06,0.4,0.0005,82.47,68.64,13.82,0,2025-08-12 20:32:43,.,5e-06,0.4,0.0005,False
lr5e-6_dr0.3_wd2e-3,91,5e-06,0.3,0.002,82.3,68.54,13.76,0,2025-08-12 20:32:59,.,5e-06,0.3,0.002,False
lr5e-6_dr0.4_wd5e-4_focal_focal_focal,91,5e-06,0.4,0.0005,74.89,68.81,6.09,1,2025-08-12 20:33:02,.,5e-06,0.4,0.0005,True
lr5e-6_dr0.3_wd5e-4,49,5e-06,0.3,0.0005,70.8,69.19,1.61,0,2025-08-12 20:33:23,.,5e-06,0.3,0.0005,False
lr5e-6_dr0.3_wd2e-3_focal_focal_focal,91,5e-06,0.3,0.002,77.75,69.98,7.78,1,2025-08-12 20:33:30,.,5e-06,0.3,0.002,True
lr5e-6_dr0.3_wd5e-4_focal_focal_focal,49,5e-06,0.3,0.0005,65.51,67.78,-2.27,1,2025-08-12 20:33:45,.,5e-06,0.3,0.0005,True
lr5e-6_dr0.3_wd1e-3,49,5e-06,0.3,0.001,70.06,69.39,0.67,0,2025-08-12 20:34:10,.,5e-06,0.3,0.001,False
lr5e-6_dr0.4_wd5e-4,92,5e-06,0.4,0.0005,83.34,68.58,14.75,0,2025-08-12 20:34:41,.,5e-06,0.4,0.0005,False
lr5e-6_dr0.3_wd2e-3,92,5e-06,0.3,0.002,83.44,68.81,14.63,0,2025-08-12 20:34:57,.,5e-06,0.3,0.002,False
lr5e-6_dr0.4_wd5e-4_focal_focal_focal,92,5e-06,0.4,0.0005,75.47,68.93,6.54,1,2025-08-12 20:35:02,.,5e-06,0.4,0.0005,True
lr5e-6_dr0.3_wd1e-3_focal_focal_focal,50,5e-06,0.3,0.001,66.09,69.49,-3.4,1,2025-08-12 20:35:06,.,5e-06,0.3,0.001,True
lr5e-6_dr0.3_wd2e-3_focal_focal_focal,92,5e-06,0.3,0.002,78.09,70.08,8.01,1,2025-08-12 20:35:28,.,5e-06,0.3,0.002,True
lr5e-6_dr0.4_wd5e-4,93,5e-06,0.4,0.0005,83.52,68.83,14.69,0,2025-08-12 20:36:41,.,5e-06,0.4,0.0005,False
lr5e-6_dr0.3_wd2e-3,93,5e-06,0.3,0.002,83.73,69.39,14.34,0,2025-08-12 20:36:56,.,5e-06,0.3,0.002,False
lr5e-6_dr0.4_wd5e-4_focal_focal_focal,93,5e-06,0.4,0.0005,76.01,69.07,6.95,1,2025-08-12 20:37:02,.,5e-06,0.4,0.0005,True
lr5e-6_dr0.3_wd5e-4,50,5e-06,0.3,0.0005,71.02,69.43,1.59,0,2025-08-12 20:37:03,.,5e-06,0.3,0.0005,False
lr5e-6_dr0.3_wd5e-4_focal_focal_focal,50,5e-06,0.3,0.0005,66.03,69.01,-2.98,1,2025-08-12 20:37:24,.,5e-06,0.3,0.0005,True
lr5e-6_dr0.3_wd2e-3_focal_focal_focal,93,5e-06,0.3,0.002,78.95,70.56,8.39,1,2025-08-12 20:37:26,.,5e-06,0.3,0.002,True
lr5e-6_dr0.3_wd1e-3,50,5e-06,0.3,0.001,69.95,69.45,0.49,0,2025-08-12 20:37:52,.,5e-06,0.3,0.001,False
lr5e-6_dr0.4_wd5e-4,94,5e-06,0.4,0.0005,83.7,67.76,15.94,0,2025-08-12 20:38:40,.,5e-06,0.4,0.0005,False
lr5e-6_dr0.3_wd1e-3_focal_focal_focal,51,5e-06,0.3,0.001,65.89,69.73,-3.84,1,2025-08-12 20:38:43,.,5e-06,0.3,0.001,True
lr5e-6_dr0.3_wd2e-3,94,5e-06,0.3,0.002,83.91,68.68,15.22,0,2025-08-12 20:38:55,.,5e-06,0.3,0.002,False
lr5e-6_dr0.4_wd5e-4_focal_focal_focal,94,5e-06,0.4,0.0005,76.64,68.4,8.24,1,2025-08-12 20:39:03,.,5e-06,0.4,0.0005,True
lr5e-6_dr0.3_wd2e-3_focal_focal_focal,94,5e-06,0.3,0.002,78.91,69.94,8.98,1,2025-08-12 20:39:28,.,5e-06,0.3,0.002,True
lr5e-6_dr0.4_wd5e-4,95,5e-06,0.4,0.0005,84.14,68.06,16.08,0,2025-08-12 20:40:39,.,5e-06,0.4,0.0005,False
lr5e-6_dr0.3_wd5e-4,51,5e-06,0.3,0.0005,71.31,69.37,1.94,0,2025-08-12 20:40:42,.,5e-06,0.3,0.0005,False
lr5e-6_dr0.3_wd2e-3,95,5e-06,0.3,0.002,84.44,68.83,15.61,0,2025-08-12 20:40:54,.,5e-06,0.3,0.002,False
lr5e-6_dr0.4_wd5e-4_focal_focal_focal,95,5e-06,0.4,0.0005,77.17,69.37,7.8,1,2025-08-12 20:41:01,.,5e-06,0.4,0.0005,True
lr5e-6_dr0.3_wd5e-4_focal_focal_focal,51,5e-06,0.3,0.0005,65.94,69.35,-3.42,1,2025-08-12 20:41:05,.,5e-06,0.3,0.0005,True
lr5e-6_dr0.3_wd2e-3_focal_focal_focal,95,5e-06,0.3,0.002,79.46,70.34,9.12,1,2025-08-12 20:41:25,.,5e-06,0.3,0.002,True
lr5e-6_dr0.3_wd1e-3,51,5e-06,0.3,0.001,70.56,69.69,0.86,0,2025-08-12 20:41:34,.,5e-06,0.3,0.001,False
lr5e-6_dr0.3_wd1e-3_focal_focal_focal,52,5e-06,0.3,0.001,65.97,69.15,-3.18,1,2025-08-12 20:42:18,.,5e-06,0.3,0.001,True
lr5e-6_dr0.4_wd5e-4,96,5e-06,0.4,0.0005,84.62,67.86,16.76,0,2025-08-12 20:42:37,.,5e-06,0.4,0.0005,False
lr5e-6_dr0.3_wd2e-3,96,5e-06,0.3,0.002,84.45,68.5,15.95,0,2025-08-12 20:42:51,.,5e-06,0.3,0.002,False
lr5e-6_dr0.4_wd5e-4_focal_focal_focal,96,5e-06,0.4,0.0005,77.9,69.35,8.55,1,2025-08-12 20:43:01,.,5e-06,0.4,0.0005,True
lr5e-6_dr0.3_wd2e-3_focal_focal_focal,96,5e-06,0.3,0.002,79.72,70.62,9.1,1,2025-08-12 20:43:22,.,5e-06,0.3,0.002,True
lr5e-6_dr0.3_wd5e-4,52,5e-06,0.3,0.0005,70.59,69.87,0.71,0,2025-08-12 20:44:20,.,5e-06,0.3,0.0005,False
lr5e-6_dr0.4_wd5e-4,97,5e-06,0.4,0.0005,84.7,67.76,16.94,0,2025-08-12 20:44:30,.,5e-06,0.4,0.0005,False
lr5e-6_dr0.3_wd5e-4_focal_focal_focal,52,5e-06,0.3,0.0005,65.84,69.49,-3.65,1,2025-08-12 20:44:45,.,5e-06,0.3,0.0005,True
lr5e-6_dr0.4_wd5e-4_focal_focal_focal,97,5e-06,0.4,0.0005,77.96,69.27,8.69,1,2025-08-12 20:44:57,.,5e-06,0.4,0.0005,True
lr5e-6_dr0.3_wd1e-3,52,5e-06,0.3,0.001,70.37,69.51,0.86,0,2025-08-12 20:45:15,.,5e-06,0.3,0.001,False
lr5e-6_dr0.3_wd2e-3_focal_focal_focal,97,5e-06,0.3,0.002,80.44,70.82,9.61,1,2025-08-12 20:45:18,.,5e-06,0.3,0.002,True
lr5e-6_dr0.3_wd1e-3_focal_focal_focal,53,5e-06,0.3,0.001,65.92,69.15,-3.23,1,2025-08-12 20:45:55,.,5e-06,0.3,0.001,True
lr5e-6_dr0.4_wd1e-3_focal_focal_focal,1,5e-06,0.4,0.001,52.79,57.1,-4.31,1,2025-08-12 20:46:21,.,5e-06,0.4,0.001,True
lr5e-6_dr0.4_wd5e-4,98,5e-06,0.4,0.0005,85.55,66.53,19.03,0,2025-08-12 20:46:29,.,5e-06,0.4,0.0005,False
lr5e-6_dr0.4_wd5e-4_focal_focal_focal,98,5e-06,0.4,0.0005,78.5,68.83,9.68,1,2025-08-12 20:46:54,.,5e-06,0.4,0.0005,True
lr5e-6_dr0.3_wd2e-3_focal_focal_focal,98,5e-06,0.3,0.002,81.12,69.53,11.59,1,2025-08-12 20:47:14,.,5e-06,0.3,0.002,True
lr5e-6_dr0.3_wd5e-4,53,5e-06,0.3,0.0005,71.16,69.83,1.32,0,2025-08-12 20:48:00,.,5e-06,0.3,0.0005,False
lr5e-6_dr0.4_wd1e-3_focal_focal_focal,2,5e-06,0.4,0.001,54.98,59.5,-4.52,1,2025-08-12 20:48:17,.,5e-06,0.4,0.001,True
lr5e-6_dr0.3_wd5e-4_focal_focal_focal,53,5e-06,0.3,0.0005,65.77,69.41,-3.64,1,2025-08-12 20:48:26,.,5e-06,0.3,0.0005,True
lr5e-6_dr0.4_wd5e-4_focal_focal_focal,99,5e-06,0.4,0.0005,78.96,68.97,9.99,1,2025-08-12 20:48:49,.,5e-06,0.4,0.0005,True
lr5e-6_dr0.3_wd1e-3,53,5e-06,0.3,0.001,70.33,69.41,0.92,0,2025-08-12 20:48:54,.,5e-06,0.3,0.001,False
lr5e-6_dr0.3_wd2e-3_focal_focal_focal,99,5e-06,0.3,0.002,81.45,70.18,11.27,1,2025-08-12 20:49:10,.,5e-06,0.3,0.002,True
lr5e-6_dr0.3_wd1e-3_focal_focal_focal,54,5e-06,0.3,0.001,66.1,69.31,-3.21,1,2025-08-12 20:49:31,.,5e-06,0.3,0.001,True
lr5e-6_dr0.4_wd1e-3,1,5e-06,0.4,0.001,53.21,59.02,-5.81,0,2025-08-12 20:49:56,.,5e-06,0.4,0.001,False
lr5e-6_dr0.4_wd1e-3_focal_focal_focal,3,5e-06,0.4,0.001,55.85,58.92,-3.07,1,2025-08-12 20:50:17,.,5e-06,0.4,0.001,True
lr5e-6_dr0.4_wd5e-4_focal_focal_focal,100,5e-06,0.4,0.0005,79.14,69.39,9.75,1,2025-08-12 20:50:48,.,5e-06,0.4,0.0005,True
lr5e-6_dr0.3_wd2e-3_focal_focal_focal,100,5e-06,0.3,0.002,82.16,70.2,11.97,1,2025-08-12 20:51:11,.,5e-06,0.3,0.002,True
lr5e-6_dr0.3_wd5e-4,54,5e-06,0.3,0.0005,71.2,69.37,1.83,0,2025-08-12 20:51:39,.,5e-06,0.3,0.0005,False
lr5e-6_dr0.4_wd1e-3,2,5e-06,0.4,0.001,57.5,60.79,-3.29,0,2025-08-12 20:51:57,.,5e-06,0.4,0.001,False
lr5e-6_dr0.3_wd5e-4_focal_focal_focal,54,5e-06,0.3,0.0005,66.61,68.91,-2.3,1,2025-08-12 20:52:05,.,5e-06,0.3,0.0005,True
lr5e-6_dr0.4_wd1e-3_focal_focal_focal,4,5e-06,0.4,0.001,55.4,59.99,-4.59,1,2025-08-12 20:52:18,.,5e-06,0.4,0.001,True
lr5e-6_dr0.3_wd1e-3,54,5e-06,0.3,0.001,71.06,69.79,1.27,0,2025-08-12 20:52:34,.,5e-06,0.3,0.001,False
lr5e-6_dr0.4_wd5e-4_focal_focal_focal,101,5e-06,0.4,0.0005,80.07,69.23,10.85,1,2025-08-12 20:52:49,.,5e-06,0.4,0.0005,True
lr5e-6_dr0.3_wd1e-3_focal_focal_focal,55,5e-06,0.3,0.001,65.93,69.23,-3.3,1,2025-08-12 20:53:10,.,5e-06,0.3,0.001,True
lr5e-6_dr0.3_wd2e-3_focal_focal_focal,101,5e-06,0.3,0.002,81.96,70.4,11.56,1,2025-08-12 20:53:11,.,5e-06,0.3,0.002,True
lr5e-6_dr0.4_wd1e-3,3,5e-06,0.4,0.001,58.23,59.89,-1.65,0,2025-08-12 20:54:00,.,5e-06,0.4,0.001,False
lr5e-6_dr0.4_wd1e-3_focal_focal_focal,5,5e-06,0.4,0.001,55.66,58.54,-2.88,1,2025-08-12 20:54:19,.,5e-06,0.4,0.001,True
lr5e-6_dr0.4_wd5e-4_focal_focal_focal,102,5e-06,0.4,0.0005,80.54,69.31,11.23,1,2025-08-12 20:54:47,.,5e-06,0.4,0.0005,True
lr5e-6_dr0.3_wd2e-3_focal_focal_focal,102,5e-06,0.3,0.002,82.61,70.1,12.52,1,2025-08-12 20:55:12,.,5e-06,0.3,0.002,True
lr5e-6_dr0.3_wd5e-4,55,5e-06,0.3,0.0005,71.12,69.37,1.75,0,2025-08-12 20:55:18,.,5e-06,0.3,0.0005,False
lr5e-6_dr0.3_wd5e-4_focal_focal_focal,55,5e-06,0.3,0.0005,66.27,68.77,-2.5,1,2025-08-12 20:55:45,.,5e-06,0.3,0.0005,True
lr5e-6_dr0.4_wd1e-3,4,5e-06,0.4,0.001,58.82,62.31,-3.49,0,2025-08-12 20:56:00,.,5e-06,0.4,0.001,False
lr5e-6_dr0.3_wd1e-3,55,5e-06,0.3,0.001,70.91,69.57,1.34,0,2025-08-12 20:56:15,.,5e-06,0.3,0.001,False
lr5e-6_dr0.4_wd1e-3_focal_focal_focal,6,5e-06,0.4,0.001,55.56,60.51,-4.95,1,2025-08-12 20:56:18,.,5e-06,0.4,0.001,True
lr5e-6_dr0.3_wd1e-3_focal_focal_focal,56,5e-06,0.3,0.001,66.04,69.35,-3.31,1,2025-08-12 20:56:46,.,5e-06,0.3,0.001,True
lr5e-6_dr0.4_wd5e-4_focal_focal_focal,103,5e-06,0.4,0.0005,80.6,69.33,11.27,1,2025-08-12 20:56:47,.,5e-06,0.4,0.0005,True
lr5e-6_dr0.3_wd2e-3_focal_focal_focal,103,5e-06,0.3,0.002,82.85,70.44,12.41,1,2025-08-12 20:57:12,.,5e-06,0.3,0.002,True
lr5e-6_dr0.4_wd1e-3,5,5e-06,0.4,0.001,58.95,61.64,-2.69,0,2025-08-12 20:58:02,.,5e-06,0.4,0.001,False
lr5e-6_dr0.4_wd1e-3_focal_focal_focal,7,5e-06,0.4,0.001,56.37,59.71,-3.33,1,2025-08-12 20:58:19,.,5e-06,0.4,0.001,True
lr5e-6_dr0.4_wd5e-4_focal_focal_focal,104,5e-06,0.4,0.0005,81.1,68.99,12.11,1,2025-08-12 20:58:46,.,5e-06,0.4,0.0005,True
lr5e-6_dr0.3_wd5e-4,56,5e-06,0.3,0.0005,71.85,69.75,2.09,0,2025-08-12 20:58:56,.,5e-06,0.3,0.0005,False
lr5e-6_dr0.3_wd2e-3_focal_focal_focal,104,5e-06,0.3,0.002,82.93,70.22,12.72,1,2025-08-12 20:59:13,.,5e-06,0.3,0.002,True
lr5e-6_dr0.3_wd5e-4_focal_focal_focal,56,5e-06,0.3,0.0005,65.95,69.77,-3.82,1,2025-08-12 20:59:24,.,5e-06,0.3,0.0005,True
lr5e-6_dr0.3_wd1e-3,56,5e-06,0.3,0.001,71.45,69.47,1.98,0,2025-08-12 20:59:55,.,5e-06,0.3,0.001,False
lr5e-6_dr0.4_wd1e-3,6,5e-06,0.4,0.001,59.55,62.37,-2.81,0,2025-08-12 21:00:01,.,5e-06,0.4,0.001,False
lr5e-6_dr0.4_wd1e-3_focal_focal_focal,8,5e-06,0.4,0.001,56.86,60.19,-3.33,1,2025-08-12 21:00:19,.,5e-06,0.4,0.001,True
lr5e-6_dr0.3_wd1e-3_focal_focal_focal,57,5e-06,0.3,0.001,67.06,69.43,-2.37,1,2025-08-12 21:00:24,.,5e-06,0.3,0.001,True
lr5e-6_dr0.4_wd5e-4_focal_focal_focal,105,5e-06,0.4,0.0005,81.41,69.25,12.16,1,2025-08-12 21:00:45,.,5e-06,0.4,0.0005,True
lr5e-6_dr0.3_wd2e-3_focal_focal_focal,105,5e-06,0.3,0.002,83.34,70.4,12.94,1,2025-08-12 21:01:14,.,5e-06,0.3,0.002,True
lr5e-6_dr0.4_wd1e-3,7,5e-06,0.4,0.001,59.97,63.03,-3.07,0,2025-08-12 21:02:03,.,5e-06,0.4,0.001,False
lr5e-6_dr0.4_wd1e-3_focal_focal_focal,9,5e-06,0.4,0.001,56.48,58.84,-2.36,1,2025-08-12 21:02:18,.,5e-06,0.4,0.001,True
lr5e-6_dr0.3_wd5e-4,57,5e-06,0.3,0.0005,71.87,69.98,1.89,0,2025-08-12 21:02:35,.,5e-06,0.3,0.0005,False
lr5e-6_dr0.4_wd5e-4_focal_focal_focal,106,5e-06,0.4,0.0005,81.1,68.72,12.37,1,2025-08-12 21:02:44,.,5e-06,0.4,0.0005,True
lr5e-6_dr0.3_wd5e-4_focal_focal_focal,57,5e-06,0.3,0.0005,66.0,69.37,-3.37,1,2025-08-12 21:03:05,.,5e-06,0.3,0.0005,True
lr5e-6_dr0.3_wd2e-3_focal_focal_focal,106,5e-06,0.3,0.002,83.86,70.12,13.74,1,2025-08-12 21:03:14,.,5e-06,0.3,0.002,True
lr5e-6_dr0.3_wd1e-3,57,5e-06,0.3,0.001,71.33,69.61,1.72,0,2025-08-12 21:03:34,.,5e-06,0.3,0.001,False
lr5e-6_dr0.3_wd1e-3_focal_focal_focal,58,5e-06,0.3,0.001,66.74,69.27,-2.53,1,2025-08-12 21:04:03,.,5e-06,0.3,0.001,True
lr5e-6_dr0.4_wd1e-3,8,5e-06,0.4,0.001,60.0,63.05,-3.06,0,2025-08-12 21:04:04,.,5e-06,0.4,0.001,False
lr5e-6_dr0.4_wd1e-3_focal_focal_focal,10,5e-06,0.4,0.001,55.78,60.25,-4.47,1,2025-08-12 21:04:18,.,5e-06,0.4,0.001,True
lr5e-6_dr0.4_wd5e-4_focal_focal_focal,107,5e-06,0.4,0.0005,81.51,68.72,12.79,1,2025-08-12 21:04:42,.,5e-06,0.4,0.0005,True
lr5e-6_dr0.3_wd2e-3_focal_focal_focal,107,5e-06,0.3,0.002,83.51,69.85,13.66,1,2025-08-12 21:05:15,.,5e-06,0.3,0.002,True
lr5e-6_dr0.4_wd1e-3,9,5e-06,0.4,0.001,60.26,62.85,-2.6,0,2025-08-12 21:06:07,.,5e-06,0.4,0.001,False
lr5e-6_dr0.3_wd5e-4,58,5e-06,0.3,0.0005,72.22,69.25,2.97,0,2025-08-12 21:06:16,.,5e-06,0.3,0.0005,False
lr5e-6_dr0.4_wd1e-3_focal_focal_focal,11,5e-06,0.4,0.001,57.05,60.49,-3.45,1,2025-08-12 21:06:18,.,5e-06,0.4,0.001,True
lr5e-6_dr0.4_wd5e-4_focal_focal_focal,108,5e-06,0.4,0.0005,82.5,68.93,13.57,1,2025-08-12 21:06:40,.,5e-06,0.4,0.0005,True
lr5e-6_dr0.3_wd5e-4_focal_focal_focal,58,5e-06,0.3,0.0005,66.5,69.27,-2.77,1,2025-08-12 21:06:46,.,5e-06,0.3,0.0005,True
lr5e-6_dr0.3_wd1e-3,58,5e-06,0.3,0.001,71.14,69.49,1.65,0,2025-08-12 21:07:13,.,5e-06,0.3,0.001,False
lr5e-6_dr0.3_wd2e-3_focal_focal_focal,108,5e-06,0.3,0.002,84.57,70.18,14.39,1,2025-08-12 21:07:14,.,5e-06,0.3,0.002,True
lr5e-6_dr0.3_wd1e-3_focal_focal_focal,59,5e-06,0.3,0.001,66.42,69.21,-2.78,1,2025-08-12 21:07:41,.,5e-06,0.3,0.001,True
lr5e-6_dr0.4_wd1e-3,10,5e-06,0.4,0.001,60.24,63.08,-2.83,0,2025-08-12 21:08:07,.,5e-06,0.4,0.001,False
lr5e-6_dr0.4_wd1e-3_focal_focal_focal,12,5e-06,0.4,0.001,56.52,61.04,-4.51,1,2025-08-12 21:08:17,.,5e-06,0.4,0.001,True
lr5e-6_dr0.4_wd5e-4_focal_focal_focal,109,5e-06,0.4,0.0005,82.38,69.23,13.16,1,2025-08-12 21:08:39,.,5e-06,0.4,0.0005,True
lr5e-6_dr0.3_wd2e-3_focal_focal_focal,109,5e-06,0.3,0.002,84.55,70.36,14.19,1,2025-08-12 21:09:15,.,5e-06,0.3,0.002,True
lr5e-6_dr0.3_wd5e-4,59,5e-06,0.3,0.0005,72.15,69.65,2.5,0,2025-08-12 21:09:54,.,5e-06,0.3,0.0005,False
lr5e-6_dr0.4_wd1e-3,11,5e-06,0.4,0.001,61.26,63.44,-2.17,0,2025-08-12 21:10:10,.,5e-06,0.4,0.001,False
lr5e-6_dr0.4_wd1e-3_focal_focal_focal,13,5e-06,0.4,0.001,57.47,61.56,-4.1,1,2025-08-12 21:10:18,.,5e-06,0.4,0.001,True
lr5e-6_dr0.3_wd5e-4_focal_focal_focal,59,5e-06,0.3,0.0005,66.37,69.33,-2.96,1,2025-08-12 21:10:25,.,5e-06,0.3,0.0005,True
lr5e-6_dr0.4_wd5e-4_focal_focal_focal,110,5e-06,0.4,0.0005,83.14,69.19,13.95,1,2025-08-12 21:10:36,.,5e-06,0.4,0.0005,True
lr5e-6_dr0.3_wd1e-3,59,5e-06,0.3,0.001,71.41,69.27,2.14,0,2025-08-12 21:10:53,.,5e-06,0.3,0.001,False
lr5e-6_dr0.3_wd2e-3_focal_focal_focal,110,5e-06,0.3,0.002,84.85,70.24,14.61,1,2025-08-12 21:11:15,.,5e-06,0.3,0.002,True
lr5e-6_dr0.3_wd1e-3_focal_focal_focal,60,5e-06,0.3,0.001,66.43,69.55,-3.12,1,2025-08-12 21:11:19,.,5e-06,0.3,0.001,True
lr5e-6_dr0.4_wd1e-3,12,5e-06,0.4,0.001,61.19,64.0,-2.81,0,2025-08-12 21:12:11,.,5e-06,0.4,0.001,False
lr5e-6_dr0.4_wd1e-3_focal_focal_focal,14,5e-06,0.4,0.001,57.67,61.34,-3.67,1,2025-08-12 21:12:18,.,5e-06,0.4,0.001,True
lr5e-6_dr0.4_wd5e-4_focal_focal_focal,111,5e-06,0.4,0.0005,82.85,69.23,13.62,1,2025-08-12 21:12:34,.,5e-06,0.4,0.0005,True
lr5e-6_dr0.3_wd2e-3_focal_focal_focal,111,5e-06,0.3,0.002,85.22,69.83,15.39,1,2025-08-12 21:13:14,.,5e-06,0.3,0.002,True
lr5e-6_dr0.3_wd5e-4,60,5e-06,0.3,0.0005,71.51,69.43,2.08,0,2025-08-12 21:13:33,.,5e-06,0.3,0.0005,False
lr5e-6_dr0.3_wd5e-4_focal_focal_focal,60,5e-06,0.3,0.0005,66.14,68.95,-2.8,1,2025-08-12 21:14:04,.,5e-06,0.3,0.0005,True
lr5e-6_dr0.4_wd1e-3,13,5e-06,0.4,0.001,60.83,63.92,-3.09,0,2025-08-12 21:14:14,.,5e-06,0.4,0.001,False
lr5e-6_dr0.4_wd1e-3_focal_focal_focal,15,5e-06,0.4,0.001,56.69,62.23,-5.54,1,2025-08-12 21:14:18,.,5e-06,0.4,0.001,True
lr5e-6_dr0.4_wd5e-4_focal_focal_focal,112,5e-06,0.4,0.0005,83.91,68.81,15.11,1,2025-08-12 21:14:32,.,5e-06,0.4,0.0005,True
lr5e-6_dr0.3_wd1e-3,60,5e-06,0.3,0.001,71.41,69.55,1.86,0,2025-08-12 21:14:33,.,5e-06,0.3,0.001,False
lr5e-6_dr0.3_wd1e-3_focal_focal_focal,61,5e-06,0.3,0.001,65.5,69.09,-3.59,1,2025-08-12 21:14:57,.,5e-06,0.3,0.001,True
lr5e-6_dr0.3_wd2e-3_focal_focal_focal,112,5e-06,0.3,0.002,85.44,69.96,15.48,1,2025-08-12 21:15:15,.,5e-06,0.3,0.002,True
lr5e-6_dr0.4_wd1e-3,14,5e-06,0.4,0.001,61.53,63.88,-2.35,0,2025-08-12 21:16:14,.,5e-06,0.4,0.001,False
lr5e-6_dr0.4_wd1e-3_focal_focal_focal,16,5e-06,0.4,0.001,56.7,61.8,-5.1,1,2025-08-12 21:16:19,.,5e-06,0.4,0.001,True
lr5e-6_dr0.4_wd5e-4_focal_focal_focal,113,5e-06,0.4,0.0005,83.93,69.21,14.72,1,2025-08-12 21:16:30,.,5e-06,0.4,0.0005,True
lr5e-6_dr0.3_wd5e-4,61,5e-06,0.3,0.0005,70.41,68.68,1.73,0,2025-08-12 21:17:12,.,5e-06,0.3,0.0005,False
lr5e-6_dr0.3_wd2e-3_focal_focal_focal,113,5e-06,0.3,0.002,85.37,70.12,15.25,1,2025-08-12 21:17:15,.,5e-06,0.3,0.002,True
lr5e-6_dr0.3_wd5e-4_focal_focal_focal,61,5e-06,0.3,0.0005,65.75,67.94,-2.18,1,2025-08-12 21:17:44,.,5e-06,0.3,0.0005,True
lr5e-6_dr0.3_wd1e-3,61,5e-06,0.3,0.001,70.2,69.39,0.81,0,2025-08-12 21:18:13,.,5e-06,0.3,0.001,False
lr5e-6_dr0.4_wd1e-3,15,5e-06,0.4,0.001,61.37,64.43,-3.06,0,2025-08-12 21:18:16,.,5e-06,0.4,0.001,False
lr5e-6_dr0.4_wd1e-3_focal_focal_focal,17,5e-06,0.4,0.001,57.8,61.3,-3.5,1,2025-08-12 21:18:18,.,5e-06,0.4,0.001,True
lr5e-6_dr0.4_wd5e-4_focal_focal_focal,114,5e-06,0.4,0.0005,84.02,69.05,14.98,1,2025-08-12 21:18:27,.,5e-06,0.4,0.0005,True
lr5e-6_dr0.3_wd1e-3_focal_focal_focal,62,5e-06,0.3,0.001,65.49,68.93,-3.44,1,2025-08-12 21:18:33,.,5e-06,0.3,0.001,True
lr5e-6_dr0.3_wd2e-3_focal_focal_focal,114,5e-06,0.3,0.002,86.47,70.42,16.05,1,2025-08-12 21:19:15,.,5e-06,0.3,0.002,True
lr5e-6_dr0.4_wd1e-3,16,5e-06,0.4,0.001,61.04,64.65,-3.61,0,2025-08-12 21:20:17,.,5e-06,0.4,0.001,False
lr5e-6_dr0.4_wd1e-3_focal_focal_focal,18,5e-06,0.4,0.001,57.42,61.99,-4.57,1,2025-08-12 21:20:18,.,5e-06,0.4,0.001,True
lr5e-6_dr0.4_wd5e-4_focal_focal_focal,115,5e-06,0.4,0.0005,84.36,69.17,15.19,1,2025-08-12 21:20:25,.,5e-06,0.4,0.0005,True
lr5e-6_dr0.3_wd5e-4,62,5e-06,0.3,0.0005,70.64,68.58,2.06,0,2025-08-12 21:20:50,.,5e-06,0.3,0.0005,False
lr5e-6_dr0.3_wd2e-3_focal_focal_focal,115,5e-06,0.3,0.002,85.82,69.49,16.33,1,2025-08-12 21:21:11,.,5e-06,0.3,0.002,True
lr5e-6_dr0.3_wd5e-4_focal_focal_focal,62,5e-06,0.3,0.0005,65.95,68.74,-2.79,1,2025-08-12 21:21:23,.,5e-06,0.3,0.0005,True
lr5e-6_dr0.3_wd1e-3,62,5e-06,0.3,0.001,70.57,69.01,1.56,0,2025-08-12 21:21:53,.,5e-06,0.3,0.001,False
lr5e-6_dr0.3_wd1e-3_focal_focal_focal,63,5e-06,0.3,0.001,66.03,69.51,-3.48,1,2025-08-12 21:22:09,.,5e-06,0.3,0.001,True
lr5e-6_dr0.4_wd1e-3_focal_focal_focal,19,5e-06,0.4,0.001,56.32,61.42,-5.1,1,2025-08-12 21:22:11,.,5e-06,0.4,0.001,True
lr5e-6_dr0.4_wd1e-3,17,5e-06,0.4,0.001,61.58,64.02,-2.44,0,2025-08-12 21:22:13,.,5e-06,0.4,0.001,False
lr5e-6_dr0.3_wd2e-3_focal_focal_focal,116,5e-06,0.3,0.002,86.06,70.2,15.86,1,2025-08-12 21:23:08,.,5e-06,0.3,0.002,True
lr5e-6_dr0.4_wd2e-3_focal_focal_focal,1,5e-06,0.4,0.002,52.51,57.45,-4.93,1,2025-08-12 21:23:52,.,5e-06,0.4,0.002,True
lr5e-6_dr0.4_wd1e-3_focal_focal_focal,20,5e-06,0.4,0.001,56.81,62.21,-5.4,1,2025-08-12 21:24:10,.,5e-06,0.4,0.001,True
lr5e-6_dr0.4_wd1e-3,18,5e-06,0.4,0.001,61.38,63.74,-2.36,0,2025-08-12 21:24:13,.,5e-06,0.4,0.001,False
lr5e-6_dr0.3_wd5e-4,63,5e-06,0.3,0.0005,71.49,69.35,2.14,0,2025-08-12 21:24:29,.,5e-06,0.3,0.0005,False
lr5e-6_dr0.3_wd5e-4_focal_focal_focal,63,5e-06,0.3,0.0005,66.43,68.08,-1.65,1,2025-08-12 21:25:02,.,5e-06,0.3,0.0005,True
lr5e-6_dr0.3_wd2e-3_focal_focal_focal,117,5e-06,0.3,0.002,86.25,70.36,15.89,1,2025-08-12 21:25:06,.,5e-06,0.3,0.002,True
lr5e-6_dr0.3_wd1e-3,63,5e-06,0.3,0.001,70.75,69.35,1.4,0,2025-08-12 21:25:33,.,5e-06,0.3,0.001,False
lr5e-6_dr0.3_wd1e-3_focal_focal_focal,64,5e-06,0.3,0.001,66.22,69.85,-3.64,1,2025-08-12 21:25:46,.,5e-06,0.3,0.001,True
lr5e-6_dr0.4_wd2e-3_focal_focal_focal,2,5e-06,0.4,0.002,54.79,58.86,-4.07,1,2025-08-12 21:25:53,.,5e-06,0.4,0.002,True
lr5e-6_dr0.4_wd1e-3_focal_focal_focal,21,5e-06,0.4,0.001,57.26,62.91,-5.65,1,2025-08-12 21:26:09,.,5e-06,0.4,0.001,True
lr5e-6_dr0.4_wd1e-3,19,5e-06,0.4,0.001,61.39,64.25,-2.86,0,2025-08-12 21:26:13,.,5e-06,0.4,0.001,False
lr5e-6_dr0.3_wd2e-3_focal_focal_focal,118,5e-06,0.3,0.002,86.65,70.08,16.57,1,2025-08-12 21:27:06,.,5e-06,0.3,0.002,True
lr5e-6_dr0.4_wd2e-3_focal_focal_focal,3,5e-06,0.4,0.002,55.57,59.71,-4.13,1,2025-08-12 21:27:55,.,5e-06,0.4,0.002,True
lr5e-6_dr0.3_wd5e-4,64,5e-06,0.3,0.0005,71.57,69.07,2.51,0,2025-08-12 21:28:08,.,5e-06,0.3,0.0005,False
lr5e-6_dr0.4_wd1e-3_focal_focal_focal,22,5e-06,0.4,0.001,57.2,63.08,-5.88,1,2025-08-12 21:28:10,.,5e-06,0.4,0.001,True
lr5e-6_dr0.4_wd1e-3,20,5e-06,0.4,0.001,61.65,64.45,-2.79,0,2025-08-12 21:28:14,.,5e-06,0.4,0.001,False
lr5e-6_dr0.3_wd5e-4_focal_focal_focal,64,5e-06,0.3,0.0005,66.15,67.13,-0.98,1,2025-08-12 21:28:41,.,5e-06,0.3,0.0005,True
lr5e-6_dr0.3_wd2e-3_focal_focal_focal,119,5e-06,0.3,0.002,86.3,69.9,16.41,1,2025-08-12 21:29:05,.,5e-06,0.3,0.002,True
lr5e-6_dr0.3_wd1e-3,64,5e-06,0.3,0.001,71.04,69.47,1.57,0,2025-08-12 21:29:12,.,5e-06,0.3,0.001,False
lr5e-6_dr0.3_wd1e-3_focal_focal_focal,65,5e-06,0.3,0.001,66.28,69.59,-3.31,1,2025-08-12 21:29:25,.,5e-06,0.3,0.001,True
lr5e-6_dr0.4_wd2e-3_focal_focal_focal,4,5e-06,0.4,0.002,55.75,60.92,-5.17,1,2025-08-12 21:29:56,.,5e-06,0.4,0.002,True
lr5e-6_dr0.4_wd1e-3_focal_focal_focal,23,5e-06,0.4,0.001,57.74,63.3,-5.56,1,2025-08-12 21:30:11,.,5e-06,0.4,0.001,True
lr5e-6_dr0.4_wd1e-3,21,5e-06,0.4,0.001,61.58,64.97,-3.39,0,2025-08-12 21:30:14,.,5e-06,0.4,0.001,False
lr5e-6_dr0.3_wd2e-3_focal_focal_focal,120,5e-06,0.3,0.002,87.19,70.04,17.15,1,2025-08-12 21:31:03,.,5e-06,0.3,0.002,True
lr5e-6_dr0.3_wd5e-4,65,5e-06,0.3,0.0005,71.91,68.89,3.03,0,2025-08-12 21:31:47,.,5e-06,0.3,0.0005,False
lr5e-6_dr0.4_wd2e-3_focal_focal_focal,5,5e-06,0.4,0.002,55.6,60.88,-5.28,1,2025-08-12 21:31:57,.,5e-06,0.4,0.002,True
lr5e-6_dr0.4_wd1e-3_focal_focal_focal,24,5e-06,0.4,0.001,57.91,62.09,-4.18,1,2025-08-12 21:32:12,.,5e-06,0.4,0.001,True
lr5e-6_dr0.4_wd1e-3,22,5e-06,0.4,0.001,61.73,63.7,-1.97,0,2025-08-12 21:32:18,.,5e-06,0.4,0.001,False
lr5e-6_dr0.3_wd5e-4_focal_focal_focal,65,5e-06,0.3,0.0005,66.45,67.96,-1.51,1,2025-08-12 21:32:20,.,5e-06,0.3,0.0005,True
lr5e-6_dr0.3_wd1e-3,65,5e-06,0.3,0.001,71.83,69.01,2.82,0,2025-08-12 21:32:53,.,5e-06,0.3,0.001,False
lr5e-6_dr0.3_wd1e-3_focal_focal_focal,66,5e-06,0.3,0.001,66.69,69.75,-3.07,1,2025-08-12 21:33:02,.,5e-06,0.3,0.001,True
lr5e-6_dr0.3_wd2e-3_focal_focal_focal,121,5e-06,0.3,0.002,87.3,69.77,17.52,1,2025-08-12 21:33:02,.,5e-06,0.3,0.002,True
lr5e-6_dr0.4_wd2e-3_focal_focal_focal,6,5e-06,0.4,0.002,55.88,61.26,-5.38,1,2025-08-12 21:33:56,.,5e-06,0.4,0.002,True
lr5e-6_dr0.4_wd1e-3_focal_focal_focal,25,5e-06,0.4,0.001,58.35,62.79,-4.44,1,2025-08-12 21:34:11,.,5e-06,0.4,0.001,True
lr5e-6_dr0.4_wd1e-3,23,5e-06,0.4,0.001,61.95,65.4,-3.45,0,2025-08-12 21:34:18,.,5e-06,0.4,0.001,False
lr5e-6_dr0.3_wd2e-3_focal_focal_focal,122,5e-06,0.3,0.002,87.16,70.46,16.7,1,2025-08-12 21:35:01,.,5e-06,0.3,0.002,True
lr5e-6_dr0.3_wd5e-4,66,5e-06,0.3,0.0005,72.74,68.81,3.93,0,2025-08-12 21:35:25,.,5e-06,0.3,0.0005,False
lr5e-6_dr0.4_wd2e-3_focal_focal_focal,7,5e-06,0.4,0.002,56.29,61.7,-5.41,1,2025-08-12 21:35:57,.,5e-06,0.4,0.002,True
lr5e-6_dr0.3_wd5e-4_focal_focal_focal,66,5e-06,0.3,0.0005,67.23,68.74,-1.52,1,2025-08-12 21:36:00,.,5e-06,0.3,0.0005,True
lr5e-6_dr0.4_wd1e-3_focal_focal_focal,26,5e-06,0.4,0.001,58.16,64.75,-6.59,1,2025-08-12 21:36:12,.,5e-06,0.4,0.001,True
lr5e-6_dr0.4_wd1e-3,24,5e-06,0.4,0.001,62.01,65.07,-3.07,0,2025-08-12 21:36:19,.,5e-06,0.4,0.001,False
lr5e-6_dr0.3_wd1e-3,66,5e-06,0.3,0.001,72.3,68.6,3.69,0,2025-08-12 21:36:32,.,5e-06,0.3,0.001,False
lr5e-6_dr0.3_wd1e-3_focal_focal_focal,67,5e-06,0.3,0.001,66.94,69.33,-2.39,1,2025-08-12 21:36:40,.,5e-06,0.3,0.001,True
lr5e-6_dr0.3_wd2e-3_focal_focal_focal,123,5e-06,0.3,0.002,87.42,69.55,17.87,1,2025-08-12 21:37:02,.,5e-06,0.3,0.002,True
lr5e-6_dr0.4_wd2e-3_focal_focal_focal,8,5e-06,0.4,0.002,56.63,62.21,-5.57,1,2025-08-12 21:37:59,.,5e-06,0.4,0.002,True
lr5e-6_dr0.4_wd1e-3_focal_focal_focal,27,5e-06,0.4,0.001,58.1,65.13,-7.03,1,2025-08-12 21:38:12,.,5e-06,0.4,0.001,True
lr5e-6_dr0.4_wd1e-3,25,5e-06,0.4,0.001,63.18,66.81,-3.63,0,2025-08-12 21:38:20,.,5e-06,0.4,0.001,False
lr5e-6_dr0.3_wd2e-3_focal_focal_focal,124,5e-06,0.3,0.002,87.38,70.16,17.23,1,2025-08-12 21:39:00,.,5e-06,0.3,0.002,True
lr5e-6_dr0.3_wd5e-4,67,5e-06,0.3,0.0005,73.31,69.19,4.12,0,2025-08-12 21:39:05,.,5e-06,0.3,0.0005,False
lr5e-6_dr0.3_wd5e-4_focal_focal_focal,67,5e-06,0.3,0.0005,67.18,69.65,-2.48,1,2025-08-12 21:39:39,.,5e-06,0.3,0.0005,True
lr5e-6_dr0.4_wd2e-3_focal_focal_focal,9,5e-06,0.4,0.002,56.66,61.42,-4.76,1,2025-08-12 21:40:00,.,5e-06,0.4,0.002,True
lr5e-6_dr0.3_wd1e-3,67,5e-06,0.3,0.001,73.06,68.97,4.09,0,2025-08-12 21:40:12,.,5e-06,0.3,0.001,False
lr5e-6_dr0.4_wd1e-3_focal_focal_focal,28,5e-06,0.4,0.001,57.83,64.49,-6.65,1,2025-08-12 21:40:13,.,5e-06,0.4,0.001,True
lr5e-6_dr0.3_wd1e-3_focal_focal_focal,68,5e-06,0.3,0.001,67.7,70.1,-2.4,1,2025-08-12 21:40:16,.,5e-06,0.3,0.001,True
lr5e-6_dr0.4_wd1e-3,26,5e-06,0.4,0.001,62.78,65.25,-2.48,0,2025-08-12 21:40:22,.,5e-06,0.4,0.001,False
lr5e-6_dr0.3_wd2e-3_focal_focal_focal,125,5e-06,0.3,0.002,87.33,70.28,17.06,1,2025-08-12 21:40:59,.,5e-06,0.3,0.002,True
lr5e-6_dr0.4_wd2e-3_focal_focal_focal,10,5e-06,0.4,0.002,56.48,62.19,-5.71,1,2025-08-12 21:41:59,.,5e-06,0.4,0.002,True
lr5e-6_dr0.4_wd1e-3_focal_focal_focal,29,5e-06,0.4,0.001,59.26,64.59,-5.33,1,2025-08-12 21:42:12,.,5e-06,0.4,0.001,True
lr5e-6_dr0.4_wd1e-3,27,5e-06,0.4,0.001,63.15,67.17,-4.02,0,2025-08-12 21:42:22,.,5e-06,0.4,0.001,False
lr5e-6_dr0.3_wd5e-4,68,5e-06,0.3,0.0005,72.85,69.37,3.48,0,2025-08-12 21:42:45,.,5e-06,0.3,0.0005,False
lr5e-6_dr0.3_wd2e-3_focal_focal_focal,126,5e-06,0.3,0.002,87.49,70.22,17.28,1,2025-08-12 21:42:57,.,5e-06,0.3,0.002,True
lr5e-6_dr0.3_wd5e-4_focal_focal_focal,68,5e-06,0.3,0.0005,67.19,69.35,-2.16,1,2025-08-12 21:43:19,.,5e-06,0.3,0.0005,True
lr5e-6_dr0.3_wd1e-3,68,5e-06,0.3,0.001,72.92,69.29,3.63,0,2025-08-12 21:43:52,.,5e-06,0.3,0.001,False
lr5e-6_dr0.3_wd1e-3_focal_focal_focal,69,5e-06,0.3,0.001,67.59,69.75,-2.16,1,2025-08-12 21:43:55,.,5e-06,0.3,0.001,True
lr5e-6_dr0.4_wd2e-3_focal_focal_focal,11,5e-06,0.4,0.002,56.69,62.53,-5.84,1,2025-08-12 21:44:00,.,5e-06,0.4,0.002,True
lr5e-6_dr0.4_wd1e-3_focal_focal_focal,30,5e-06,0.4,0.001,59.18,64.37,-5.19,1,2025-08-12 21:44:12,.,5e-06,0.4,0.001,True
lr5e-6_dr0.4_wd1e-3,28,5e-06,0.4,0.001,63.38,66.85,-3.47,0,2025-08-12 21:44:24,.,5e-06,0.4,0.001,False
lr5e-6_dr0.3_wd2e-3_focal_focal_focal,127,5e-06,0.3,0.002,87.3,70.2,17.1,1,2025-08-12 21:44:57,.,5e-06,0.3,0.002,True
lr5e-6_dr0.4_wd2e-3_focal_focal_focal,12,5e-06,0.4,0.002,56.21,62.69,-6.48,1,2025-08-12 21:46:01,.,5e-06,0.4,0.002,True
lr5e-6_dr0.4_wd1e-3_focal_focal_focal,31,5e-06,0.4,0.001,58.92,64.47,-5.54,1,2025-08-12 21:46:11,.,5e-06,0.4,0.001,True
lr5e-6_dr0.4_wd1e-3,29,5e-06,0.4,0.001,63.9,66.28,-2.39,0,2025-08-12 21:46:24,.,5e-06,0.4,0.001,False
lr5e-6_dr0.3_wd5e-4,69,5e-06,0.3,0.0005,73.69,69.05,4.65,0,2025-08-12 21:46:25,.,5e-06,0.3,0.0005,False
lr5e-6_dr0.3_wd2e-3_focal_focal_focal,128,5e-06,0.3,0.002,87.79,69.85,17.93,1,2025-08-12 21:46:56,.,5e-06,0.3,0.002,True
lr5e-6_dr0.3_wd5e-4_focal_focal_focal,69,5e-06,0.3,0.0005,67.89,69.27,-1.38,1,2025-08-12 21:47:00,.,5e-06,0.3,0.0005,True
lr5e-6_dr0.3_wd1e-3,69,5e-06,0.3,0.001,73.63,68.56,5.07,0,2025-08-12 21:47:32,.,5e-06,0.3,0.001,False
lr5e-6_dr0.3_wd1e-3_focal_focal_focal,70,5e-06,0.3,0.001,68.27,69.25,-0.98,1,2025-08-12 21:47:33,.,5e-06,0.3,0.001,True
lr5e-6_dr0.4_wd2e-3_focal_focal_focal,13,5e-06,0.4,0.002,57.34,63.32,-5.97,1,2025-08-12 21:48:03,.,5e-06,0.4,0.002,True
lr5e-6_dr0.4_wd1e-3_focal_focal_focal,32,5e-06,0.4,0.001,60.08,65.44,-5.36,1,2025-08-12 21:48:11,.,5e-06,0.4,0.001,True
lr5e-6_dr0.4_wd1e-3,30,5e-06,0.4,0.001,63.95,67.72,-3.77,0,2025-08-12 21:48:24,.,5e-06,0.4,0.001,False
lr5e-6_dr0.3_wd2e-3_focal_focal_focal,129,5e-06,0.3,0.002,87.49,70.06,17.43,1,2025-08-12 21:48:55,.,5e-06,0.3,0.002,True
lr5e-6_dr0.4_wd2e-3_focal_focal_focal,14,5e-06,0.4,0.002,57.33,63.42,-6.08,1,2025-08-12 21:50:03,.,5e-06,0.4,0.002,True
lr5e-6_dr0.3_wd5e-4,70,5e-06,0.3,0.0005,74.78,68.99,5.8,0,2025-08-12 21:50:03,.,5e-06,0.3,0.0005,False
lr5e-6_dr0.4_wd1e-3_focal_focal_focal,33,5e-06,0.4,0.001,59.71,65.5,-5.79,1,2025-08-12 21:50:11,.,5e-06,0.4,0.001,True
lr5e-6_dr0.4_wd1e-3,31,5e-06,0.4,0.001,64.25,67.19,-2.94,0,2025-08-12 21:50:25,.,5e-06,0.4,0.001,False
lr5e-6_dr0.3_wd5e-4_focal_focal_focal,70,5e-06,0.3,0.0005,68.77,69.69,-0.93,1,2025-08-12 21:50:40,.,5e-06,0.3,0.0005,True
lr5e-6_dr0.3_wd2e-3_focal_focal_focal,130,5e-06,0.3,0.002,87.47,70.1,17.37,1,2025-08-12 21:50:54,.,5e-06,0.3,0.002,True
lr5e-6_dr0.3_wd1e-3_focal_focal_focal,71,5e-06,0.3,0.001,68.76,69.9,-1.13,1,2025-08-12 21:51:09,.,5e-06,0.3,0.001,True
lr5e-6_dr0.4_wd2e-3_focal_focal_focal,15,5e-06,0.4,0.002,57.28,63.24,-5.95,1,2025-08-12 21:52:05,.,5e-06,0.4,0.002,True
lr5e-6_dr0.4_wd1e-3_focal_focal_focal,34,5e-06,0.4,0.001,59.45,66.46,-7.02,1,2025-08-12 21:52:13,.,5e-06,0.4,0.001,True
lr5e-6_dr0.4_wd1e-3,32,5e-06,0.4,0.001,64.49,67.51,-3.03,0,2025-08-12 21:52:26,.,5e-06,0.4,0.001,False
lr5e-6_dr0.4_wd2e-3,1,5e-06,0.4,0.002,54.04,60.07,-6.03,0,2025-08-12 21:52:44,.,5e-06,0.4,0.002,False
lr5e-6_dr0.3_wd2e-3_focal_focal_focal,131,5e-06,0.3,0.002,88.0,70.18,17.82,1,2025-08-12 21:52:53,.,5e-06,0.3,0.002,True
lr5e-6_dr0.3_wd5e-4,71,5e-06,0.3,0.0005,75.16,69.39,5.77,0,2025-08-12 21:53:43,.,5e-06,0.3,0.0005,False
lr5e-6_dr0.4_wd2e-3_focal_focal_focal,16,5e-06,0.4,0.002,57.09,63.42,-6.33,1,2025-08-12 21:54:03,.,5e-06,0.4,0.002,True
lr5e-6_dr0.4_wd1e-3_focal_focal_focal,35,5e-06,0.4,0.001,59.52,65.74,-6.21,1,2025-08-12 21:54:12,.,5e-06,0.4,0.001,True
lr5e-6_dr0.3_wd5e-4_focal_focal_focal,71,5e-06,0.3,0.0005,68.79,69.79,-1.01,1,2025-08-12 21:54:22,.,5e-06,0.3,0.0005,True
lr5e-6_dr0.4_wd1e-3,33,5e-06,0.4,0.001,64.54,66.2,-1.66,0,2025-08-12 21:54:26,.,5e-06,0.4,0.001,False
lr5e-6_dr0.3_wd1e-3_focal_focal_focal,72,5e-06,0.3,0.001,69.47,70.16,-0.69,1,2025-08-12 21:54:48,.,5e-06,0.3,0.001,True
lr5e-6_dr0.3_wd2e-3_focal_focal_focal,132,5e-06,0.3,0.002,87.41,70.4,17.01,1,2025-08-12 21:54:50,.,5e-06,0.3,0.002,True
lr5e-6_dr0.4_wd2e-3_focal_focal_focal,17,5e-06,0.4,0.002,57.73,63.56,-5.83,1,2025-08-12 21:56:03,.,5e-06,0.4,0.002,True
lr5e-6_dr0.4_wd1e-3_focal_focal_focal,36,5e-06,0.4,0.001,60.16,65.8,-5.63,1,2025-08-12 21:56:13,.,5e-06,0.4,0.001,True
lr5e-6_dr0.4_wd2e-3,2,5e-06,0.4,0.002,57.31,61.58,-4.27,0,2025-08-12 21:56:26,.,5e-06,0.4,0.002,False
lr5e-6_dr0.4_wd1e-3,34,5e-06,0.4,0.001,64.75,67.92,-3.16,0,2025-08-12 21:56:26,.,5e-06,0.4,0.001,False
lr5e-6_dr0.3_wd2e-3_focal_focal_focal,133,5e-06,0.3,0.002,87.67,70.36,17.31,1,2025-08-12 21:56:49,.,5e-06,0.3,0.002,True
lr5e-6_dr0.3_wd5e-4,72,5e-06,0.3,0.0005,75.92,68.48,7.44,0,2025-08-12 21:57:24,.,5e-06,0.3,0.0005,False
lr5e-6_dr0.4_wd2e-3_focal_focal_focal,18,5e-06,0.4,0.002,57.38,63.48,-6.1,1,2025-08-12 21:58:03,.,5e-06,0.4,0.002,True
lr5e-6_dr0.3_wd5e-4_focal_focal_focal,72,5e-06,0.3,0.0005,69.24,70.52,-1.28,1,2025-08-12 21:58:03,.,5e-06,0.3,0.0005,True
lr5e-6_dr0.4_wd1e-3_focal_focal_focal,37,5e-06,0.4,0.001,60.8,66.32,-5.52,1,2025-08-12 21:58:13,.,5e-06,0.4,0.001,True
lr5e-6_dr0.3_wd1e-3_focal_focal_focal,73,5e-06,0.3,0.001,69.65,69.92,-0.27,1,2025-08-12 21:58:26,.,5e-06,0.3,0.001,True
lr5e-6_dr0.4_wd1e-3,35,5e-06,0.4,0.001,64.78,68.0,-3.22,0,2025-08-12 21:58:27,.,5e-06,0.4,0.001,False
lr5e-6_dr0.3_wd2e-3_focal_focal_focal,134,5e-06,0.3,0.002,87.66,70.28,17.38,1,2025-08-12 21:58:48,.,5e-06,0.3,0.002,True
lr5e-6_dr0.4_wd2e-3_focal_focal_focal,19,5e-06,0.4,0.002,57.13,63.68,-6.55,1,2025-08-12 22:00:03,.,5e-06,0.4,0.002,True
lr5e-6_dr0.4_wd2e-3,3,5e-06,0.4,0.002,58.69,62.45,-3.76,0,2025-08-12 22:00:09,.,5e-06,0.4,0.002,False
lr5e-6_dr0.4_wd1e-3_focal_focal_focal,38,5e-06,0.4,0.001,60.64,65.84,-5.2,1,2025-08-12 22:00:13,.,5e-06,0.4,0.001,True
lr5e-6_dr0.4_wd1e-3,36,5e-06,0.4,0.001,65.05,68.48,-3.43,0,2025-08-12 22:00:27,.,5e-06,0.4,0.001,False
lr5e-6_dr0.3_wd2e-3_focal_focal_focal,135,5e-06,0.3,0.002,87.69,70.34,17.35,1,2025-08-12 22:00:47,.,5e-06,0.3,0.002,True
lr5e-6_dr0.3_wd5e-4,73,5e-06,0.3,0.0005,75.92,68.12,7.8,0,2025-08-12 22:01:03,.,5e-06,0.3,0.0005,False
lr5e-6_dr0.3_wd5e-4_focal_focal_focal,73,5e-06,0.3,0.0005,69.85,69.83,0.02,1,2025-08-12 22:01:44,.,5e-06,0.3,0.0005,True
lr5e-6_dr0.3_wd1e-3_focal_focal_focal,74,5e-06,0.3,0.001,69.91,69.77,0.14,1,2025-08-12 22:02:03,.,5e-06,0.3,0.001,True
lr5e-6_dr0.4_wd2e-3_focal_focal_focal,20,5e-06,0.4,0.002,57.87,63.5,-5.63,1,2025-08-12 22:02:04,.,5e-06,0.4,0.002,True
lr5e-6_dr0.4_wd1e-3_focal_focal_focal,39,5e-06,0.4,0.001,60.53,65.76,-5.23,1,2025-08-12 22:02:12,.,5e-06,0.4,0.001,True
lr5e-6_dr0.4_wd1e-3,37,5e-06,0.4,0.001,65.29,68.46,-3.17,0,2025-08-12 22:02:28,.,5e-06,0.4,0.001,False
lr5e-6_dr0.3_wd2e-3_focal_focal_focal,136,5e-06,0.3,0.002,88.39,70.6,17.79,1,2025-08-12 22:02:48,.,5e-06,0.3,0.002,True
lr5e-6_dr0.4_wd2e-3,4,5e-06,0.4,0.002,58.63,62.37,-3.74,0,2025-08-12 22:03:50,.,5e-06,0.4,0.002,False
lr5e-6_dr0.4_wd2e-3_focal_focal_focal,21,5e-06,0.4,0.002,57.3,63.05,-5.75,1,2025-08-12 22:04:02,.,5e-06,0.4,0.002,True
lr5e-6_dr0.4_wd1e-3_focal_focal_focal,40,5e-06,0.4,0.001,60.62,66.81,-6.19,1,2025-08-12 22:04:12,.,5e-06,0.4,0.001,True
lr5e-6_dr0.4_wd1e-3,38,5e-06,0.4,0.001,65.89,68.34,-2.45,0,2025-08-12 22:04:28,.,5e-06,0.4,0.001,False
lr5e-6_dr0.3_wd5e-4,74,5e-06,0.3,0.0005,77.32,68.34,8.98,0,2025-08-12 22:04:42,.,5e-06,0.3,0.0005,False
lr5e-6_dr0.3_wd2e-3_focal_focal_focal,137,5e-06,0.3,0.002,87.87,70.38,17.49,1,2025-08-12 22:04:47,.,5e-06,0.3,0.002,True
lr5e-6_dr0.3_wd5e-4_focal_focal_focal,74,5e-06,0.3,0.0005,70.82,69.11,1.72,1,2025-08-12 22:05:23,.,5e-06,0.3,0.0005,True
lr5e-6_dr0.3_wd1e-3_focal_focal_focal,75,5e-06,0.3,0.001,70.77,69.96,0.81,1,2025-08-12 22:05:40,.,5e-06,0.3,0.001,True
lr5e-6_dr0.4_wd2e-3_focal_focal_focal,22,5e-06,0.4,0.002,57.21,62.43,-5.22,1,2025-08-12 22:06:01,.,5e-06,0.4,0.002,True
lr5e-6_dr0.4_wd1e-3_focal_focal_focal,41,5e-06,0.4,0.001,61.04,67.19,-6.15,1,2025-08-12 22:06:14,.,5e-06,0.4,0.001,True
lr5e-6_dr0.4_wd1e-3,39,5e-06,0.4,0.001,65.76,68.42,-2.66,0,2025-08-12 22:06:28,.,5e-06,0.4,0.001,False
lr5e-6_dr0.3_wd2e-3_focal_focal_focal,138,5e-06,0.3,0.002,87.99,70.38,17.62,1,2025-08-12 22:06:45,.,5e-06,0.3,0.002,True
lr5e-6_dr0.4_wd2e-3,5,5e-06,0.4,0.002,59.2,62.99,-3.79,0,2025-08-12 22:07:30,.,5e-06,0.4,0.002,False
lr5e-6_dr0.4_wd2e-3_focal_focal_focal,23,5e-06,0.4,0.002,57.69,62.93,-5.25,1,2025-08-12 22:08:00,.,5e-06,0.4,0.002,True
lr5e-6_dr0.4_wd1e-3_focal_focal_focal,42,5e-06,0.4,0.001,61.46,66.81,-5.35,1,2025-08-12 22:08:15,.,5e-06,0.4,0.001,True
lr5e-6_dr0.3_wd5e-4,75,5e-06,0.3,0.0005,77.3,67.92,9.38,0,2025-08-12 22:08:20,.,5e-06,0.3,0.0005,False
lr5e-6_dr0.4_wd1e-3,40,5e-06,0.4,0.001,66.22,68.54,-2.32,0,2025-08-12 22:08:30,.,5e-06,0.4,0.001,False
lr5e-6_dr0.3_wd2e-3_focal_focal_focal,139,5e-06,0.3,0.002,88.12,70.46,17.66,1,2025-08-12 22:08:44,.,5e-06,0.3,0.002,True
lr5e-6_dr0.3_wd5e-4_focal_focal_focal,75,5e-06,0.3,0.0005,71.1,69.29,1.81,1,2025-08-12 22:09:04,.,5e-06,0.3,0.0005,True
lr5e-6_dr0.3_wd1e-3_focal_focal_focal,76,5e-06,0.3,0.001,71.76,69.94,1.83,1,2025-08-12 22:09:18,.,5e-06,0.3,0.001,True
lr5e-6_dr0.4_wd2e-3_focal_focal_focal,24,5e-06,0.4,0.002,57.83,63.22,-5.38,1,2025-08-12 22:09:59,.,5e-06,0.4,0.002,True
lr5e-6_dr0.4_wd1e-3_focal_focal_focal,43,5e-06,0.4,0.001,61.49,67.25,-5.76,1,2025-08-12 22:10:16,.,5e-06,0.4,0.001,True
lr5e-6_dr0.4_wd1e-3,41,5e-06,0.4,0.001,66.17,68.95,-2.77,0,2025-08-12 22:10:31,.,5e-06,0.4,0.001,False
lr5e-6_dr0.3_wd2e-3_focal_focal_focal,140,5e-06,0.3,0.002,88.08,70.44,17.64,1,2025-08-12 22:10:42,.,5e-06,0.3,0.002,True
lr5e-6_dr0.4_wd2e-3,6,5e-06,0.4,0.002,59.76,63.22,-3.46,0,2025-08-12 22:11:12,.,5e-06,0.4,0.002,False
lr5e-6_dr0.4_wd2e-3_focal_focal_focal,25,5e-06,0.4,0.002,58.21,62.81,-4.6,1,2025-08-12 22:11:59,.,5e-06,0.4,0.002,True
lr5e-6_dr0.3_wd5e-4,76,5e-06,0.3,0.0005,77.77,68.64,9.13,0,2025-08-12 22:11:59,.,5e-06,0.3,0.0005,False
lr5e-6_dr0.4_wd1e-3_focal_focal_focal,44,5e-06,0.4,0.001,62.09,67.64,-5.54,1,2025-08-12 22:12:16,.,5e-06,0.4,0.001,True
lr5e-6_dr0.4_wd1e-3,42,5e-06,0.4,0.001,66.43,68.3,-1.87,0,2025-08-12 22:12:33,.,5e-06,0.4,0.001,False
lr5e-6_dr0.3_wd2e-3_focal_focal_focal,141,5e-06,0.3,0.002,86.33,69.87,16.45,1,2025-08-12 22:12:41,.,5e-06,0.3,0.002,True
lr5e-6_dr0.3_wd5e-4_focal_focal_focal,76,5e-06,0.3,0.0005,71.56,69.55,2.01,1,2025-08-12 22:12:46,.,5e-06,0.3,0.0005,True
lr5e-6_dr0.3_wd1e-3_focal_focal_focal,77,5e-06,0.3,0.001,71.6,69.69,1.91,1,2025-08-12 22:12:57,.,5e-06,0.3,0.001,True
lr5e-6_dr0.4_wd2e-3_focal_focal_focal,26,5e-06,0.4,0.002,58.58,62.67,-4.1,1,2025-08-12 22:13:58,.,5e-06,0.4,0.002,True
lr5e-6_dr0.4_wd1e-3_focal_focal_focal,45,5e-06,0.4,0.001,61.97,68.22,-6.25,1,2025-08-12 22:14:17,.,5e-06,0.4,0.001,True
lr5e-6_dr0.4_wd1e-3,43,5e-06,0.4,0.001,66.99,67.76,-0.77,0,2025-08-12 22:14:33,.,5e-06,0.4,0.001,False
lr5e-6_dr0.3_wd2e-3_focal_focal_focal,142,5e-06,0.3,0.002,85.24,70.36,14.88,1,2025-08-12 22:14:39,.,5e-06,0.3,0.002,True
lr5e-6_dr0.4_wd2e-3,7,5e-06,0.4,0.002,59.76,64.16,-4.4,0,2025-08-12 22:14:54,.,5e-06,0.4,0.002,False
lr5e-6_dr0.3_wd5e-4,77,5e-06,0.3,0.0005,78.78,67.82,10.96,0,2025-08-12 22:15:38,.,5e-06,0.3,0.0005,False
lr5e-6_dr0.4_wd2e-3_focal_focal_focal,27,5e-06,0.4,0.002,58.29,63.05,-4.76,1,2025-08-12 22:15:58,.,5e-06,0.4,0.002,True
lr5e-6_dr0.4_wd1e-3_focal_focal_focal,46,5e-06,0.4,0.001,61.53,67.49,-5.97,1,2025-08-12 22:16:17,.,5e-06,0.4,0.001,True
lr5e-6_dr0.3_wd5e-4_focal_focal_focal,77,5e-06,0.3,0.0005,72.16,69.47,2.69,1,2025-08-12 22:16:28,.,5e-06,0.3,0.0005,True
lr5e-6_dr0.4_wd1e-3,44,5e-06,0.4,0.001,67.26,68.68,-1.42,0,2025-08-12 22:16:33,.,5e-06,0.4,0.001,False
lr5e-6_dr0.3_wd1e-3_focal_focal_focal,78,5e-06,0.3,0.001,72.39,69.67,2.72,1,2025-08-12 22:16:35,.,5e-06,0.3,0.001,True
lr5e-6_dr0.3_wd2e-3_focal_focal_focal,143,5e-06,0.3,0.002,85.32,70.82,14.5,1,2025-08-12 22:16:37,.,5e-06,0.3,0.002,True
lr5e-6_dr0.4_wd2e-3_focal_focal_focal,28,5e-06,0.4,0.002,58.79,64.23,-5.43,1,2025-08-12 22:17:57,.,5e-06,0.4,0.002,True
lr5e-6_dr0.4_wd1e-3_focal_focal_focal,47,5e-06,0.4,0.001,62.31,67.74,-5.42,1,2025-08-12 22:18:16,.,5e-06,0.4,0.001,True
lr5e-6_dr0.4_wd1e-3,45,5e-06,0.4,0.001,67.07,67.62,-0.55,0,2025-08-12 22:18:34,.,5e-06,0.4,0.001,False
lr5e-6_dr0.4_wd2e-3,8,5e-06,0.4,0.002,59.93,64.39,-4.46,0,2025-08-12 22:18:36,.,5e-06,0.4,0.002,False
lr5e-6_dr0.3_wd2e-3_focal_focal_focal,144,5e-06,0.3,0.002,86.09,70.2,15.89,1,2025-08-12 22:18:37,.,5e-06,0.3,0.002,True
lr5e-6_dr0.3_wd5e-4,78,5e-06,0.3,0.0005,79.58,67.76,11.82,0,2025-08-12 22:19:17,.,5e-06,0.3,0.0005,False
lr5e-6_dr0.4_wd2e-3_focal_focal_focal,29,5e-06,0.4,0.002,59.56,64.69,-5.13,1,2025-08-12 22:19:58,.,5e-06,0.4,0.002,True
lr5e-6_dr0.3_wd5e-4_focal_focal_focal,78,5e-06,0.3,0.0005,72.42,70.04,2.39,1,2025-08-12 22:20:07,.,5e-06,0.3,0.0005,True
lr5e-6_dr0.3_wd1e-3_focal_focal_focal,79,5e-06,0.3,0.001,72.7,70.36,2.34,1,2025-08-12 22:20:12,.,5e-06,0.3,0.001,True
lr5e-6_dr0.4_wd1e-3_focal_focal_focal,48,5e-06,0.4,0.001,62.12,67.72,-5.59,1,2025-08-12 22:20:15,.,5e-06,0.4,0.001,True
lr5e-6_dr0.4_wd1e-3,46,5e-06,0.4,0.001,67.15,68.93,-1.78,0,2025-08-12 22:20:34,.,5e-06,0.4,0.001,False
lr5e-6_dr0.3_wd2e-3_focal_focal_focal,145,5e-06,0.3,0.002,85.69,70.14,15.55,1,2025-08-12 22:20:36,.,5e-06,0.3,0.002,True
lr5e-6_dr0.4_wd2e-3_focal_focal_focal,30,5e-06,0.4,0.002,59.1,63.5,-4.4,1,2025-08-12 22:22:00,.,5e-06,0.4,0.002,True
lr5e-6_dr0.4_wd1e-3_focal_focal_focal,49,5e-06,0.4,0.001,62.49,67.98,-5.48,1,2025-08-12 22:22:15,.,5e-06,0.4,0.001,True
lr5e-6_dr0.4_wd2e-3,9,5e-06,0.4,0.002,60.86,64.37,-3.51,0,2025-08-12 22:22:18,.,5e-06,0.4,0.002,False
lr5e-6_dr0.3_wd2e-3_focal_focal_focal,146,5e-06,0.3,0.002,86.37,69.57,16.79,1,2025-08-12 22:22:34,.,5e-06,0.3,0.002,True
lr5e-6_dr0.4_wd1e-3,47,5e-06,0.4,0.001,67.47,68.52,-1.05,0,2025-08-12 22:22:36,.,5e-06,0.4,0.001,False
lr5e-6_dr0.3_wd5e-4,79,5e-06,0.3,0.0005,79.98,67.35,12.63,0,2025-08-12 22:22:56,.,5e-06,0.3,0.0005,False
lr5e-6_dr0.3_wd5e-4_focal_focal_focal,79,5e-06,0.3,0.0005,73.5,69.63,3.87,1,2025-08-12 22:23:47,.,5e-06,0.3,0.0005,True
lr5e-6_dr0.3_wd1e-3_focal_focal_focal,80,5e-06,0.3,0.001,73.35,69.85,3.49,1,2025-08-12 22:23:50,.,5e-06,0.3,0.001,True
lr5e-6_dr0.4_wd2e-3_focal_focal_focal,31,5e-06,0.4,0.002,60.23,64.97,-4.74,1,2025-08-12 22:23:57,.,5e-06,0.4,0.002,True
lr5e-6_dr0.4_wd1e-3_focal_focal_focal,50,5e-06,0.4,0.001,62.19,68.16,-5.97,1,2025-08-12 22:24:12,.,5e-06,0.4,0.001,True
lr5e-6_dr0.3_wd2e-3_focal_focal_focal,147,5e-06,0.3,0.002,86.25,69.71,16.54,1,2025-08-12 22:24:31,.,5e-06,0.3,0.002,True
lr5e-6_dr0.4_wd1e-3,48,5e-06,0.4,0.001,67.52,68.42,-0.9,0,2025-08-12 22:24:35,.,5e-06,0.4,0.001,False
lr5e-6_dr0.4_wd2e-3_focal_focal_focal,32,5e-06,0.4,0.002,60.24,64.59,-4.35,1,2025-08-12 22:25:56,.,5e-06,0.4,0.002,True
lr5e-6_dr0.4_wd2e-3,10,5e-06,0.4,0.002,60.9,63.7,-2.8,0,2025-08-12 22:26:00,.,5e-06,0.4,0.002,False
lr5e-6_dr0.4_wd1e-3_focal_focal_focal,51,5e-06,0.4,0.001,62.32,66.93,-4.61,1,2025-08-12 22:26:09,.,5e-06,0.4,0.001,True
lr5e-6_dr0.3_wd2e-3_focal_focal_focal,148,5e-06,0.3,0.002,86.49,69.09,17.4,1,2025-08-12 22:26:27,.,5e-06,0.3,0.002,True
lr5e-6_dr0.4_wd1e-3,49,5e-06,0.4,0.001,67.85,68.28,-0.43,0,2025-08-12 22:26:32,.,5e-06,0.4,0.001,False
lr5e-6_dr0.3_wd5e-4,80,5e-06,0.3,0.0005,80.52,66.69,13.83,0,2025-08-12 22:26:35,.,5e-06,0.3,0.0005,False
lr5e-6_dr0.3_wd1e-3_focal_focal_focal,81,5e-06,0.3,0.001,74.33,69.92,4.41,1,2025-08-12 22:27:27,.,5e-06,0.3,0.001,True
lr5e-6_dr0.3_wd5e-4_focal_focal_focal,80,5e-06,0.3,0.0005,73.95,68.64,5.31,1,2025-08-12 22:27:29,.,5e-06,0.3,0.0005,True
lr5e-6_dr0.4_wd2e-3_focal_focal_focal,33,5e-06,0.4,0.002,60.35,66.16,-5.81,1,2025-08-12 22:27:54,.,5e-06,0.4,0.002,True
lr5e-6_dr0.4_wd1e-3_focal_focal_focal,52,5e-06,0.4,0.001,62.29,67.78,-5.49,1,2025-08-12 22:28:07,.,5e-06,0.4,0.001,True
lr5e-6_dr0.3_wd2e-3_focal_focal_focal,149,5e-06,0.3,0.002,86.55,69.11,17.44,1,2025-08-12 22:28:25,.,5e-06,0.3,0.002,True
lr5e-6_dr0.4_wd1e-3,50,5e-06,0.4,0.001,67.83,68.66,-0.84,0,2025-08-12 22:28:31,.,5e-06,0.4,0.001,False
lr5e-6_dr0.4_wd2e-3,11,5e-06,0.4,0.002,61.36,64.53,-3.17,0,2025-08-12 22:29:40,.,5e-06,0.4,0.002,False
lr5e-6_dr0.4_wd2e-3_focal_focal_focal,34,5e-06,0.4,0.002,60.22,65.66,-5.43,1,2025-08-12 22:29:53,.,5e-06,0.4,0.002,True
lr5e-6_dr0.4_wd1e-3_focal_focal_focal,53,5e-06,0.4,0.001,62.45,67.49,-5.04,1,2025-08-12 22:30:04,.,5e-06,0.4,0.001,True
lr5e-6_dr0.3_wd5e-4,81,5e-06,0.3,0.0005,81.19,67.98,13.22,0,2025-08-12 22:30:13,.,5e-06,0.3,0.0005,False
lr5e-6_dr0.3_wd2e-3_focal_focal_focal,150,5e-06,0.3,0.002,86.81,69.77,17.04,1,2025-08-12 22:30:22,.,5e-06,0.3,0.002,True
lr5e-6_dr0.4_wd1e-3,51,5e-06,0.4,0.001,67.8,68.54,-0.75,0,2025-08-12 22:30:31,.,5e-06,0.4,0.001,False
lr5e-6_dr0.3_wd1e-3_focal_focal_focal,82,5e-06,0.3,0.001,74.59,70.12,4.47,1,2025-08-12 22:31:05,.,5e-06,0.3,0.001,True
lr5e-6_dr0.3_wd5e-4_focal_focal_focal,81,5e-06,0.3,0.0005,75.06,69.65,5.41,1,2025-08-12 22:31:08,.,5e-06,0.3,0.0005,True
lr5e-6_dr0.4_wd2e-3_focal_focal_focal,35,5e-06,0.4,0.002,60.6,65.01,-4.41,1,2025-08-12 22:31:47,.,5e-06,0.4,0.002,True
lr5e-6_dr0.4_wd1e-3_focal_focal_focal,54,5e-06,0.4,0.001,62.67,67.9,-5.23,1,2025-08-12 22:31:58,.,5e-06,0.4,0.001,True
lr5e-6_dr0.4_wd1e-3,52,5e-06,0.4,0.001,68.36,68.89,-0.52,0,2025-08-12 22:32:28,.,5e-06,0.4,0.001,False
lr5e-6_dr0.4_wd2e-3,12,5e-06,0.4,0.002,61.42,65.09,-3.68,0,2025-08-12 22:33:22,.,5e-06,0.4,0.002,False
lr5e-6_dr0.4_wd2e-3_focal_focal_focal,36,5e-06,0.4,0.002,60.59,65.78,-5.19,1,2025-08-12 22:33:45,.,5e-06,0.4,0.002,True
lr5e-6_dr0.5_wd5e-4_focal_focal_focal,1,5e-06,0.5,0.0005,52.5,55.95,-3.45,1,2025-08-12 22:33:48,.,5e-06,0.5,0.0005,True
lr5e-6_dr0.3_wd5e-4,82,5e-06,0.3,0.0005,81.9,68.74,13.16,0,2025-08-12 22:33:52,.,5e-06,0.3,0.0005,False
lr5e-6_dr0.4_wd1e-3_focal_focal_focal,55,5e-06,0.4,0.001,62.67,67.45,-4.79,1,2025-08-12 22:33:56,.,5e-06,0.4,0.001,True
lr5e-6_dr0.4_wd1e-3,53,5e-06,0.4,0.001,68.25,68.54,-0.29,0,2025-08-12 22:34:30,.,5e-06,0.4,0.001,False
lr5e-6_dr0.3_wd1e-3_focal_focal_focal,83,5e-06,0.3,0.001,74.65,69.59,5.05,1,2025-08-12 22:34:43,.,5e-06,0.3,0.001,True
lr5e-6_dr0.3_wd5e-4_focal_focal_focal,82,5e-06,0.3,0.0005,75.44,70.42,5.02,1,2025-08-12 22:34:50,.,5e-06,0.3,0.0005,True
lr5e-6_dr0.4_wd2e-3_focal_focal_focal,37,5e-06,0.4,0.002,61.17,64.97,-3.8,1,2025-08-12 22:35:45,.,5e-06,0.4,0.002,True
lr5e-6_dr0.5_wd5e-4_focal_focal_focal,2,5e-06,0.5,0.0005,53.61,57.65,-4.04,1,2025-08-12 22:35:49,.,5e-06,0.5,0.0005,True
lr5e-6_dr0.4_wd1e-3_focal_focal_focal,56,5e-06,0.4,0.001,62.92,67.7,-4.77,1,2025-08-12 22:35:56,.,5e-06,0.4,0.001,True
lr5e-6_dr0.4_wd1e-3,54,5e-06,0.4,0.001,68.34,68.16,0.18,0,2025-08-12 22:36:30,.,5e-06,0.4,0.001,False
lr5e-6_dr0.4_wd2e-3,13,5e-06,0.4,0.002,61.52,64.75,-3.23,0,2025-08-12 22:37:04,.,5e-06,0.4,0.002,False
lr5e-6_dr0.3_wd5e-4,83,5e-06,0.3,0.0005,82.1,67.94,14.16,0,2025-08-12 22:37:31,.,5e-06,0.3,0.0005,False
lr5e-6_dr0.4_wd2e-3_focal_focal_focal,38,5e-06,0.4,0.002,60.89,65.03,-4.15,1,2025-08-12 22:37:45,.,5e-06,0.4,0.002,True
lr5e-6_dr0.5_wd5e-4_focal_focal_focal,3,5e-06,0.5,0.0005,54.69,57.08,-2.39,1,2025-08-12 22:37:49,.,5e-06,0.5,0.0005,True
lr5e-6_dr0.4_wd1e-3_focal_focal_focal,57,5e-06,0.4,0.001,62.36,68.36,-6.0,1,2025-08-12 22:37:55,.,5e-06,0.4,0.001,True
lr5e-6_dr0.3_wd1e-3_focal_focal_focal,84,5e-06,0.3,0.001,75.61,69.87,5.74,1,2025-08-12 22:38:20,.,5e-06,0.3,0.001,True
lr5e-6_dr0.3_wd5e-4_focal_focal_focal,83,5e-06,0.3,0.0005,75.75,69.53,6.22,1,2025-08-12 22:38:30,.,5e-06,0.3,0.0005,True
lr5e-6_dr0.4_wd1e-3,55,5e-06,0.4,0.001,68.11,68.34,-0.23,0,2025-08-12 22:38:31,.,5e-06,0.4,0.001,False
lr5e-6_dr0.4_wd2e-3_focal_focal_focal,39,5e-06,0.4,0.002,61.6,66.67,-5.07,1,2025-08-12 22:39:44,.,5e-06,0.4,0.002,True
lr5e-6_dr0.5_wd5e-4_focal_focal_focal,4,5e-06,0.5,0.0005,54.77,59.64,-4.88,1,2025-08-12 22:39:50,.,5e-06,0.5,0.0005,True
lr5e-6_dr0.4_wd1e-3_focal_focal_focal,58,5e-06,0.4,0.001,62.11,68.42,-6.31,1,2025-08-12 22:39:57,.,5e-06,0.4,0.001,True
lr5e-6_dr0.4_wd1e-3,56,5e-06,0.4,0.001,68.3,68.12,0.18,0,2025-08-12 22:40:31,.,5e-06,0.4,0.001,False
lr5e-6_dr0.4_wd2e-3,14,5e-06,0.4,0.002,61.79,65.29,-3.51,0,2025-08-12 22:40:44,.,5e-06,0.4,0.002,False
lr5e-6_dr0.3_wd5e-4,84,5e-06,0.3,0.0005,82.31,67.72,14.59,0,2025-08-12 22:41:09,.,5e-06,0.3,0.0005,False
lr5e-6_dr0.4_wd2e-3_focal_focal_focal,40,5e-06,0.4,0.002,61.55,66.83,-5.28,1,2025-08-12 22:41:45,.,5e-06,0.4,0.002,True
lr5e-6_dr0.5_wd5e-4_focal_focal_focal,5,5e-06,0.5,0.0005,55.0,59.87,-4.87,1,2025-08-12 22:41:51,.,5e-06,0.5,0.0005,True
lr5e-6_dr0.3_wd1e-3_focal_focal_focal,85,5e-06,0.3,0.001,76.22,69.19,7.03,1,2025-08-12 22:41:56,.,5e-06,0.3,0.001,True
lr5e-6_dr0.4_wd1e-3_focal_focal_focal,59,5e-06,0.4,0.001,62.29,68.0,-5.71,1,2025-08-12 22:41:57,.,5e-06,0.4,0.001,True
lr5e-6_dr0.3_wd5e-4_focal_focal_focal,84,5e-06,0.3,0.0005,76.09,70.3,5.8,1,2025-08-12 22:42:09,.,5e-06,0.3,0.0005,True
lr5e-6_dr0.4_wd1e-3,57,5e-06,0.4,0.001,68.47,68.48,-0.02,0,2025-08-12 22:42:32,.,5e-06,0.4,0.001,False
lr5e-6_dr0.4_wd2e-3_focal_focal_focal,41,5e-06,0.4,0.002,61.44,66.93,-5.49,1,2025-08-12 22:43:47,.,5e-06,0.4,0.002,True
lr5e-6_dr0.5_wd5e-4_focal_focal_focal,6,5e-06,0.5,0.0005,55.71,60.13,-4.42,1,2025-08-12 22:43:52,.,5e-06,0.5,0.0005,True
lr5e-6_dr0.4_wd1e-3_focal_focal_focal,60,5e-06,0.4,0.001,62.68,68.46,-5.79,1,2025-08-12 22:43:57,.,5e-06,0.4,0.001,True
lr5e-6_dr0.4_wd2e-3,15,5e-06,0.4,0.002,62.22,65.33,-3.12,0,2025-08-12 22:44:27,.,5e-06,0.4,0.002,False
lr5e-6_dr0.4_wd1e-3,58,5e-06,0.4,0.001,67.77,68.36,-0.6,0,2025-08-12 22:44:32,.,5e-06,0.4,0.001,False
lr5e-6_dr0.3_wd5e-4,85,5e-06,0.3,0.0005,82.18,66.65,15.53,0,2025-08-12 22:44:47,.,5e-06,0.3,0.0005,False
lr5e-6_dr0.3_wd1e-3_focal_focal_focal,86,5e-06,0.3,0.001,77.32,68.58,8.74,1,2025-08-12 22:45:33,.,5e-06,0.3,0.001,True
lr5e-6_dr0.3_wd5e-4_focal_focal_focal,85,5e-06,0.3,0.0005,76.87,69.11,7.76,1,2025-08-12 22:45:49,.,5e-06,0.3,0.0005,True
lr5e-6_dr0.4_wd2e-3_focal_focal_focal,42,5e-06,0.4,0.002,62.28,66.65,-4.37,1,2025-08-12 22:45:49,.,5e-06,0.4,0.002,True
lr5e-6_dr0.5_wd5e-4_focal_focal_focal,7,5e-06,0.5,0.0005,55.05,60.75,-5.7,1,2025-08-12 22:45:53,.,5e-06,0.5,0.0005,True
lr5e-6_dr0.4_wd1e-3_focal_focal_focal,61,5e-06,0.4,0.001,62.74,67.31,-4.57,1,2025-08-12 22:45:58,.,5e-06,0.4,0.001,True
lr5e-6_dr0.4_wd1e-3,59,5e-06,0.4,0.001,68.27,68.44,-0.18,0,2025-08-12 22:46:32,.,5e-06,0.4,0.001,False
lr5e-6_dr0.4_wd2e-3_focal_focal_focal,43,5e-06,0.4,0.002,61.96,66.79,-4.83,1,2025-08-12 22:47:51,.,5e-06,0.4,0.002,True
lr5e-6_dr0.5_wd5e-4_focal_focal_focal,8,5e-06,0.5,0.0005,54.98,61.3,-6.32,1,2025-08-12 22:47:54,.,5e-06,0.5,0.0005,True
lr5e-6_dr0.4_wd1e-3_focal_focal_focal,62,5e-06,0.4,0.001,62.66,66.3,-3.64,1,2025-08-12 22:47:57,.,5e-06,0.4,0.001,True
lr5e-6_dr0.4_wd2e-3,16,5e-06,0.4,0.002,62.36,65.7,-3.34,0,2025-08-12 22:48:09,.,5e-06,0.4,0.002,False
lr5e-6_dr0.3_wd5e-4,86,5e-06,0.3,0.0005,83.15,67.23,15.92,0,2025-08-12 22:48:26,.,5e-06,0.3,0.0005,False
lr5e-6_dr0.4_wd1e-3,60,5e-06,0.4,0.001,68.39,68.14,0.25,0,2025-08-12 22:48:32,.,5e-06,0.4,0.001,False
lr5e-6_dr0.3_wd1e-3_focal_focal_focal,87,5e-06,0.3,0.001,78.06,69.65,8.41,1,2025-08-12 22:49:09,.,5e-06,0.3,0.001,True
lr5e-6_dr0.3_wd5e-4_focal_focal_focal,86,5e-06,0.3,0.0005,77.59,69.45,8.14,1,2025-08-12 22:49:27,.,5e-06,0.3,0.0005,True
lr5e-6_dr0.4_wd2e-3_focal_focal_focal,44,5e-06,0.4,0.002,61.88,65.76,-3.87,1,2025-08-12 22:49:52,.,5e-06,0.4,0.002,True
lr5e-6_dr0.5_wd5e-4_focal_focal_focal,9,5e-06,0.5,0.0005,55.29,61.48,-6.19,1,2025-08-12 22:49:55,.,5e-06,0.5,0.0005,True
lr5e-6_dr0.4_wd1e-3_focal_focal_focal,63,5e-06,0.4,0.001,62.03,67.53,-5.5,1,2025-08-12 22:49:57,.,5e-06,0.4,0.001,True
lr5e-6_dr0.4_wd1e-3,61,5e-06,0.4,0.001,68.13,68.79,-0.65,0,2025-08-12 22:50:32,.,5e-06,0.4,0.001,False
lr5e-6_dr0.4_wd2e-3,17,5e-06,0.4,0.002,62.3,65.5,-3.2,0,2025-08-12 22:51:51,.,5e-06,0.4,0.002,False
lr5e-6_dr0.4_wd2e-3_focal_focal_focal,45,5e-06,0.4,0.002,62.63,66.83,-4.2,1,2025-08-12 22:51:52,.,5e-06,0.4,0.002,True
lr5e-6_dr0.5_wd5e-4_focal_focal_focal,10,5e-06,0.5,0.0005,56.14,60.71,-4.57,1,2025-08-12 22:51:56,.,5e-06,0.5,0.0005,True
lr5e-6_dr0.4_wd1e-3_focal_focal_focal,64,5e-06,0.4,0.001,63.0,67.21,-4.21,1,2025-08-12 22:51:58,.,5e-06,0.4,0.001,True
lr5e-6_dr0.4_wd1e-3,62,5e-06,0.4,0.001,67.98,68.22,-0.24,0,2025-08-12 22:52:32,.,5e-06,0.4,0.001,False
lr5e-6_dr0.3_wd1e-3_focal_focal_focal,88,5e-06,0.3,0.001,78.13,68.58,9.54,1,2025-08-12 22:52:46,.,5e-06,0.3,0.001,True
lr5e-6_dr0.3_wd5e-4_focal_focal_focal,87,5e-06,0.3,0.0005,77.9,69.09,8.81,1,2025-08-12 22:53:06,.,5e-06,0.3,0.0005,True
lr5e-6_dr0.5_wd5e-4,1,5e-06,0.5,0.0005,53.09,57.71,-4.62,0,2025-08-12 22:53:37,.,5e-06,0.5,0.0005,False
lr5e-6_dr0.4_wd2e-3_focal_focal_focal,46,5e-06,0.4,0.002,62.1,66.87,-4.77,1,2025-08-12 22:53:53,.,5e-06,0.4,0.002,True
lr5e-6_dr0.5_wd5e-4_focal_focal_focal,11,5e-06,0.5,0.0005,56.09,60.17,-4.08,1,2025-08-12 22:53:56,.,5e-06,0.5,0.0005,True
lr5e-6_dr0.4_wd1e-3_focal_focal_focal,65,5e-06,0.4,0.001,63.3,67.74,-4.43,1,2025-08-12 22:53:57,.,5e-06,0.4,0.001,True
lr5e-6_dr0.4_wd1e-3,63,5e-06,0.4,0.001,68.03,68.26,-0.23,0,2025-08-12 22:54:33,.,5e-06,0.4,0.001,False
lr5e-6_dr0.4_wd2e-3,18,5e-06,0.4,0.002,62.54,65.74,-3.2,0,2025-08-12 22:55:33,.,5e-06,0.4,0.002,False
lr5e-6_dr0.4_wd2e-3_focal_focal_focal,47,5e-06,0.4,0.002,62.77,67.59,-4.82,1,2025-08-12 22:55:55,.,5e-06,0.4,0.002,True
lr5e-6_dr0.5_wd5e-4_focal_focal_focal,12,5e-06,0.5,0.0005,55.64,60.82,-5.17,1,2025-08-12 22:55:55,.,5e-06,0.5,0.0005,True
lr5e-6_dr0.4_wd1e-3_focal_focal_focal,66,5e-06,0.4,0.001,62.82,67.98,-5.16,1,2025-08-12 22:55:58,.,5e-06,0.4,0.001,True
lr5e-6_dr0.3_wd1e-3_focal_focal_focal,89,5e-06,0.3,0.001,78.85,68.34,10.51,1,2025-08-12 22:56:22,.,5e-06,0.3,0.001,True
lr5e-6_dr0.4_wd1e-3,64,5e-06,0.4,0.001,68.69,68.24,0.45,0,2025-08-12 22:56:33,.,5e-06,0.4,0.001,False
lr5e-6_dr0.3_wd5e-4_focal_focal_focal,88,5e-06,0.3,0.0005,78.59,69.57,9.02,1,2025-08-12 22:56:46,.,5e-06,0.3,0.0005,True
lr5e-6_dr0.5_wd5e-4,2,5e-06,0.5,0.0005,56.34,58.35,-2.02,0,2025-08-12 22:57:19,.,5e-06,0.5,0.0005,False
lr5e-6_dr0.4_wd2e-3_focal_focal_focal,48,5e-06,0.4,0.002,62.2,67.45,-5.26,1,2025-08-12 22:57:57,.,5e-06,0.4,0.002,True
lr5e-6_dr0.5_wd5e-4_focal_focal_focal,13,5e-06,0.5,0.0005,56.06,60.79,-4.73,1,2025-08-12 22:57:58,.,5e-06,0.5,0.0005,True
lr5e-6_dr0.4_wd1e-3_focal_focal_focal,67,5e-06,0.4,0.001,63.26,68.28,-5.02,1,2025-08-12 22:57:59,.,5e-06,0.4,0.001,True
lr5e-6_dr0.4_wd1e-3,65,5e-06,0.4,0.001,68.9,69.09,-0.19,0,2025-08-12 22:58:34,.,5e-06,0.4,0.001,False
lr5e-6_dr0.4_wd2e-3,19,5e-06,0.4,0.002,62.49,65.76,-3.27,0,2025-08-12 22:59:15,.,5e-06,0.4,0.002,False
lr5e-6_dr0.3_wd1e-3_focal_focal_focal,90,5e-06,0.3,0.001,79.03,68.89,10.14,1,2025-08-12 22:59:59,.,5e-06,0.3,0.001,True
lr5e-6_dr0.4_wd2e-3_focal_focal_focal,49,5e-06,0.4,0.002,62.96,68.04,-5.07,1,2025-08-12 22:59:59,.,5e-06,0.4,0.002,True
lr5e-6_dr0.4_wd1e-3_focal_focal_focal,68,5e-06,0.4,0.001,63.64,68.36,-4.72,1,2025-08-12 22:59:59,.,5e-06,0.4,0.001,True
lr5e-6_dr0.5_wd5e-4_focal_focal_focal,14,5e-06,0.5,0.0005,56.02,60.37,-4.35,1,2025-08-12 23:00:00,.,5e-06,0.5,0.0005,True
lr5e-6_dr0.3_wd5e-4_focal_focal_focal,89,5e-06,0.3,0.0005,78.95,69.17,9.78,1,2025-08-12 23:00:25,.,5e-06,0.3,0.0005,True
lr5e-6_dr0.4_wd1e-3,66,5e-06,0.4,0.001,69.55,68.83,0.72,0,2025-08-12 23:00:36,.,5e-06,0.4,0.001,False
lr5e-6_dr0.5_wd5e-4,3,5e-06,0.5,0.0005,57.46,61.3,-3.84,0,2025-08-12 23:01:01,.,5e-06,0.5,0.0005,False
lr5e-6_dr0.5_wd5e-4_focal_focal_focal,15,5e-06,0.5,0.0005,56.12,60.84,-4.72,1,2025-08-12 23:02:01,.,5e-06,0.5,0.0005,True
lr5e-6_dr0.4_wd2e-3_focal_focal_focal,50,5e-06,0.4,0.002,62.74,67.49,-4.76,1,2025-08-12 23:02:01,.,5e-06,0.4,0.002,True
lr5e-6_dr0.4_wd1e-3_focal_focal_focal,69,5e-06,0.4,0.001,63.33,68.58,-5.25,1,2025-08-12 23:02:01,.,5e-06,0.4,0.001,True
lr5e-6_dr0.4_wd1e-3,67,5e-06,0.4,0.001,69.87,68.5,1.37,0,2025-08-12 23:02:36,.,5e-06,0.4,0.001,False
lr5e-6_dr0.4_wd2e-3,20,5e-06,0.4,0.002,62.09,65.68,-3.59,0,2025-08-12 23:02:57,.,5e-06,0.4,0.002,False
lr5e-6_dr0.3_wd1e-3_focal_focal_focal,91,5e-06,0.3,0.001,79.64,68.83,10.81,1,2025-08-12 23:03:35,.,5e-06,0.3,0.001,True
lr5e-6_dr0.4_wd2e-3_focal_focal_focal,51,5e-06,0.4,0.002,62.88,66.51,-3.63,1,2025-08-12 23:04:01,.,5e-06,0.4,0.002,True
lr5e-6_dr0.5_wd5e-4_focal_focal_focal,16,5e-06,0.5,0.0005,55.86,60.86,-5.0,1,2025-08-12 23:04:02,.,5e-06,0.5,0.0005,True
lr5e-6_dr0.4_wd1e-3_focal_focal_focal,70,5e-06,0.4,0.001,64.39,68.91,-4.51,1,2025-08-12 23:04:04,.,5e-06,0.4,0.001,True
lr5e-6_dr0.3_wd5e-4_focal_focal_focal,90,5e-06,0.3,0.0005,79.08,69.31,9.77,1,2025-08-12 23:04:04,.,5e-06,0.3,0.0005,True
lr5e-6_dr0.4_wd1e-3,68,5e-06,0.4,0.001,70.4,68.26,2.14,0,2025-08-12 23:04:36,.,5e-06,0.4,0.001,False
lr5e-6_dr0.5_wd5e-4,4,5e-06,0.5,0.0005,57.7,61.54,-3.84,0,2025-08-12 23:04:43,.,5e-06,0.5,0.0005,False
lr5e-6_dr0.4_wd2e-3_focal_focal_focal,52,5e-06,0.4,0.002,62.91,67.72,-4.81,1,2025-08-12 23:06:01,.,5e-06,0.4,0.002,True
lr5e-6_dr0.4_wd1e-3_focal_focal_focal,71,5e-06,0.4,0.001,64.54,69.23,-4.69,1,2025-08-12 23:06:04,.,5e-06,0.4,0.001,True
lr5e-6_dr0.5_wd5e-4_focal_focal_focal,17,5e-06,0.5,0.0005,56.94,61.12,-4.18,1,2025-08-12 23:06:05,.,5e-06,0.5,0.0005,True
lr5e-6_dr0.4_wd1e-3,69,5e-06,0.4,0.001,70.8,68.56,2.24,0,2025-08-12 23:06:35,.,5e-06,0.4,0.001,False
lr5e-6_dr0.4_wd2e-3,21,5e-06,0.4,0.002,62.24,64.93,-2.69,0,2025-08-12 23:06:39,.,5e-06,0.4,0.002,False
lr5e-6_dr0.3_wd1e-3_focal_focal_focal,92,5e-06,0.3,0.001,80.37,68.48,11.88,1,2025-08-12 23:07:12,.,5e-06,0.3,0.001,True
lr5e-6_dr0.3_wd5e-4_focal_focal_focal,91,5e-06,0.3,0.0005,80.2,70.1,10.1,1,2025-08-12 23:07:43,.,5e-06,0.3,0.0005,True
lr5e-6_dr0.4_wd2e-3_focal_focal_focal,53,5e-06,0.4,0.002,63.0,68.0,-4.99,1,2025-08-12 23:08:01,.,5e-06,0.4,0.002,True
lr5e-6_dr0.4_wd1e-3_focal_focal_focal,72,5e-06,0.4,0.001,64.5,68.91,-4.4,1,2025-08-12 23:08:04,.,5e-06,0.4,0.001,True
lr5e-6_dr0.5_wd5e-4_focal_focal_focal,18,5e-06,0.5,0.0005,56.41,61.34,-4.93,1,2025-08-12 23:08:07,.,5e-06,0.5,0.0005,True
lr5e-6_dr0.5_wd5e-4,5,5e-06,0.5,0.0005,58.61,61.48,-2.87,0,2025-08-12 23:08:25,.,5e-06,0.5,0.0005,False
lr5e-6_dr0.4_wd1e-3,70,5e-06,0.4,0.001,71.25,68.58,2.66,0,2025-08-12 23:08:35,.,5e-06,0.4,0.001,False
lr5e-6_dr0.4_wd2e-3_focal_focal_focal,54,5e-06,0.4,0.002,62.79,67.9,-5.11,1,2025-08-12 23:10:02,.,5e-06,0.4,0.002,True
lr5e-6_dr0.4_wd1e-3_focal_focal_focal,73,5e-06,0.4,0.001,65.2,68.72,-3.52,1,2025-08-12 23:10:05,.,5e-06,0.4,0.001,True
lr5e-6_dr0.5_wd5e-4_focal_focal_focal,19,5e-06,0.5,0.0005,55.92,61.68,-5.76,1,2025-08-12 23:10:08,.,5e-06,0.5,0.0005,True
lr5e-6_dr0.4_wd2e-3,22,5e-06,0.4,0.002,62.0,63.28,-1.28,0,2025-08-12 23:10:20,.,5e-06,0.4,0.002,False
lr5e-6_dr0.4_wd1e-3,71,5e-06,0.4,0.001,71.58,68.81,2.78,0,2025-08-12 23:10:36,.,5e-06,0.4,0.001,False
lr5e-6_dr0.3_wd1e-3_focal_focal_focal,93,5e-06,0.3,0.001,81.09,68.6,12.49,1,2025-08-12 23:10:49,.,5e-06,0.3,0.001,True
lr5e-6_dr0.3_wd5e-4_focal_focal_focal,92,5e-06,0.3,0.0005,80.73,69.67,11.05,1,2025-08-12 23:11:23,.,5e-06,0.3,0.0005,True
lr5e-6_dr0.4_wd2e-3_focal_focal_focal,55,5e-06,0.4,0.002,63.36,67.05,-3.69,1,2025-08-12 23:12:04,.,5e-06,0.4,0.002,True
lr5e-6_dr0.4_wd1e-3_focal_focal_focal,74,5e-06,0.4,0.001,65.04,68.91,-3.87,1,2025-08-12 23:12:05,.,5e-06,0.4,0.001,True
lr5e-6_dr0.5_wd5e-4,6,5e-06,0.5,0.0005,59.07,62.47,-3.4,0,2025-08-12 23:12:07,.,5e-06,0.5,0.0005,False
lr5e-6_dr0.5_wd5e-4_focal_focal_focal,20,5e-06,0.5,0.0005,56.55,61.3,-4.75,1,2025-08-12 23:12:09,.,5e-06,0.5,0.0005,True
lr5e-6_dr0.4_wd1e-3,72,5e-06,0.4,0.001,72.43,68.95,3.48,0,2025-08-12 23:12:39,.,5e-06,0.4,0.001,False
lr5e-6_dr0.4_wd2e-3,23,5e-06,0.4,0.002,62.35,65.48,-3.12,0,2025-08-12 23:14:00,.,5e-06,0.4,0.002,False
lr5e-6_dr0.4_wd2e-3_focal_focal_focal,56,5e-06,0.4,0.002,63.34,67.47,-4.13,1,2025-08-12 23:14:04,.,5e-06,0.4,0.002,True
lr5e-6_dr0.4_wd1e-3_focal_focal_focal,75,5e-06,0.4,0.001,65.53,70.02,-4.48,1,2025-08-12 23:14:05,.,5e-06,0.4,0.001,True
lr5e-6_dr0.5_wd5e-4_focal_focal_focal,21,5e-06,0.5,0.0005,56.6,61.74,-5.14,1,2025-08-12 23:14:09,.,5e-06,0.5,0.0005,True
lr5e-6_dr0.3_wd1e-3_focal_focal_focal,94,5e-06,0.3,0.001,81.68,69.21,12.47,1,2025-08-12 23:14:25,.,5e-06,0.3,0.001,True
lr5e-6_dr0.4_wd1e-3,73,5e-06,0.4,0.001,73.08,69.01,4.08,0,2025-08-12 23:14:41,.,5e-06,0.4,0.001,False
lr5e-6_dr0.3_wd5e-4_focal_focal_focal,93,5e-06,0.3,0.0005,81.37,69.21,12.16,1,2025-08-12 23:15:01,.,5e-06,0.3,0.0005,True
lr5e-6_dr0.5_wd5e-4,7,5e-06,0.5,0.0005,59.63,62.59,-2.96,0,2025-08-12 23:15:49,.,5e-06,0.5,0.0005,False
lr5e-6_dr0.4_wd2e-3_focal_focal_focal,57,5e-06,0.4,0.002,63.48,68.42,-4.94,1,2025-08-12 23:16:04,.,5e-06,0.4,0.002,True
lr5e-6_dr0.4_wd1e-3_focal_focal_focal,76,5e-06,0.4,0.001,65.24,68.74,-3.51,1,2025-08-12 23:16:04,.,5e-06,0.4,0.001,True
lr5e-6_dr0.5_wd5e-4_focal_focal_focal,22,5e-06,0.5,0.0005,56.21,61.28,-5.06,1,2025-08-12 23:16:10,.,5e-06,0.5,0.0005,True
lr5e-6_dr0.4_wd1e-3,74,5e-06,0.4,0.001,73.25,68.81,4.44,0,2025-08-12 23:16:43,.,5e-06,0.4,0.001,False
lr5e-6_dr0.4_wd2e-3,24,5e-06,0.4,0.002,62.77,65.4,-2.63,0,2025-08-12 23:17:42,.,5e-06,0.4,0.002,False
lr5e-6_dr0.3_wd1e-3_focal_focal_focal,95,5e-06,0.3,0.001,81.97,67.86,14.11,1,2025-08-12 23:18:01,.,5e-06,0.3,0.001,True
lr5e-6_dr0.4_wd1e-3_focal_focal_focal,77,5e-06,0.4,0.001,65.56,69.39,-3.83,1,2025-08-12 23:18:03,.,5e-06,0.4,0.001,True
lr5e-6_dr0.4_wd2e-3_focal_focal_focal,58,5e-06,0.4,0.002,63.06,67.84,-4.77,1,2025-08-12 23:18:06,.,5e-06,0.4,0.002,True
lr5e-6_dr0.5_wd5e-4_focal_focal_focal,23,5e-06,0.5,0.0005,56.22,61.54,-5.32,1,2025-08-12 23:18:10,.,5e-06,0.5,0.0005,True
lr5e-6_dr0.3_wd5e-4_focal_focal_focal,94,5e-06,0.3,0.0005,81.66,68.91,12.75,1,2025-08-12 23:18:40,.,5e-06,0.3,0.0005,True
lr5e-6_dr0.4_wd1e-3,75,5e-06,0.4,0.001,74.12,68.99,5.14,0,2025-08-12 23:18:44,.,5e-06,0.4,0.001,False
lr5e-6_dr0.5_wd5e-4,8,5e-06,0.5,0.0005,59.6,62.53,-2.93,0,2025-08-12 23:19:31,.,5e-06,0.5,0.0005,False
lr5e-6_dr0.4_wd1e-3_focal_focal_focal,78,5e-06,0.4,0.001,65.65,68.93,-3.28,1,2025-08-12 23:20:01,.,5e-06,0.4,0.001,True
lr5e-6_dr0.4_wd2e-3_focal_focal_focal,59,5e-06,0.4,0.002,63.43,68.36,-4.93,1,2025-08-12 23:20:08,.,5e-06,0.4,0.002,True
lr5e-6_dr0.5_wd5e-4_focal_focal_focal,24,5e-06,0.5,0.0005,57.28,61.42,-4.14,1,2025-08-12 23:20:10,.,5e-06,0.5,0.0005,True
lr5e-6_dr0.4_wd1e-3,76,5e-06,0.4,0.001,74.34,67.59,6.75,0,2025-08-12 23:20:46,.,5e-06,0.4,0.001,False
lr5e-6_dr0.4_wd2e-3,25,5e-06,0.4,0.002,63.33,64.75,-1.42,0,2025-08-12 23:21:24,.,5e-06,0.4,0.002,False
lr5e-6_dr0.3_wd1e-3_focal_focal_focal,96,5e-06,0.3,0.001,82.07,68.66,13.4,1,2025-08-12 23:21:37,.,5e-06,0.3,0.001,True
lr5e-6_dr0.4_wd1e-3_focal_focal_focal,79,5e-06,0.4,0.001,66.36,69.41,-3.05,1,2025-08-12 23:21:59,.,5e-06,0.4,0.001,True
lr5e-6_dr0.5_wd5e-4_focal_focal_focal,25,5e-06,0.5,0.0005,57.45,60.71,-3.26,1,2025-08-12 23:22:09,.,5e-06,0.5,0.0005,True
lr5e-6_dr0.4_wd2e-3_focal_focal_focal,60,5e-06,0.4,0.002,63.73,68.52,-4.8,1,2025-08-12 23:22:10,.,5e-06,0.4,0.002,True
lr5e-6_dr0.3_wd5e-4_focal_focal_focal,95,5e-06,0.3,0.0005,81.79,68.4,13.39,1,2025-08-12 23:22:19,.,5e-06,0.3,0.0005,True
lr5e-6_dr0.4_wd1e-3,77,5e-06,0.4,0.001,75.24,67.82,7.43,0,2025-08-12 23:22:47,.,5e-06,0.4,0.001,False
lr5e-6_dr0.5_wd5e-4,9,5e-06,0.5,0.0005,59.95,63.18,-3.23,0,2025-08-12 23:23:11,.,5e-06,0.5,0.0005,False
lr5e-6_dr0.4_wd1e-3_focal_focal_focal,80,5e-06,0.4,0.001,66.5,69.61,-3.12,1,2025-08-12 23:23:57,.,5e-06,0.4,0.001,True
lr5e-6_dr0.5_wd5e-4_focal_focal_focal,26,5e-06,0.5,0.0005,57.64,62.87,-5.23,1,2025-08-12 23:24:09,.,5e-06,0.5,0.0005,True
lr5e-6_dr0.4_wd2e-3_focal_focal_focal,61,5e-06,0.4,0.002,63.22,68.46,-5.24,1,2025-08-12 23:24:11,.,5e-06,0.4,0.002,True
lr5e-6_dr0.4_wd1e-3,78,5e-06,0.4,0.001,75.9,68.14,7.76,0,2025-08-12 23:24:47,.,5e-06,0.4,0.001,False
lr5e-6_dr0.4_wd2e-3,26,5e-06,0.4,0.002,63.25,67.23,-3.99,0,2025-08-12 23:25:05,.,5e-06,0.4,0.002,False
lr5e-6_dr0.3_wd1e-3_focal_focal_focal,97,5e-06,0.3,0.001,82.41,68.14,14.27,1,2025-08-12 23:25:14,.,5e-06,0.3,0.001,True
lr5e-6_dr0.4_wd1e-3_focal_focal_focal,81,5e-06,0.4,0.001,66.58,69.21,-2.63,1,2025-08-12 23:25:57,.,5e-06,0.4,0.001,True
lr5e-6_dr0.3_wd5e-4_focal_focal_focal,96,5e-06,0.3,0.0005,82.61,69.01,13.6,1,2025-08-12 23:25:58,.,5e-06,0.3,0.0005,True
lr5e-6_dr0.4_wd2e-3_focal_focal_focal,62,5e-06,0.4,0.002,63.15,67.88,-4.73,1,2025-08-12 23:26:11,.,5e-06,0.4,0.002,True
lr5e-6_dr0.5_wd5e-4_focal_focal_focal,27,5e-06,0.5,0.0005,57.49,63.32,-5.83,1,2025-08-12 23:26:11,.,5e-06,0.5,0.0005,True
lr5e-6_dr0.4_wd1e-3,79,5e-06,0.4,0.001,76.46,68.32,8.14,0,2025-08-12 23:26:48,.,5e-06,0.4,0.001,False
lr5e-6_dr0.5_wd5e-4,10,5e-06,0.5,0.0005,59.99,63.44,-3.45,0,2025-08-12 23:26:52,.,5e-06,0.5,0.0005,False
lr5e-6_dr0.4_wd1e-3_focal_focal_focal,82,5e-06,0.4,0.001,67.09,69.61,-2.52,1,2025-08-12 23:27:55,.,5e-06,0.4,0.001,True
lr5e-6_dr0.4_wd2e-3_focal_focal_focal,63,5e-06,0.4,0.002,62.88,67.64,-4.75,1,2025-08-12 23:28:11,.,5e-06,0.4,0.002,True
lr5e-6_dr0.5_wd5e-4_focal_focal_focal,28,5e-06,0.5,0.0005,57.49,63.46,-5.97,1,2025-08-12 23:28:13,.,5e-06,0.5,0.0005,True
lr5e-6_dr0.4_wd2e-3,27,5e-06,0.4,0.002,62.99,66.4,-3.41,0,2025-08-12 23:28:46,.,5e-06,0.4,0.002,False
lr5e-6_dr0.4_wd1e-3,80,5e-06,0.4,0.001,76.91,69.21,7.7,0,2025-08-12 23:28:48,.,5e-06,0.4,0.001,False
lr5e-6_dr0.3_wd5e-4_focal_focal_focal,97,5e-06,0.3,0.0005,83.56,68.83,14.73,1,2025-08-12 23:29:37,.,5e-06,0.3,0.0005,True
lr5e-6_dr0.4_wd1e-3_focal_focal_focal,83,5e-06,0.4,0.001,67.03,69.37,-2.34,1,2025-08-12 23:29:53,.,5e-06,0.4,0.001,True
lr5e-6_dr0.4_wd2e-3_focal_focal_focal,64,5e-06,0.4,0.002,63.52,67.41,-3.89,1,2025-08-12 23:30:10,.,5e-06,0.4,0.002,True
lr5e-6_dr0.5_wd5e-4_focal_focal_focal,29,5e-06,0.5,0.0005,57.9,62.93,-5.03,1,2025-08-12 23:30:14,.,5e-06,0.5,0.0005,True
lr5e-6_dr0.5_wd1e-3_focal_focal_focal,1,5e-06,0.5,0.001,52.41,54.42,-2.01,1,2025-08-12 23:30:19,.,5e-06,0.5,0.001,True
lr5e-6_dr0.5_wd5e-4,11,5e-06,0.5,0.0005,60.76,63.98,-3.22,0,2025-08-12 23:30:34,.,5e-06,0.5,0.0005,False
lr5e-6_dr0.4_wd1e-3,81,5e-06,0.4,0.001,77.41,68.91,8.5,0,2025-08-12 23:30:51,.,5e-06,0.4,0.001,False
lr5e-6_dr0.4_wd1e-3_focal_focal_focal,84,5e-06,0.4,0.001,67.5,69.35,-1.85,1,2025-08-12 23:31:51,.,5e-06,0.4,0.001,True
lr5e-6_dr0.4_wd2e-3_focal_focal_focal,65,5e-06,0.4,0.002,63.72,68.2,-4.48,1,2025-08-12 23:32:11,.,5e-06,0.4,0.002,True
lr5e-6_dr0.5_wd5e-4_focal_focal_focal,30,5e-06,0.5,0.0005,58.32,63.56,-5.24,1,2025-08-12 23:32:14,.,5e-06,0.5,0.0005,True
lr5e-6_dr0.4_wd2e-3,28,5e-06,0.4,0.002,64.27,66.0,-1.74,0,2025-08-12 23:32:28,.,5e-06,0.4,0.002,False
lr5e-6_dr0.4_wd1e-3,82,5e-06,0.4,0.001,78.06,68.26,9.8,0,2025-08-12 23:32:51,.,5e-06,0.4,0.001,False
lr5e-6_dr0.4_wd1e-3_focal_focal_focal,85,5e-06,0.4,0.001,68.14,68.83,-0.68,1,2025-08-12 23:33:49,.,5e-06,0.4,0.001,True
lr5e-6_dr0.5_wd1e-3_focal_focal_focal,2,5e-06,0.5,0.001,54.24,56.32,-2.07,1,2025-08-12 23:33:59,.,5e-06,0.5,0.001,True
lr5e-6_dr0.4_wd2e-3_focal_focal_focal,66,5e-06,0.4,0.002,63.68,68.44,-4.76,1,2025-08-12 23:34:10,.,5e-06,0.4,0.002,True
lr5e-6_dr0.5_wd5e-4_focal_focal_focal,31,5e-06,0.5,0.0005,58.21,63.22,-5.01,1,2025-08-12 23:34:16,.,5e-06,0.5,0.0005,True
lr5e-6_dr0.5_wd5e-4,12,5e-06,0.5,0.0005,60.41,64.35,-3.94,0,2025-08-12 23:34:16,.,5e-06,0.5,0.0005,False
lr5e-6_dr0.5_wd1e-3,1,5e-06,0.5,0.001,53.27,56.17,-2.91,0,2025-08-12 23:34:47,.,5e-06,0.5,0.001,False
lr5e-6_dr0.4_wd1e-3,83,5e-06,0.4,0.001,78.42,69.11,9.31,0,2025-08-12 23:34:52,.,5e-06,0.4,0.001,False
lr5e-6_dr0.4_wd1e-3_focal_focal_focal,86,5e-06,0.4,0.001,68.42,69.55,-1.13,1,2025-08-12 23:35:47,.,5e-06,0.4,0.001,True
lr5e-6_dr0.4_wd2e-3,29,5e-06,0.4,0.002,63.89,66.22,-2.34,0,2025-08-12 23:36:09,.,5e-06,0.4,0.002,False
lr5e-6_dr0.4_wd2e-3_focal_focal_focal,67,5e-06,0.4,0.002,63.78,69.17,-5.39,1,2025-08-12 23:36:10,.,5e-06,0.4,0.002,True
lr5e-6_dr0.5_wd5e-4_focal_focal_focal,32,5e-06,0.5,0.0005,59.18,63.9,-4.73,1,2025-08-12 23:36:15,.,5e-06,0.5,0.0005,True
lr5e-6_dr0.4_wd1e-3,84,5e-06,0.4,0.001,78.86,68.81,10.05,0,2025-08-12 23:36:52,.,5e-06,0.4,0.001,False
lr5e-6_dr0.5_wd1e-3_focal_focal_focal,3,5e-06,0.5,0.001,54.88,59.6,-4.72,1,2025-08-12 23:37:39,.,5e-06,0.5,0.001,True
lr5e-6_dr0.4_wd1e-3_focal_focal_focal,87,5e-06,0.4,0.001,68.21,69.94,-1.73,1,2025-08-12 23:37:47,.,5e-06,0.4,0.001,True
lr5e-6_dr0.5_wd5e-4,13,5e-06,0.5,0.0005,60.56,64.69,-4.13,0,2025-08-12 23:37:58,.,5e-06,0.5,0.0005,False
lr5e-6_dr0.4_wd2e-3_focal_focal_focal,68,5e-06,0.4,0.002,63.88,68.77,-4.88,1,2025-08-12 23:38:11,.,5e-06,0.4,0.002,True
lr5e-6_dr0.5_wd5e-4_focal_focal_focal,33,5e-06,0.5,0.0005,59.04,63.66,-4.62,1,2025-08-12 23:38:17,.,5e-06,0.5,0.0005,True
lr5e-6_dr0.5_wd1e-3,2,5e-06,0.5,0.001,56.18,58.98,-2.79,0,2025-08-12 23:38:31,.,5e-06,0.5,0.001,False
lr5e-6_dr0.4_wd1e-3,85,5e-06,0.4,0.001,80.01,68.32,11.69,0,2025-08-12 23:38:52,.,5e-06,0.4,0.001,False
lr5e-6_dr0.4_wd1e-3_focal_focal_focal,88,5e-06,0.4,0.001,69.06,69.47,-0.41,1,2025-08-12 23:39:46,.,5e-06,0.4,0.001,True
lr5e-6_dr0.4_wd2e-3,30,5e-06,0.4,0.002,64.23,67.68,-3.45,0,2025-08-12 23:39:51,.,5e-06,0.4,0.002,False
lr5e-6_dr0.4_wd2e-3_focal_focal_focal,69,5e-06,0.4,0.002,64.32,69.39,-5.07,1,2025-08-12 23:40:13,.,5e-06,0.4,0.002,True
lr5e-6_dr0.5_wd5e-4_focal_focal_focal,34,5e-06,0.5,0.0005,59.33,65.48,-6.14,1,2025-08-12 23:40:19,.,5e-06,0.5,0.0005,True
lr5e-6_dr0.4_wd1e-3,86,5e-06,0.4,0.001,79.98,68.95,11.04,0,2025-08-12 23:40:53,.,5e-06,0.4,0.001,False
lr5e-6_dr0.5_wd1e-3_focal_focal_focal,4,5e-06,0.5,0.001,54.86,56.32,-1.46,1,2025-08-12 23:41:17,.,5e-06,0.5,0.001,True
lr5e-6_dr0.5_wd5e-4,14,5e-06,0.5,0.0005,61.3,64.77,-3.47,0,2025-08-12 23:41:40,.,5e-06,0.5,0.0005,False
lr5e-6_dr0.4_wd1e-3_focal_focal_focal,89,5e-06,0.4,0.001,69.17,69.71,-0.54,1,2025-08-12 23:41:46,.,5e-06,0.4,0.001,True
lr5e-6_dr0.4_wd2e-3_focal_focal_focal,70,5e-06,0.4,0.002,64.49,68.08,-3.59,1,2025-08-12 23:42:14,.,5e-06,0.4,0.002,True
lr5e-6_dr0.5_wd1e-3,3,5e-06,0.5,0.001,57.72,62.03,-4.3,0,2025-08-12 23:42:15,.,5e-06,0.5,0.001,False
lr5e-6_dr0.5_wd5e-4_focal_focal_focal,35,5e-06,0.5,0.0005,59.63,65.74,-6.11,1,2025-08-12 23:42:20,.,5e-06,0.5,0.0005,True
lr5e-6_dr0.4_wd1e-3,87,5e-06,0.4,0.001,80.4,67.8,12.6,0,2025-08-12 23:42:53,.,5e-06,0.4,0.001,False
lr5e-6_dr0.4_wd2e-3,31,5e-06,0.4,0.002,64.9,66.42,-1.53,0,2025-08-12 23:43:32,.,5e-06,0.4,0.002,False
lr5e-6_dr0.4_wd1e-3_focal_focal_focal,90,5e-06,0.4,0.001,69.59,69.37,0.22,1,2025-08-12 23:43:46,.,5e-06,0.4,0.001,True
lr5e-6_dr0.4_wd2e-3_focal_focal_focal,71,5e-06,0.4,0.002,64.96,68.83,-3.87,1,2025-08-12 23:44:14,.,5e-06,0.4,0.002,True
lr5e-6_dr0.5_wd5e-4_focal_focal_focal,36,5e-06,0.5,0.0005,59.47,65.72,-6.24,1,2025-08-12 23:44:22,.,5e-06,0.5,0.0005,True
lr5e-6_dr0.4_wd1e-3,88,5e-06,0.4,0.001,81.53,67.29,14.24,0,2025-08-12 23:44:54,.,5e-06,0.4,0.001,False
lr5e-6_dr0.5_wd1e-3_focal_focal_focal,5,5e-06,0.5,0.001,55.32,59.75,-4.43,1,2025-08-12 23:44:55,.,5e-06,0.5,0.001,True
lr5e-6_dr0.5_wd5e-4,15,5e-06,0.5,0.0005,61.19,64.31,-3.11,0,2025-08-12 23:45:22,.,5e-06,0.5,0.0005,False
lr5e-6_dr0.4_wd1e-3_focal_focal_focal,91,5e-06,0.4,0.001,69.98,69.92,0.06,1,2025-08-12 23:45:44,.,5e-06,0.4,0.001,True
lr5e-6_dr0.5_wd1e-3,4,5e-06,0.5,0.001,57.98,62.91,-4.93,0,2025-08-12 23:45:58,.,5e-06,0.5,0.001,False
lr5e-6_dr0.4_wd2e-3_focal_focal_focal,72,5e-06,0.4,0.002,65.07,69.31,-4.24,1,2025-08-12 23:46:15,.,5e-06,0.4,0.002,True
lr5e-6_dr0.5_wd5e-4_focal_focal_focal,37,5e-06,0.5,0.0005,60.14,65.07,-4.93,1,2025-08-12 23:46:23,.,5e-06,0.5,0.0005,True
lr5e-6_dr0.4_wd1e-3,89,5e-06,0.4,0.001,82.02,67.7,14.33,0,2025-08-12 23:46:54,.,5e-06,0.4,0.001,False
lr5e-6_dr0.4_wd2e-3,32,5e-06,0.4,0.002,64.56,68.26,-3.7,0,2025-08-12 23:47:12,.,5e-06,0.4,0.002,False
lr5e-6_dr0.4_wd1e-3_focal_focal_focal,92,5e-06,0.4,0.001,70.41,69.75,0.66,1,2025-08-12 23:47:43,.,5e-06,0.4,0.001,True
lr5e-6_dr0.4_wd2e-3_focal_focal_focal,73,5e-06,0.4,0.002,65.66,68.81,-3.14,1,2025-08-12 23:48:17,.,5e-06,0.4,0.002,True
lr5e-6_dr0.5_wd5e-4_focal_focal_focal,38,5e-06,0.5,0.0005,59.36,65.8,-6.44,1,2025-08-12 23:48:23,.,5e-06,0.5,0.0005,True
lr5e-6_dr0.5_wd1e-3_focal_focal_focal,6,5e-06,0.5,0.001,55.56,58.37,-2.81,1,2025-08-12 23:48:33,.,5e-06,0.5,0.001,True
lr5e-6_dr0.4_wd1e-3,90,5e-06,0.4,0.001,81.89,68.58,13.31,0,2025-08-12 23:48:54,.,5e-06,0.4,0.001,False
lr5e-6_dr0.5_wd5e-4,16,5e-06,0.5,0.0005,61.43,64.83,-3.4,0,2025-08-12 23:49:03,.,5e-06,0.5,0.0005,False
lr5e-6_dr0.4_wd1e-3_focal_focal_focal,93,5e-06,0.4,0.001,70.61,69.31,1.3,1,2025-08-12 23:49:41,.,5e-06,0.4,0.001,True
lr5e-6_dr0.5_wd1e-3,5,5e-06,0.5,0.001,58.98,63.08,-4.09,0,2025-08-12 23:49:42,.,5e-06,0.5,0.001,False
lr5e-6_dr0.4_wd2e-3_focal_focal_focal,74,5e-06,0.4,0.002,65.67,67.59,-1.93,1,2025-08-12 23:50:19,.,5e-06,0.4,0.002,True
lr5e-6_dr0.5_wd5e-4_focal_focal_focal,39,5e-06,0.5,0.0005,60.16,64.04,-3.88,1,2025-08-12 23:50:25,.,5e-06,0.5,0.0005,True
lr5e-6_dr0.4_wd2e-3,33,5e-06,0.4,0.002,65.22,68.44,-3.22,0,2025-08-12 23:50:54,.,5e-06,0.4,0.002,False
lr5e-6_dr0.4_wd1e-3,91,5e-06,0.4,0.001,82.56,68.4,14.16,0,2025-08-12 23:50:56,.,5e-06,0.4,0.001,False
lr5e-6_dr0.4_wd1e-3_focal_focal_focal,94,5e-06,0.4,0.001,70.99,69.85,1.14,1,2025-08-12 23:51:39,.,5e-06,0.4,0.001,True
lr5e-6_dr0.5_wd1e-3_focal_focal_focal,7,5e-06,0.5,0.001,55.62,58.01,-2.39,1,2025-08-12 23:52:11,.,5e-06,0.5,0.001,True
lr5e-6_dr0.4_wd2e-3_focal_focal_focal,75,5e-06,0.4,0.002,65.9,69.59,-3.69,1,2025-08-12 23:52:19,.,5e-06,0.4,0.002,True
lr5e-6_dr0.5_wd5e-4_focal_focal_focal,40,5e-06,0.5,0.0005,60.77,64.69,-3.91,1,2025-08-12 23:52:24,.,5e-06,0.5,0.0005,True
lr5e-6_dr0.5_wd5e-4,17,5e-06,0.5,0.0005,61.38,65.52,-4.14,0,2025-08-12 23:52:45,.,5e-06,0.5,0.0005,False
lr5e-6_dr0.4_wd1e-3,92,5e-06,0.4,0.001,83.43,68.08,15.35,0,2025-08-12 23:52:56,.,5e-06,0.4,0.001,False
lr5e-6_dr0.5_wd1e-3,6,5e-06,0.5,0.001,59.23,63.48,-4.25,0,2025-08-12 23:53:26,.,5e-06,0.5,0.001,False
lr5e-6_dr0.4_wd1e-3_focal_focal_focal,95,5e-06,0.4,0.001,71.28,69.94,1.35,1,2025-08-12 23:53:39,.,5e-06,0.4,0.001,True
lr5e-6_dr0.4_wd2e-3_focal_focal_focal,76,5e-06,0.4,0.002,66.42,66.93,-0.51,1,2025-08-12 23:54:20,.,5e-06,0.4,0.002,True
lr5e-6_dr0.5_wd5e-4_focal_focal_focal,41,5e-06,0.5,0.0005,60.52,65.66,-5.14,1,2025-08-12 23:54:24,.,5e-06,0.5,0.0005,True
lr5e-6_dr0.4_wd2e-3,34,5e-06,0.4,0.002,65.57,68.42,-2.85,0,2025-08-12 23:54:36,.,5e-06,0.4,0.002,False
lr5e-6_dr0.4_wd1e-3,93,5e-06,0.4,0.001,83.36,68.62,14.73,0,2025-08-12 23:54:57,.,5e-06,0.4,0.001,False
lr5e-6_dr0.4_wd1e-3_focal_focal_focal,96,5e-06,0.4,0.001,71.84,70.42,1.42,1,2025-08-12 23:55:38,.,5e-06,0.4,0.001,True
lr5e-6_dr0.5_wd1e-3_focal_focal_focal,8,5e-06,0.5,0.001,56.34,60.9,-4.56,1,2025-08-12 23:55:47,.,5e-06,0.5,0.001,True
lr5e-6_dr0.4_wd2e-3_focal_focal_focal,77,5e-06,0.4,0.002,67.11,69.51,-2.4,1,2025-08-12 23:56:20,.,5e-06,0.4,0.002,True
lr5e-6_dr0.5_wd5e-4_focal_focal_focal,42,5e-06,0.5,0.0005,61.09,65.94,-4.85,1,2025-08-12 23:56:25,.,5e-06,0.5,0.0005,True
lr5e-6_dr0.5_wd5e-4,18,5e-06,0.5,0.0005,62.19,64.89,-2.7,0,2025-08-12 23:56:27,.,5e-06,0.5,0.0005,False
lr5e-6_dr0.4_wd1e-3,94,5e-06,0.4,0.001,83.47,68.24,15.23,0,2025-08-12 23:56:57,.,5e-06,0.4,0.001,False
lr5e-6_dr0.5_wd1e-3,7,5e-06,0.5,0.001,59.65,63.96,-4.31,0,2025-08-12 23:57:09,.,5e-06,0.5,0.001,False
lr5e-6_dr0.4_wd1e-3_focal_focal_focal,97,5e-06,0.4,0.001,72.37,69.55,2.81,1,2025-08-12 23:57:38,.,5e-06,0.4,0.001,True
lr5e-6_dr0.4_wd2e-3,35,5e-06,0.4,0.002,65.17,68.89,-3.71,0,2025-08-12 23:58:17,.,5e-06,0.4,0.002,False
lr5e-6_dr0.4_wd2e-3_focal_focal_focal,78,5e-06,0.4,0.002,67.09,70.04,-2.95,1,2025-08-12 23:58:22,.,5e-06,0.4,0.002,True
lr5e-6_dr0.5_wd5e-4_focal_focal_focal,43,5e-06,0.5,0.0005,61.33,66.83,-5.49,1,2025-08-12 23:58:27,.,5e-06,0.5,0.0005,True
lr5e-6_dr0.4_wd1e-3,95,5e-06,0.4,0.001,84.43,68.6,15.82,0,2025-08-12 23:58:57,.,5e-06,0.4,0.001,False
lr5e-6_dr0.5_wd1e-3_focal_focal_focal,9,5e-06,0.5,0.001,55.76,60.19,-4.43,1,2025-08-12 23:59:26,.,5e-06,0.5,0.001,True
lr5e-6_dr0.4_wd1e-3_focal_focal_focal,98,5e-06,0.4,0.001,72.57,70.16,2.42,1,2025-08-12 23:59:33,.,5e-06,0.4,0.001,True
lr5e-6_dr0.5_wd5e-4,19,5e-06,0.5,0.0005,61.67,64.61,-2.94,0,2025-08-13 00:00:07,.,5e-06,0.5,0.0005,False
lr5e-6_dr0.4_wd2e-3_focal_focal_focal,79,5e-06,0.4,0.002,67.66,67.72,-0.06,1,2025-08-13 00:00:16,.,5e-06,0.4,0.002,True
lr5e-6_dr0.5_wd5e-4_focal_focal_focal,44,5e-06,0.5,0.0005,61.11,65.7,-4.59,1,2025-08-13 00:00:22,.,5e-06,0.5,0.0005,True
lr5e-6_dr0.5_wd1e-3,8,5e-06,0.5,0.001,60.11,62.65,-2.54,0,2025-08-13 00:00:52,.,5e-06,0.5,0.001,False
lr5e-6_dr0.4_wd1e-3_focal_focal_focal,99,5e-06,0.4,0.001,72.82,70.4,2.42,1,2025-08-13 00:01:26,.,5e-06,0.4,0.001,True
lr5e-6_dr0.4_wd2e-3,36,5e-06,0.4,0.002,65.97,68.81,-2.83,0,2025-08-13 00:01:58,.,5e-06,0.4,0.002,False
lr5e-6_dr0.4_wd2e-3_focal_focal_focal,80,5e-06,0.4,0.002,67.86,69.9,-2.04,1,2025-08-13 00:02:16,.,5e-06,0.4,0.002,True
lr5e-6_dr0.5_wd5e-4_focal_focal_focal,45,5e-06,0.5,0.0005,60.88,66.24,-5.37,1,2025-08-13 00:02:21,.,5e-06,0.5,0.0005,True
lr5e-6_dr0.5_wd2e-3_focal_focal_focal,1,5e-06,0.5,0.002,52.37,56.15,-3.78,1,2025-08-13 00:02:28,.,5e-06,0.5,0.002,True
lr5e-6_dr0.5_wd1e-3_focal_focal_focal,10,5e-06,0.5,0.001,56.89,60.43,-3.55,1,2025-08-13 00:03:04,.,5e-06,0.5,0.001,True
lr5e-6_dr0.4_wd1e-3_focal_focal_focal,100,5e-06,0.4,0.001,73.29,70.34,2.96,1,2025-08-13 00:03:26,.,5e-06,0.4,0.001,True
lr5e-6_dr0.5_wd5e-4,20,5e-06,0.5,0.0005,60.96,64.35,-3.38,0,2025-08-13 00:03:48,.,5e-06,0.5,0.0005,False
lr5e-6_dr0.4_wd2e-3_focal_focal_focal,81,5e-06,0.4,0.002,68.59,69.37,-0.78,1,2025-08-13 00:04:17,.,5e-06,0.4,0.002,True
lr5e-6_dr0.5_wd5e-4_focal_focal_focal,46,5e-06,0.5,0.0005,60.97,65.8,-4.83,1,2025-08-13 00:04:23,.,5e-06,0.5,0.0005,True
lr5e-6_dr0.5_wd2e-3_focal_focal_focal,2,5e-06,0.5,0.002,53.93,57.12,-3.19,1,2025-08-13 00:04:29,.,5e-06,0.5,0.002,True
lr5e-6_dr0.5_wd1e-3,9,5e-06,0.5,0.001,60.52,62.73,-2.21,0,2025-08-13 00:04:34,.,5e-06,0.5,0.001,False
lr5e-6_dr0.4_wd1e-3_focal_focal_focal,101,5e-06,0.4,0.001,73.98,70.18,3.8,1,2025-08-13 00:05:25,.,5e-06,0.4,0.001,True
lr5e-6_dr0.4_wd2e-3,37,5e-06,0.4,0.002,65.87,67.29,-1.42,0,2025-08-13 00:05:37,.,5e-06,0.4,0.002,False
lr5e-6_dr0.4_wd2e-3_focal_focal_focal,82,5e-06,0.4,0.002,68.7,69.85,-1.15,1,2025-08-13 00:06:17,.,5e-06,0.4,0.002,True
lr5e-6_dr0.5_wd5e-4_focal_focal_focal,47,5e-06,0.5,0.0005,61.54,66.85,-5.31,1,2025-08-13 00:06:23,.,5e-06,0.5,0.0005,True
lr5e-6_dr0.5_wd2e-3_focal_focal_focal,3,5e-06,0.5,0.002,54.19,58.33,-4.14,1,2025-08-13 00:06:30,.,5e-06,0.5,0.002,True
lr5e-6_dr0.5_wd1e-3_focal_focal_focal,11,5e-06,0.5,0.001,56.52,62.37,-5.85,1,2025-08-13 00:06:41,.,5e-06,0.5,0.001,True
lr5e-6_dr0.4_wd1e-3_focal_focal_focal,102,5e-06,0.4,0.001,74.51,69.67,4.83,1,2025-08-13 00:07:23,.,5e-06,0.4,0.001,True
lr5e-6_dr0.5_wd5e-4,21,5e-06,0.5,0.0005,61.75,65.13,-3.38,0,2025-08-13 00:07:28,.,5e-06,0.5,0.0005,False
lr5e-6_dr0.5_wd1e-3,10,5e-06,0.5,0.001,60.79,63.3,-2.5,0,2025-08-13 00:08:16,.,5e-06,0.5,0.001,False
lr5e-6_dr0.4_wd2e-3_focal_focal_focal,83,5e-06,0.4,0.002,69.08,70.64,-1.56,1,2025-08-13 00:08:18,.,5e-06,0.4,0.002,True
lr5e-6_dr0.5_wd5e-4_focal_focal_focal,48,5e-06,0.5,0.0005,61.67,66.32,-4.66,1,2025-08-13 00:08:24,.,5e-06,0.5,0.0005,True
lr5e-6_dr0.5_wd2e-3_focal_focal_focal,4,5e-06,0.5,0.002,54.44,59.24,-4.8,1,2025-08-13 00:08:31,.,5e-06,0.5,0.002,True
lr5e-6_dr0.4_wd2e-3,38,5e-06,0.4,0.002,66.04,69.31,-3.27,0,2025-08-13 00:09:17,.,5e-06,0.4,0.002,False
lr5e-6_dr0.4_wd1e-3_focal_focal_focal,103,5e-06,0.4,0.001,74.83,70.18,4.65,1,2025-08-13 00:09:21,.,5e-06,0.4,0.001,True
lr5e-6_dr0.5_wd1e-3_focal_focal_focal,12,5e-06,0.5,0.001,56.96,62.15,-5.19,1,2025-08-13 00:10:20,.,5e-06,0.5,0.001,True
lr5e-6_dr0.4_wd2e-3_focal_focal_focal,84,5e-06,0.4,0.002,69.48,70.52,-1.04,1,2025-08-13 00:10:20,.,5e-06,0.4,0.002,True
lr5e-6_dr0.5_wd5e-4_focal_focal_focal,49,5e-06,0.5,0.0005,61.63,66.26,-4.64,1,2025-08-13 00:10:23,.,5e-06,0.5,0.0005,True
lr5e-6_dr0.5_wd2e-3_focal_focal_focal,5,5e-06,0.5,0.002,55.07,59.24,-4.17,1,2025-08-13 00:10:32,.,5e-06,0.5,0.002,True
lr5e-6_dr0.5_wd5e-4,22,5e-06,0.5,0.0005,62.06,64.91,-2.85,0,2025-08-13 00:11:10,.,5e-06,0.5,0.0005,False
lr5e-6_dr0.4_wd1e-3_focal_focal_focal,104,5e-06,0.4,0.001,75.21,70.52,4.69,1,2025-08-13 00:11:20,.,5e-06,0.4,0.001,True
lr5e-6_dr0.5_wd1e-3,11,5e-06,0.5,0.001,61.66,63.9,-2.24,0,2025-08-13 00:11:59,.,5e-06,0.5,0.001,False
lr5e-6_dr0.4_wd2e-3_focal_focal_focal,85,5e-06,0.4,0.002,70.67,70.0,0.67,1,2025-08-13 00:12:20,.,5e-06,0.4,0.002,True
lr5e-6_dr0.5_wd5e-4_focal_focal_focal,50,5e-06,0.5,0.0005,61.46,67.07,-5.61,1,2025-08-13 00:12:23,.,5e-06,0.5,0.0005,True
lr5e-6_dr0.5_wd2e-3_focal_focal_focal,6,5e-06,0.5,0.002,55.56,59.89,-4.32,1,2025-08-13 00:12:33,.,5e-06,0.5,0.002,True
lr5e-6_dr0.4_wd2e-3,39,5e-06,0.4,0.002,66.23,68.44,-2.21,0,2025-08-13 00:12:58,.,5e-06,0.4,0.002,False
lr5e-6_dr0.4_wd1e-3_focal_focal_focal,105,5e-06,0.4,0.001,75.21,69.69,5.52,1,2025-08-13 00:13:20,.,5e-06,0.4,0.001,True
lr5e-6_dr0.5_wd1e-3_focal_focal_focal,13,5e-06,0.5,0.001,56.54,62.79,-6.26,1,2025-08-13 00:13:58,.,5e-06,0.5,0.001,True
lr5e-6_dr0.4_wd2e-3_focal_focal_focal,86,5e-06,0.4,0.002,70.28,70.34,-0.06,1,2025-08-13 00:14:19,.,5e-06,0.4,0.002,True
lr5e-6_dr0.5_wd5e-4_focal_focal_focal,51,5e-06,0.5,0.0005,61.62,65.7,-4.08,1,2025-08-13 00:14:24,.,5e-06,0.5,0.0005,True
lr5e-6_dr0.5_wd2e-3_focal_focal_focal,7,5e-06,0.5,0.002,55.63,60.17,-4.53,1,2025-08-13 00:14:35,.,5e-06,0.5,0.002,True
lr5e-6_dr0.5_wd5e-4,23,5e-06,0.5,0.0005,62.26,65.09,-2.83,0,2025-08-13 00:14:52,.,5e-06,0.5,0.0005,False
lr5e-6_dr0.4_wd1e-3_focal_focal_focal,106,5e-06,0.4,0.001,75.31,69.94,5.38,1,2025-08-13 00:15:20,.,5e-06,0.4,0.001,True
lr5e-6_dr0.5_wd1e-3,12,5e-06,0.5,0.001,61.72,65.09,-3.37,0,2025-08-13 00:15:42,.,5e-06,0.5,0.001,False
lr5e-6_dr0.4_wd2e-3_focal_focal_focal,87,5e-06,0.4,0.002,71.0,69.77,1.23,1,2025-08-13 00:16:20,.,5e-06,0.4,0.002,True
lr5e-6_dr0.5_wd5e-4_focal_focal_focal,52,5e-06,0.5,0.0005,61.75,66.63,-4.87,1,2025-08-13 00:16:24,.,5e-06,0.5,0.0005,True
lr5e-6_dr0.5_wd2e-3_focal_focal_focal,8,5e-06,0.5,0.002,55.39,61.74,-6.36,1,2025-08-13 00:16:37,.,5e-06,0.5,0.002,True
lr5e-6_dr0.4_wd2e-3,40,5e-06,0.4,0.002,66.8,67.47,-0.67,0,2025-08-13 00:16:38,.,5e-06,0.4,0.002,False
lr5e-6_dr0.4_wd1e-3_focal_focal_focal,107,5e-06,0.4,0.001,76.02,70.38,5.64,1,2025-08-13 00:17:19,.,5e-06,0.4,0.001,True
lr5e-6_dr0.5_wd1e-3_focal_focal_focal,14,5e-06,0.5,0.001,57.22,62.55,-5.33,1,2025-08-13 00:17:37,.,5e-06,0.5,0.001,True
lr5e-6_dr0.4_wd2e-3_focal_focal_focal,88,5e-06,0.4,0.002,71.76,70.02,1.75,1,2025-08-13 00:18:20,.,5e-06,0.4,0.002,True
lr5e-6_dr0.5_wd5e-4_focal_focal_focal,53,5e-06,0.5,0.0005,61.99,66.36,-4.38,1,2025-08-13 00:18:24,.,5e-06,0.5,0.0005,True
lr5e-6_dr0.5_wd5e-4,24,5e-06,0.5,0.0005,62.09,65.94,-3.85,0,2025-08-13 00:18:34,.,5e-06,0.5,0.0005,False
lr5e-6_dr0.5_wd2e-3_focal_focal_focal,9,5e-06,0.5,0.002,55.62,62.15,-6.52,1,2025-08-13 00:18:38,.,5e-06,0.5,0.002,True
lr5e-6_dr0.4_wd1e-3_focal_focal_focal,108,5e-06,0.4,0.001,76.67,70.1,6.57,1,2025-08-13 00:19:19,.,5e-06,0.4,0.001,True
lr5e-6_dr0.5_wd1e-3,13,5e-06,0.5,0.001,61.29,64.87,-3.58,0,2025-08-13 00:19:26,.,5e-06,0.5,0.001,False
lr5e-6_dr0.4_wd2e-3,41,5e-06,0.4,0.002,67.45,68.81,-1.36,0,2025-08-13 00:20:18,.,5e-06,0.4,0.002,False
lr5e-6_dr0.4_wd2e-3_focal_focal_focal,89,5e-06,0.4,0.002,72.67,69.65,3.02,1,2025-08-13 00:20:19,.,5e-06,0.4,0.002,True
lr5e-6_dr0.5_wd5e-4_focal_focal_focal,54,5e-06,0.5,0.0005,61.64,66.95,-5.31,1,2025-08-13 00:20:24,.,5e-06,0.5,0.0005,True
lr5e-6_dr0.5_wd2e-3_focal_focal_focal,10,5e-06,0.5,0.002,55.9,62.23,-6.33,1,2025-08-13 00:20:39,.,5e-06,0.5,0.002,True
lr5e-6_dr0.5_wd1e-3_focal_focal_focal,15,5e-06,0.5,0.001,57.99,63.56,-5.57,1,2025-08-13 00:21:14,.,5e-06,0.5,0.001,True
lr5e-6_dr0.4_wd1e-3_focal_focal_focal,109,5e-06,0.4,0.001,76.64,70.32,6.32,1,2025-08-13 00:21:16,.,5e-06,0.4,0.001,True
lr5e-6_dr0.5_wd5e-4,25,5e-06,0.5,0.0005,63.0,65.15,-2.15,0,2025-08-13 00:22:16,.,5e-06,0.5,0.0005,False
lr5e-6_dr0.4_wd2e-3_focal_focal_focal,90,5e-06,0.4,0.002,72.45,69.01,3.45,1,2025-08-13 00:22:19,.,5e-06,0.4,0.002,True
lr5e-6_dr0.5_wd5e-4_focal_focal_focal,55,5e-06,0.5,0.0005,61.75,65.9,-4.15,1,2025-08-13 00:22:24,.,5e-06,0.5,0.0005,True
lr5e-6_dr0.5_wd2e-3_focal_focal_focal,11,5e-06,0.5,0.002,56.16,61.92,-5.76,1,2025-08-13 00:22:41,.,5e-06,0.5,0.002,True
lr5e-6_dr0.5_wd1e-3,14,5e-06,0.5,0.001,62.06,64.93,-2.87,0,2025-08-13 00:23:10,.,5e-06,0.5,0.001,False
lr5e-6_dr0.4_wd1e-3_focal_focal_focal,110,5e-06,0.4,0.001,77.41,70.14,7.27,1,2025-08-13 00:23:14,.,5e-06,0.4,0.001,True
lr5e-6_dr0.4_wd2e-3,42,5e-06,0.4,0.002,67.23,68.81,-1.58,0,2025-08-13 00:23:58,.,5e-06,0.4,0.002,False
lr5e-6_dr0.4_wd2e-3_focal_focal_focal,91,5e-06,0.4,0.002,73.25,69.29,3.96,1,2025-08-13 00:24:19,.,5e-06,0.4,0.002,True
lr5e-6_dr0.5_wd5e-4_focal_focal_focal,56,5e-06,0.5,0.0005,62.04,66.87,-4.83,1,2025-08-13 00:24:24,.,5e-06,0.5,0.0005,True
lr5e-6_dr0.5_wd2e-3_focal_focal_focal,12,5e-06,0.5,0.002,56.07,62.41,-6.34,1,2025-08-13 00:24:41,.,5e-06,0.5,0.002,True
lr5e-6_dr0.5_wd1e-3_focal_focal_focal,16,5e-06,0.5,0.001,57.63,63.8,-6.17,1,2025-08-13 00:24:53,.,5e-06,0.5,0.001,True
lr5e-6_dr0.4_wd1e-3_focal_focal_focal,111,5e-06,0.4,0.001,77.55,70.12,7.44,1,2025-08-13 00:25:12,.,5e-06,0.4,0.001,True
lr5e-6_dr0.5_wd5e-4,26,5e-06,0.5,0.0005,63.15,67.09,-3.94,0,2025-08-13 00:25:56,.,5e-06,0.5,0.0005,False
lr5e-6_dr0.4_wd2e-3_focal_focal_focal,92,5e-06,0.4,0.002,73.73,69.55,4.18,1,2025-08-13 00:26:19,.,5e-06,0.4,0.002,True
lr5e-6_dr0.5_wd5e-4_focal_focal_focal,57,5e-06,0.5,0.0005,61.69,66.53,-4.84,1,2025-08-13 00:26:24,.,5e-06,0.5,0.0005,True
lr5e-6_dr0.5_wd2e-3_focal_focal_focal,13,5e-06,0.5,0.002,56.51,62.73,-6.22,1,2025-08-13 00:26:42,.,5e-06,0.5,0.002,True
lr5e-6_dr0.5_wd1e-3,15,5e-06,0.5,0.001,61.84,65.21,-3.37,0,2025-08-13 00:26:54,.,5e-06,0.5,0.001,False
lr5e-6_dr0.4_wd1e-3_focal_focal_focal,112,5e-06,0.4,0.001,77.85,69.75,8.1,1,2025-08-13 00:27:10,.,5e-06,0.4,0.001,True
lr5e-6_dr0.4_wd2e-3,43,5e-06,0.4,0.002,67.78,68.5,-0.73,0,2025-08-13 00:27:40,.,5e-06,0.4,0.002,False
lr5e-6_dr0.4_wd2e-3_focal_focal_focal,93,5e-06,0.4,0.002,74.21,69.41,4.8,1,2025-08-13 00:28:19,.,5e-06,0.4,0.002,True
lr5e-6_dr0.5_wd5e-4_focal_focal_focal,58,5e-06,0.5,0.0005,61.56,66.61,-5.05,1,2025-08-13 00:28:24,.,5e-06,0.5,0.0005,True
lr5e-6_dr0.5_wd1e-3_focal_focal_focal,17,5e-06,0.5,0.001,57.33,64.31,-6.98,1,2025-08-13 00:28:32,.,5e-06,0.5,0.001,True
lr5e-6_dr0.5_wd2e-3_focal_focal_focal,14,5e-06,0.5,0.002,57.1,62.75,-5.65,1,2025-08-13 00:28:43,.,5e-06,0.5,0.002,True
lr5e-6_dr0.4_wd1e-3_focal_focal_focal,113,5e-06,0.4,0.001,78.11,70.2,7.91,1,2025-08-13 00:29:08,.,5e-06,0.4,0.001,True
lr5e-6_dr0.5_wd5e-4,27,5e-06,0.5,0.0005,63.07,67.11,-4.04,0,2025-08-13 00:29:38,.,5e-06,0.5,0.0005,False
lr5e-6_dr0.4_wd2e-3_focal_focal_focal,94,5e-06,0.4,0.002,74.52,69.51,5.01,1,2025-08-13 00:30:19,.,5e-06,0.4,0.002,True
lr5e-6_dr0.5_wd5e-4_focal_focal_focal,59,5e-06,0.5,0.0005,62.02,66.99,-4.97,1,2025-08-13 00:30:24,.,5e-06,0.5,0.0005,True
lr5e-6_dr0.5_wd1e-3,16,5e-06,0.5,0.001,61.78,65.01,-3.23,0,2025-08-13 00:30:38,.,5e-06,0.5,0.001,False
lr5e-6_dr0.5_wd2e-3_focal_focal_focal,15,5e-06,0.5,0.002,56.24,62.95,-6.71,1,2025-08-13 00:30:45,.,5e-06,0.5,0.002,True
lr5e-6_dr0.4_wd1e-3_focal_focal_focal,114,5e-06,0.4,0.001,78.4,70.46,7.94,1,2025-08-13 00:31:06,.,5e-06,0.4,0.001,True
lr5e-6_dr0.4_wd2e-3,44,5e-06,0.4,0.002,67.72,68.26,-0.54,0,2025-08-13 00:31:19,.,5e-06,0.4,0.002,False
lr5e-6_dr0.5_wd1e-3_focal_focal_focal,18,5e-06,0.5,0.001,57.55,63.76,-6.21,1,2025-08-13 00:32:11,.,5e-06,0.5,0.001,True
lr5e-6_dr0.4_wd2e-3_focal_focal_focal,95,5e-06,0.4,0.002,75.35,69.73,5.62,1,2025-08-13 00:32:19,.,5e-06,0.4,0.002,True
lr5e-6_dr0.5_wd5e-4_focal_focal_focal,60,5e-06,0.5,0.0005,62.08,66.79,-4.71,1,2025-08-13 00:32:26,.,5e-06,0.5,0.0005,True
lr5e-6_dr0.5_wd2e-3_focal_focal_focal,16,5e-06,0.5,0.002,56.37,63.12,-6.75,1,2025-08-13 00:32:46,.,5e-06,0.5,0.002,True
lr5e-6_dr0.4_wd1e-3_focal_focal_focal,115,5e-06,0.4,0.001,78.04,70.1,7.94,1,2025-08-13 00:33:05,.,5e-06,0.4,0.001,True
lr5e-6_dr0.5_wd5e-4,28,5e-06,0.5,0.0005,63.74,67.23,-3.5,0,2025-08-13 00:33:19,.,5e-06,0.5,0.0005,False
lr5e-6_dr0.4_wd2e-3_focal_focal_focal,96,5e-06,0.4,0.002,75.51,69.57,5.94,1,2025-08-13 00:34:18,.,5e-06,0.4,0.002,True
lr5e-6_dr0.5_wd1e-3,17,5e-06,0.5,0.001,62.13,66.32,-4.2,0,2025-08-13 00:34:19,.,5e-06,0.5,0.001,False
lr5e-6_dr0.5_wd5e-4_focal_focal_focal,61,5e-06,0.5,0.0005,62.03,66.1,-4.08,1,2025-08-13 00:34:26,.,5e-06,0.5,0.0005,True
lr5e-6_dr0.5_wd2e-3_focal_focal_focal,17,5e-06,0.5,0.002,56.96,62.75,-5.79,1,2025-08-13 00:34:48,.,5e-06,0.5,0.002,True
lr5e-6_dr0.4_wd2e-3,45,5e-06,0.4,0.002,67.82,68.95,-1.13,0,2025-08-13 00:34:59,.,5e-06,0.4,0.002,False
lr5e-6_dr0.4_wd1e-3_focal_focal_focal,116,5e-06,0.4,0.001,78.46,69.98,8.48,1,2025-08-13 00:35:03,.,5e-06,0.4,0.001,True
lr5e-6_dr0.5_wd1e-3_focal_focal_focal,19,5e-06,0.5,0.001,57.86,63.4,-5.54,1,2025-08-13 00:35:48,.,5e-06,0.5,0.001,True
lr5e-6_dr0.4_wd2e-3_focal_focal_focal,97,5e-06,0.4,0.002,75.86,70.0,5.87,1,2025-08-13 00:36:17,.,5e-06,0.4,0.002,True
lr5e-6_dr0.5_wd5e-4_focal_focal_focal,62,5e-06,0.5,0.0005,61.95,66.57,-4.62,1,2025-08-13 00:36:25,.,5e-06,0.5,0.0005,True
lr5e-6_dr0.5_wd2e-3_focal_focal_focal,18,5e-06,0.5,0.002,56.58,63.18,-6.59,1,2025-08-13 00:36:49,.,5e-06,0.5,0.002,True
lr5e-6_dr0.4_wd1e-3_focal_focal_focal,117,5e-06,0.4,0.001,78.42,70.48,7.94,1,2025-08-13 00:37:01,.,5e-06,0.4,0.001,True
lr5e-6_dr0.5_wd5e-4,29,5e-06,0.5,0.0005,63.39,66.18,-2.79,0,2025-08-13 00:37:02,.,5e-06,0.5,0.0005,False
lr5e-6_dr0.5_wd1e-3,18,5e-06,0.5,0.001,62.47,65.38,-2.91,0,2025-08-13 00:38:03,.,5e-06,0.5,0.001,False
lr5e-6_dr0.4_wd2e-3_focal_focal_focal,98,5e-06,0.4,0.002,76.39,69.49,6.9,1,2025-08-13 00:38:19,.,5e-06,0.4,0.002,True
lr5e-6_dr0.5_wd5e-4_focal_focal_focal,63,5e-06,0.5,0.0005,61.82,67.21,-5.39,1,2025-08-13 00:38:25,.,5e-06,0.5,0.0005,True
lr5e-6_dr0.4_wd2e-3,46,5e-06,0.4,0.002,68.14,68.58,-0.44,0,2025-08-13 00:38:39,.,5e-06,0.4,0.002,False
lr5e-6_dr0.5_wd2e-3_focal_focal_focal,19,5e-06,0.5,0.002,56.1,63.01,-6.91,1,2025-08-13 00:38:51,.,5e-06,0.5,0.002,True
lr5e-6_dr0.4_wd1e-3_focal_focal_focal,118,5e-06,0.4,0.001,79.45,70.0,9.45,1,2025-08-13 00:39:00,.,5e-06,0.4,0.001,True
lr5e-6_dr0.5_wd1e-3_focal_focal_focal,20,5e-06,0.5,0.001,57.48,64.45,-6.97,1,2025-08-13 00:39:25,.,5e-06,0.5,0.001,True
lr5e-6_dr0.4_wd2e-3_focal_focal_focal,99,5e-06,0.4,0.002,76.81,70.08,6.73,1,2025-08-13 00:40:18,.,5e-06,0.4,0.002,True
lr5e-6_dr0.5_wd5e-4_focal_focal_focal,64,5e-06,0.5,0.0005,62.28,67.62,-5.33,1,2025-08-13 00:40:26,.,5e-06,0.5,0.0005,True
lr5e-6_dr0.5_wd5e-4,30,5e-06,0.5,0.0005,64.12,67.37,-3.25,0,2025-08-13 00:40:42,.,5e-06,0.5,0.0005,False
lr5e-6_dr0.5_wd2e-3_focal_focal_focal,20,5e-06,0.5,0.002,56.74,62.93,-6.19,1,2025-08-13 00:40:52,.,5e-06,0.5,0.002,True
lr5e-6_dr0.4_wd1e-3_focal_focal_focal,119,5e-06,0.4,0.001,78.79,70.2,8.6,1,2025-08-13 00:40:58,.,5e-06,0.4,0.001,True
lr5e-6_dr0.5_wd1e-3,19,5e-06,0.5,0.001,62.56,65.4,-2.83,0,2025-08-13 00:41:44,.,5e-06,0.5,0.001,False
lr5e-6_dr0.4_wd2e-3_focal_focal_focal,100,5e-06,0.4,0.002,77.99,69.67,8.31,1,2025-08-13 00:42:20,.,5e-06,0.4,0.002,True
lr5e-6_dr0.4_wd2e-3,47,5e-06,0.4,0.002,68.37,69.03,-0.66,0,2025-08-13 00:42:20,.,5e-06,0.4,0.002,False
lr5e-6_dr0.5_wd5e-4_focal_focal_focal,65,5e-06,0.5,0.0005,62.35,67.31,-4.96,1,2025-08-13 00:42:28,.,5e-06,0.5,0.0005,True
lr5e-6_dr0.5_wd2e-3_focal_focal_focal,21,5e-06,0.5,0.002,56.02,63.03,-7.01,1,2025-08-13 00:42:51,.,5e-06,0.5,0.002,True
lr5e-6_dr0.4_wd1e-3_focal_focal_focal,120,5e-06,0.4,0.001,80.0,70.3,9.7,1,2025-08-13 00:42:56,.,5e-06,0.4,0.001,True
lr5e-6_dr0.5_wd1e-3_focal_focal_focal,21,5e-06,0.5,0.001,57.8,63.88,-6.08,1,2025-08-13 00:43:03,.,5e-06,0.5,0.001,True
lr5e-6_dr0.4_wd2e-3_focal_focal_focal,101,5e-06,0.4,0.002,77.84,70.04,7.8,1,2025-08-13 00:44:20,.,5e-06,0.4,0.002,True
lr5e-6_dr0.5_wd5e-4,31,5e-06,0.5,0.0005,64.48,68.08,-3.6,0,2025-08-13 00:44:23,.,5e-06,0.5,0.0005,False
lr5e-6_dr0.5_wd5e-4_focal_focal_focal,66,5e-06,0.5,0.0005,63.18,67.78,-4.6,1,2025-08-13 00:44:30,.,5e-06,0.5,0.0005,True
lr5e-6_dr0.5_wd2e-3_focal_focal_focal,22,5e-06,0.5,0.002,56.81,62.47,-5.66,1,2025-08-13 00:44:53,.,5e-06,0.5,0.002,True
lr5e-6_dr0.4_wd1e-3_focal_focal_focal,121,5e-06,0.4,0.001,79.82,69.94,9.89,1,2025-08-13 00:44:53,.,5e-06,0.4,0.001,True
lr5e-6_dr0.5_wd1e-3,20,5e-06,0.5,0.001,62.23,64.61,-2.38,0,2025-08-13 00:45:26,.,5e-06,0.5,0.001,False
lr5e-6_dr0.4_wd2e-3,48,5e-06,0.4,0.002,68.5,68.36,0.14,0,2025-08-13 00:46:01,.,5e-06,0.4,0.002,False
lr5e-6_dr0.4_wd2e-3_focal_focal_focal,102,5e-06,0.4,0.002,78.7,69.49,9.21,1,2025-08-13 00:46:19,.,5e-06,0.4,0.002,True
lr5e-6_dr0.5_wd5e-4_focal_focal_focal,67,5e-06,0.5,0.0005,63.03,67.72,-4.69,1,2025-08-13 00:46:32,.,5e-06,0.5,0.0005,True
lr5e-6_dr0.5_wd1e-3_focal_focal_focal,22,5e-06,0.5,0.001,57.62,62.83,-5.21,1,2025-08-13 00:46:43,.,5e-06,0.5,0.001,True
lr5e-6_dr0.4_wd1e-3_focal_focal_focal,122,5e-06,0.4,0.001,80.32,70.12,10.2,1,2025-08-13 00:46:51,.,5e-06,0.4,0.001,True
lr5e-6_dr0.5_wd2e-3_focal_focal_focal,23,5e-06,0.5,0.002,56.99,62.75,-5.77,1,2025-08-13 00:46:53,.,5e-06,0.5,0.002,True
lr5e-6_dr0.5_wd5e-4,32,5e-06,0.5,0.0005,64.59,67.57,-2.99,0,2025-08-13 00:48:06,.,5e-06,0.5,0.0005,False
lr5e-6_dr0.4_wd2e-3_focal_focal_focal,103,5e-06,0.4,0.002,78.03,69.98,8.06,1,2025-08-13 00:48:19,.,5e-06,0.4,0.002,True
lr5e-6_dr0.5_wd5e-4_focal_focal_focal,68,5e-06,0.5,0.0005,63.37,67.96,-4.59,1,2025-08-13 00:48:33,.,5e-06,0.5,0.0005,True
lr5e-6_dr0.4_wd1e-3_focal_focal_focal,123,5e-06,0.4,0.001,80.12,69.75,10.36,1,2025-08-13 00:48:49,.,5e-06,0.4,0.001,True
lr5e-6_dr0.5_wd2e-3_focal_focal_focal,24,5e-06,0.5,0.002,57.0,63.16,-6.16,1,2025-08-13 00:48:53,.,5e-06,0.5,0.002,True
lr5e-6_dr0.5_wd1e-3,21,5e-06,0.5,0.001,62.07,64.99,-2.92,0,2025-08-13 00:49:08,.,5e-06,0.5,0.001,False
lr5e-6_dr0.4_wd2e-3,49,5e-06,0.4,0.002,68.5,68.06,0.44,0,2025-08-13 00:49:41,.,5e-06,0.4,0.002,False
lr5e-6_dr0.4_wd2e-3_focal_focal_focal,104,5e-06,0.4,0.002,79.4,70.26,9.14,1,2025-08-13 00:50:18,.,5e-06,0.4,0.002,True
lr5e-6_dr0.5_wd1e-3_focal_focal_focal,23,5e-06,0.5,0.001,58.0,65.13,-7.13,1,2025-08-13 00:50:20,.,5e-06,0.5,0.001,True
lr5e-6_dr0.5_wd5e-4_focal_focal_focal,69,5e-06,0.5,0.0005,63.86,67.35,-3.49,1,2025-08-13 00:50:35,.,5e-06,0.5,0.0005,True
lr5e-6_dr0.4_wd1e-3_focal_focal_focal,124,5e-06,0.4,0.001,80.12,70.26,9.86,1,2025-08-13 00:50:47,.,5e-06,0.4,0.001,True
lr5e-6_dr0.5_wd2e-3_focal_focal_focal,25,5e-06,0.5,0.002,57.77,62.99,-5.22,1,2025-08-13 00:50:56,.,5e-06,0.5,0.002,True
lr5e-6_dr0.5_wd5e-4,33,5e-06,0.5,0.0005,64.58,69.03,-4.44,0,2025-08-13 00:51:46,.,5e-06,0.5,0.0005,False
lr5e-6_dr0.4_wd2e-3_focal_focal_focal,105,5e-06,0.4,0.002,79.38,70.32,9.06,1,2025-08-13 00:52:20,.,5e-06,0.4,0.002,True
lr5e-6_dr0.5_wd5e-4_focal_focal_focal,70,5e-06,0.5,0.0005,63.39,67.25,-3.86,1,2025-08-13 00:52:36,.,5e-06,0.5,0.0005,True
lr5e-6_dr0.4_wd1e-3_focal_focal_focal,125,5e-06,0.4,0.001,80.44,70.26,10.18,1,2025-08-13 00:52:44,.,5e-06,0.4,0.001,True
lr5e-6_dr0.5_wd1e-3,22,5e-06,0.5,0.001,62.58,63.54,-0.96,0,2025-08-13 00:52:50,.,5e-06,0.5,0.001,False
lr5e-6_dr0.5_wd2e-3_focal_focal_focal,26,5e-06,0.5,0.002,57.38,63.76,-6.38,1,2025-08-13 00:52:57,.,5e-06,0.5,0.002,True
lr5e-6_dr0.4_wd2e-3,50,5e-06,0.4,0.002,68.93,68.68,0.25,0,2025-08-13 00:53:20,.,5e-06,0.4,0.002,False
lr5e-6_dr0.5_wd1e-3_focal_focal_focal,24,5e-06,0.5,0.001,57.8,63.72,-5.92,1,2025-08-13 00:53:59,.,5e-06,0.5,0.001,True
lr5e-6_dr0.4_wd2e-3_focal_focal_focal,106,5e-06,0.4,0.002,80.0,69.87,10.13,1,2025-08-13 00:54:21,.,5e-06,0.4,0.002,True
lr5e-6_dr0.5_wd5e-4_focal_focal_focal,71,5e-06,0.5,0.0005,64.0,68.02,-4.02,1,2025-08-13 00:54:36,.,5e-06,0.5,0.0005,True
lr5e-6_dr0.4_wd1e-3_focal_focal_focal,126,5e-06,0.4,0.001,80.25,70.36,9.89,1,2025-08-13 00:54:41,.,5e-06,0.4,0.001,True
lr5e-6_dr0.5_wd2e-3_focal_focal_focal,27,5e-06,0.5,0.002,57.17,64.23,-7.05,1,2025-08-13 00:54:59,.,5e-06,0.5,0.002,True
lr5e-6_dr0.5_wd5e-4,34,5e-06,0.5,0.0005,64.72,68.02,-3.29,0,2025-08-13 00:55:28,.,5e-06,0.5,0.0005,False
lr5e-6_dr0.4_wd2e-3_focal_focal_focal,107,5e-06,0.4,0.002,80.28,70.24,10.04,1,2025-08-13 00:56:20,.,5e-06,0.4,0.002,True
lr5e-6_dr0.5_wd1e-3,23,5e-06,0.5,0.001,62.84,66.3,-3.47,0,2025-08-13 00:56:32,.,5e-06,0.5,0.001,False
lr5e-6_dr0.5_wd5e-4_focal_focal_focal,72,5e-06,0.5,0.0005,63.77,68.74,-4.98,1,2025-08-13 00:56:39,.,5e-06,0.5,0.0005,True
lr5e-6_dr0.4_wd1e-3_focal_focal_focal,127,5e-06,0.4,0.001,80.62,70.12,10.51,1,2025-08-13 00:56:39,.,5e-06,0.4,0.001,True
lr5e-6_dr0.4_wd2e-3,51,5e-06,0.4,0.002,68.9,68.58,0.32,0,2025-08-13 00:56:59,.,5e-06,0.4,0.002,False
lr5e-6_dr0.5_wd2e-3_focal_focal_focal,28,5e-06,0.5,0.002,57.43,64.45,-7.02,1,2025-08-13 00:57:00,.,5e-06,0.5,0.002,True
lr5e-6_dr0.5_wd1e-3_focal_focal_focal,25,5e-06,0.5,0.001,58.29,63.9,-5.61,1,2025-08-13 00:57:36,.,5e-06,0.5,0.001,True
lr5e-6_dr0.4_wd2e-3_focal_focal_focal,108,5e-06,0.4,0.002,80.81,69.75,11.05,1,2025-08-13 00:58:19,.,5e-06,0.4,0.002,True
lr5e-6_dr0.4_wd1e-3_focal_focal_focal,128,5e-06,0.4,0.001,80.57,69.98,10.59,1,2025-08-13 00:58:37,.,5e-06,0.4,0.001,True
lr5e-6_dr0.5_wd5e-4_focal_focal_focal,73,5e-06,0.5,0.0005,64.9,69.07,-4.17,1,2025-08-13 00:58:41,.,5e-06,0.5,0.0005,True
lr5e-6_dr0.5_wd2e-3_focal_focal_focal,29,5e-06,0.5,0.002,57.91,63.34,-5.42,1,2025-08-13 00:59:02,.,5e-06,0.5,0.002,True
lr5e-6_dr0.5_wd5e-4,35,5e-06,0.5,0.0005,65.09,68.64,-3.55,0,2025-08-13 00:59:08,.,5e-06,0.5,0.0005,False
lr5e-6_dr0.5_wd1e-3,24,5e-06,0.5,0.001,62.84,64.75,-1.91,0,2025-08-13 01:00:15,.,5e-06,0.5,0.001,False
lr5e-6_dr0.4_wd2e-3_focal_focal_focal,109,5e-06,0.4,0.002,80.92,70.32,10.6,1,2025-08-13 01:00:19,.,5e-06,0.4,0.002,True
lr5e-6_dr0.4_wd1e-3_focal_focal_focal,129,5e-06,0.4,0.001,80.29,69.96,10.33,1,2025-08-13 01:00:35,.,5e-06,0.4,0.001,True
lr5e-6_dr0.4_wd2e-3,52,5e-06,0.4,0.002,69.1,69.61,-0.51,0,2025-08-13 01:00:38,.,5e-06,0.4,0.002,False
lr5e-6_dr0.5_wd5e-4_focal_focal_focal,74,5e-06,0.5,0.0005,64.53,68.62,-4.1,1,2025-08-13 01:00:42,.,5e-06,0.5,0.0005,True
lr5e-6_dr0.5_wd2e-3_focal_focal_focal,30,5e-06,0.5,0.002,57.98,64.02,-6.04,1,2025-08-13 01:01:02,.,5e-06,0.5,0.002,True
lr5e-6_dr0.5_wd1e-3_focal_focal_focal,26,5e-06,0.5,0.001,58.61,64.39,-5.78,1,2025-08-13 01:01:13,.,5e-06,0.5,0.001,True
lr5e-6_dr0.4_wd2e-3_focal_focal_focal,110,5e-06,0.4,0.002,81.66,69.77,11.89,1,2025-08-13 01:02:18,.,5e-06,0.4,0.002,True
lr5e-6_dr0.4_wd1e-3_focal_focal_focal,130,5e-06,0.4,0.001,80.98,70.14,10.84,1,2025-08-13 01:02:33,.,5e-06,0.4,0.001,True
lr5e-6_dr0.5_wd5e-4_focal_focal_focal,75,5e-06,0.5,0.0005,65.15,68.38,-3.23,1,2025-08-13 01:02:43,.,5e-06,0.5,0.0005,True
lr5e-6_dr0.5_wd5e-4,36,5e-06,0.5,0.0005,65.13,68.4,-3.27,0,2025-08-13 01:02:50,.,5e-06,0.5,0.0005,False
lr5e-6_dr0.5_wd2e-3_focal_focal_focal,31,5e-06,0.5,0.002,58.6,64.43,-5.83,1,2025-08-13 01:03:04,.,5e-06,0.5,0.002,True
lr5e-6_dr0.5_wd1e-3,25,5e-06,0.5,0.001,63.22,66.18,-2.97,0,2025-08-13 01:03:57,.,5e-06,0.5,0.001,False
lr5e-6_dr0.4_wd2e-3_focal_focal_focal,111,5e-06,0.4,0.002,81.6,69.85,11.74,1,2025-08-13 01:04:17,.,5e-06,0.4,0.002,True
lr5e-6_dr0.4_wd2e-3,53,5e-06,0.4,0.002,69.19,69.13,0.06,0,2025-08-13 01:04:20,.,5e-06,0.4,0.002,False
lr5e-6_dr0.4_wd1e-3_focal_focal_focal,131,5e-06,0.4,0.001,81.08,69.69,11.39,1,2025-08-13 01:04:30,.,5e-06,0.4,0.001,True
lr5e-6_dr0.5_wd5e-4_focal_focal_focal,76,5e-06,0.5,0.0005,65.17,68.02,-2.85,1,2025-08-13 01:04:43,.,5e-06,0.5,0.0005,True
lr5e-6_dr0.5_wd1e-3_focal_focal_focal,27,5e-06,0.5,0.001,58.63,64.16,-5.54,1,2025-08-13 01:04:50,.,5e-06,0.5,0.001,True
lr5e-6_dr0.5_wd2e-3_focal_focal_focal,32,5e-06,0.5,0.002,58.54,65.09,-6.55,1,2025-08-13 01:05:06,.,5e-06,0.5,0.002,True
lr5e-6_dr0.4_wd2e-3_focal_focal_focal,112,5e-06,0.4,0.002,81.85,69.57,12.28,1,2025-08-13 01:06:16,.,5e-06,0.4,0.002,True
lr5e-6_dr0.4_wd1e-3_focal_focal_focal,132,5e-06,0.4,0.001,80.82,70.06,10.76,1,2025-08-13 01:06:29,.,5e-06,0.4,0.001,True
lr5e-6_dr0.5_wd5e-4,37,5e-06,0.5,0.0005,65.32,68.04,-2.71,0,2025-08-13 01:06:31,.,5e-06,0.5,0.0005,False
lr5e-6_dr0.5_wd5e-4_focal_focal_focal,77,5e-06,0.5,0.0005,65.62,69.29,-3.67,1,2025-08-13 01:06:41,.,5e-06,0.5,0.0005,True
lr5e-6_dr0.5_wd2e-3_focal_focal_focal,33,5e-06,0.5,0.002,58.47,63.92,-5.45,1,2025-08-13 01:07:06,.,5e-06,0.5,0.002,True
lr5e-6_dr0.5_wd1e-3,26,5e-06,0.5,0.001,63.83,67.84,-4.01,0,2025-08-13 01:07:40,.,5e-06,0.5,0.001,False
lr5e-6_dr0.4_wd2e-3,54,5e-06,0.4,0.002,69.5,68.22,1.28,0,2025-08-13 01:07:58,.,5e-06,0.4,0.002,False
lr5e-6_dr0.4_wd2e-3_focal_focal_focal,113,5e-06,0.4,0.002,82.23,69.96,12.28,1,2025-08-13 01:08:13,.,5e-06,0.4,0.002,True
lr5e-6_dr0.5_wd1e-3_focal_focal_focal,28,5e-06,0.5,0.001,58.68,64.25,-5.56,1,2025-08-13 01:08:27,.,5e-06,0.5,0.001,True
lr5e-6_dr0.5_wd5e-4_focal_focal_focal,78,5e-06,0.5,0.0005,65.93,68.2,-2.28,1,2025-08-13 01:08:42,.,5e-06,0.5,0.0005,True
lr5e-6_dr0.5_wd2e-3,1,5e-06,0.5,0.002,53.1,57.73,-4.63,0,2025-08-13 01:08:58,.,5e-06,0.5,0.002,False
lr5e-6_dr0.5_wd2e-3_focal_focal_focal,34,5e-06,0.5,0.002,58.99,64.57,-5.58,1,2025-08-13 01:09:05,.,5e-06,0.5,0.002,True
lr5e-6_dr0.5_wd5e-4,38,5e-06,0.5,0.0005,66.08,68.4,-2.32,0,2025-08-13 01:10:11,.,5e-06,0.5,0.0005,False
lr5e-6_dr0.4_wd2e-3_focal_focal_focal,114,5e-06,0.4,0.002,82.41,69.77,12.64,1,2025-08-13 01:10:12,.,5e-06,0.4,0.002,True
lr5e-6_dr0.5_wd5e-4_focal_focal_focal,79,5e-06,0.5,0.0005,66.22,69.19,-2.97,1,2025-08-13 01:10:43,.,5e-06,0.5,0.0005,True
lr5e-6_dr0.5_wd2e-3,2,5e-06,0.5,0.002,55.97,59.2,-3.23,0,2025-08-13 01:10:59,.,5e-06,0.5,0.002,False
lr5e-6_dr0.5_wd2e-3_focal_focal_focal,35,5e-06,0.5,0.002,58.57,63.9,-5.34,1,2025-08-13 01:11:05,.,5e-06,0.5,0.002,True
lr5e-6_dr0.5_wd1e-3,27,5e-06,0.5,0.001,64.06,66.99,-2.93,0,2025-08-13 01:11:23,.,5e-06,0.5,0.001,False
lr5e-6_dr0.4_wd2e-3,55,5e-06,0.4,0.002,69.38,69.03,0.35,0,2025-08-13 01:11:38,.,5e-06,0.4,0.002,False
lr5e-6_dr0.5_wd1e-3_focal_focal_focal,29,5e-06,0.5,0.001,58.54,64.1,-5.57,1,2025-08-13 01:12:07,.,5e-06,0.5,0.001,True
lr5e-6_dr0.4_wd2e-3_focal_focal_focal,115,5e-06,0.4,0.002,82.84,69.37,13.47,1,2025-08-13 01:12:10,.,5e-06,0.4,0.002,True
lr5e-6_dr0.5_wd5e-4_focal_focal_focal,80,5e-06,0.5,0.0005,66.45,68.91,-2.45,1,2025-08-13 01:12:43,.,5e-06,0.5,0.0005,True
lr5e-6_dr0.5_wd2e-3,3,5e-06,0.5,0.002,57.53,60.27,-2.74,0,2025-08-13 01:13:00,.,5e-06,0.5,0.002,False
lr5e-6_dr0.5_wd2e-3_focal_focal_focal,36,5e-06,0.5,0.002,59.13,65.29,-6.17,1,2025-08-13 01:13:05,.,5e-06,0.5,0.002,True
lr5e-6_dr0.5_wd5e-4,39,5e-06,0.5,0.0005,66.07,68.08,-2.01,0,2025-08-13 01:13:53,.,5e-06,0.5,0.0005,False
lr5e-6_dr0.4_wd2e-3_focal_focal_focal,116,5e-06,0.4,0.002,82.55,69.65,12.9,1,2025-08-13 01:14:09,.,5e-06,0.4,0.002,True
lr5e-6_dr0.5_wd5e-4_focal_focal_focal,81,5e-06,0.5,0.0005,66.72,67.7,-0.97,1,2025-08-13 01:14:42,.,5e-06,0.5,0.0005,True
lr5e-6_dr0.5_wd2e-3,4,5e-06,0.5,0.002,58.2,61.68,-3.49,0,2025-08-13 01:15:01,.,5e-06,0.5,0.002,False
lr5e-6_dr0.5_wd2e-3_focal_focal_focal,37,5e-06,0.5,0.002,59.24,65.64,-6.4,1,2025-08-13 01:15:06,.,5e-06,0.5,0.002,True
lr5e-6_dr0.5_wd1e-3,28,5e-06,0.5,0.001,64.3,67.53,-3.24,0,2025-08-13 01:15:07,.,5e-06,0.5,0.001,False
lr5e-6_dr0.4_wd2e-3,56,5e-06,0.4,0.002,69.56,68.87,0.7,0,2025-08-13 01:15:17,.,5e-06,0.4,0.002,False
lr5e-6_dr0.5_wd1e-3_focal_focal_focal,30,5e-06,0.5,0.001,58.99,65.5,-6.5,1,2025-08-13 01:15:46,.,5e-06,0.5,0.001,True
lr5e-6_dr0.4_wd2e-3_focal_focal_focal,117,5e-06,0.4,0.002,83.31,69.81,13.49,1,2025-08-13 01:16:07,.,5e-06,0.4,0.002,True
lr5e-6_dr0.5_wd5e-4_focal_focal_focal,82,5e-06,0.5,0.0005,66.94,69.51,-2.57,1,2025-08-13 01:16:42,.,5e-06,0.5,0.0005,True
lr5e-6_dr0.5_wd2e-3,5,5e-06,0.5,0.002,58.28,62.37,-4.09,0,2025-08-13 01:17:02,.,5e-06,0.5,0.002,False
lr5e-6_dr0.5_wd2e-3_focal_focal_focal,38,5e-06,0.5,0.002,59.3,66.16,-6.86,1,2025-08-13 01:17:07,.,5e-06,0.5,0.002,True
lr5e-6_dr0.5_wd5e-4,40,5e-06,0.5,0.0005,66.18,67.35,-1.18,0,2025-08-13 01:17:34,.,5e-06,0.5,0.0005,False
lr5e-6_dr0.4_wd2e-3_focal_focal_focal,118,5e-06,0.4,0.002,83.25,69.87,13.37,1,2025-08-13 01:18:05,.,5e-06,0.4,0.002,True
lr5e-6_dr0.5_wd5e-4_focal_focal_focal,83,5e-06,0.5,0.0005,66.91,68.91,-2.0,1,2025-08-13 01:18:43,.,5e-06,0.5,0.0005,True
lr5e-6_dr0.5_wd1e-3,29,5e-06,0.5,0.001,64.26,65.7,-1.44,0,2025-08-13 01:18:50,.,5e-06,0.5,0.001,False
lr5e-6_dr0.4_wd2e-3,57,5e-06,0.4,0.002,70.18,69.11,1.07,0,2025-08-13 01:18:57,.,5e-06,0.4,0.002,False
lr5e-6_dr0.5_wd2e-3,6,5e-06,0.5,0.002,59.1,62.93,-3.83,0,2025-08-13 01:19:03,.,5e-06,0.5,0.002,False
lr5e-6_dr0.5_wd2e-3_focal_focal_focal,39,5e-06,0.5,0.002,59.5,65.66,-6.15,1,2025-08-13 01:19:09,.,5e-06,0.5,0.002,True
lr5e-6_dr0.5_wd1e-3_focal_focal_focal,31,5e-06,0.5,0.001,59.39,65.25,-5.87,1,2025-08-13 01:19:24,.,5e-06,0.5,0.001,True
lr5e-6_dr0.4_wd2e-3_focal_focal_focal,119,5e-06,0.4,0.002,83.52,69.85,13.67,1,2025-08-13 01:20:03,.,5e-06,0.4,0.002,True
lr5e-6_dr0.5_wd5e-4_focal_focal_focal,84,5e-06,0.5,0.0005,67.69,68.64,-0.96,1,2025-08-13 01:20:43,.,5e-06,0.5,0.0005,True
lr5e-6_dr0.5_wd2e-3,7,5e-06,0.5,0.002,59.55,63.1,-3.54,0,2025-08-13 01:21:04,.,5e-06,0.5,0.002,False
lr5e-6_dr0.5_wd2e-3_focal_focal_focal,40,5e-06,0.5,0.002,60.29,66.28,-6.0,1,2025-08-13 01:21:10,.,5e-06,0.5,0.002,True
lr5e-6_dr0.5_wd5e-4,41,5e-06,0.5,0.0005,66.64,68.0,-1.36,0,2025-08-13 01:21:14,.,5e-06,0.5,0.0005,False
lr5e-6_dr0.4_wd2e-3_focal_focal_focal,120,5e-06,0.4,0.002,83.91,69.61,14.3,1,2025-08-13 01:22:01,.,5e-06,0.4,0.002,True
lr5e-6_dr0.5_wd1e-3,30,5e-06,0.5,0.001,64.81,67.84,-3.03,0,2025-08-13 01:22:32,.,5e-06,0.5,0.001,False
lr5e-6_dr0.4_wd2e-3,58,5e-06,0.4,0.002,69.77,68.89,0.88,0,2025-08-13 01:22:36,.,5e-06,0.4,0.002,False
lr5e-6_dr0.5_wd5e-4_focal_focal_focal,85,5e-06,0.5,0.0005,68.4,69.13,-0.73,1,2025-08-13 01:22:41,.,5e-06,0.5,0.0005,True
lr5e-6_dr0.5_wd2e-3,8,5e-06,0.5,0.002,59.79,63.96,-4.17,0,2025-08-13 01:23:00,.,5e-06,0.5,0.002,False
lr5e-6_dr0.5_wd1e-3_focal_focal_focal,32,5e-06,0.5,0.001,59.77,65.98,-6.21,1,2025-08-13 01:23:03,.,5e-06,0.5,0.001,True
lr5e-6_dr0.5_wd2e-3_focal_focal_focal,41,5e-06,0.5,0.002,60.32,66.0,-5.69,1,2025-08-13 01:23:06,.,5e-06,0.5,0.002,True
lr5e-6_dr0.5_wd5e-4_focal_focal_focal,86,5e-06,0.5,0.0005,68.3,69.05,-0.75,1,2025-08-13 01:24:39,.,5e-06,0.5,0.0005,True
lr5e-6_dr0.5_wd5e-4,42,5e-06,0.5,0.0005,66.92,68.3,-1.38,0,2025-08-13 01:24:55,.,5e-06,0.5,0.0005,False
lr5e-6_dr0.5_wd2e-3,9,5e-06,0.5,0.002,59.79,63.64,-3.85,0,2025-08-13 01:24:58,.,5e-06,0.5,0.002,False
lr5e-6_dr0.5_wd2e-3_focal_focal_focal,42,5e-06,0.5,0.002,60.34,66.42,-6.08,1,2025-08-13 01:25:06,.,5e-06,0.5,0.002,True
lr2e-6_dr0.3_wd5e-4_focal_focal_focal,1,2e-06,0.3,0.0005,52.48,55.49,-3.01,1,2025-08-13 01:25:27,.,2e-06,0.3,0.0005,True
lr5e-6_dr0.5_wd1e-3,31,5e-06,0.5,0.001,65.18,67.96,-2.77,0,2025-08-13 01:26:15,.,5e-06,0.5,0.001,False
lr5e-6_dr0.4_wd2e-3,59,5e-06,0.4,0.002,69.75,68.93,0.83,0,2025-08-13 01:26:15,.,5e-06,0.4,0.002,False
lr5e-6_dr0.5_wd5e-4_focal_focal_focal,87,5e-06,0.5,0.0005,68.04,68.6,-0.56,1,2025-08-13 01:26:38,.,5e-06,0.5,0.0005,True
lr5e-6_dr0.5_wd1e-3_focal_focal_focal,33,5e-06,0.5,0.001,60.03,66.14,-6.11,1,2025-08-13 01:26:42,.,5e-06,0.5,0.001,True
lr5e-6_dr0.5_wd2e-3,10,5e-06,0.5,0.002,60.19,63.8,-3.61,0,2025-08-13 01:26:57,.,5e-06,0.5,0.002,False
lr5e-6_dr0.5_wd2e-3_focal_focal_focal,43,5e-06,0.5,0.002,60.22,66.46,-6.24,1,2025-08-13 01:27:07,.,5e-06,0.5,0.002,True
lr2e-6_dr0.3_wd5e-4_focal_focal_focal,2,2e-06,0.3,0.0005,54.0,58.15,-4.15,1,2025-08-13 01:27:28,.,2e-06,0.3,0.0005,True
lr5e-6_dr0.5_wd5e-4,43,5e-06,0.5,0.0005,66.91,69.21,-2.3,0,2025-08-13 01:28:35,.,5e-06,0.5,0.0005,False
lr5e-6_dr0.5_wd5e-4_focal_focal_focal,88,5e-06,0.5,0.0005,69.23,69.69,-0.46,1,2025-08-13 01:28:38,.,5e-06,0.5,0.0005,True
lr5e-6_dr0.5_wd2e-3,11,5e-06,0.5,0.002,60.32,64.04,-3.72,0,2025-08-13 01:28:57,.,5e-06,0.5,0.002,False
lr5e-6_dr0.5_wd2e-3_focal_focal_focal,44,5e-06,0.5,0.002,60.81,67.11,-6.3,1,2025-08-13 01:29:09,.,5e-06,0.5,0.002,True
lr2e-6_dr0.3_wd5e-4_focal_focal_focal,3,2e-06,0.3,0.0005,54.87,58.43,-3.56,1,2025-08-13 01:29:29,.,2e-06,0.3,0.0005,True
lr5e-6_dr0.4_wd2e-3,60,5e-06,0.4,0.002,69.16,68.77,0.39,0,2025-08-13 01:29:55,.,5e-06,0.4,0.002,False
lr5e-6_dr0.5_wd1e-3,32,5e-06,0.5,0.001,65.02,67.86,-2.84,0,2025-08-13 01:29:59,.,5e-06,0.5,0.001,False
lr5e-6_dr0.5_wd1e-3_focal_focal_focal,34,5e-06,0.5,0.001,60.05,66.42,-6.37,1,2025-08-13 01:30:20,.,5e-06,0.5,0.001,True
lr5e-6_dr0.5_wd5e-4_focal_focal_focal,89,5e-06,0.5,0.0005,69.45,69.96,-0.51,1,2025-08-13 01:30:39,.,5e-06,0.5,0.0005,True
lr5e-6_dr0.5_wd2e-3,12,5e-06,0.5,0.002,60.35,64.12,-3.78,0,2025-08-13 01:30:58,.,5e-06,0.5,0.002,False
lr5e-6_dr0.5_wd2e-3_focal_focal_focal,45,5e-06,0.5,0.002,60.47,65.9,-5.43,1,2025-08-13 01:31:09,.,5e-06,0.5,0.002,True
lr2e-6_dr0.3_wd5e-4_focal_focal_focal,4,2e-06,0.3,0.0005,55.18,59.62,-4.45,1,2025-08-13 01:31:30,.,2e-06,0.3,0.0005,True
lr5e-6_dr0.5_wd5e-4,44,5e-06,0.5,0.0005,67.23,67.53,-0.31,0,2025-08-13 01:32:18,.,5e-06,0.5,0.0005,False
lr5e-6_dr0.5_wd5e-4_focal_focal_focal,90,5e-06,0.5,0.0005,69.7,69.61,0.09,1,2025-08-13 01:32:41,.,5e-06,0.5,0.0005,True
lr5e-6_dr0.5_wd2e-3,13,5e-06,0.5,0.002,61.0,64.73,-3.73,0,2025-08-13 01:32:58,.,5e-06,0.5,0.002,False
lr5e-6_dr0.5_wd2e-3_focal_focal_focal,46,5e-06,0.5,0.002,60.57,67.27,-6.7,1,2025-08-13 01:33:09,.,5e-06,0.5,0.002,True
lr2e-6_dr0.3_wd5e-4_focal_focal_focal,5,2e-06,0.3,0.0005,55.71,59.04,-3.33,1,2025-08-13 01:33:32,.,2e-06,0.3,0.0005,True
lr5e-6_dr0.4_wd2e-3,61,5e-06,0.4,0.002,69.09,68.99,0.1,0,2025-08-13 01:33:34,.,5e-06,0.4,0.002,False
lr5e-6_dr0.5_wd1e-3,33,5e-06,0.5,0.001,65.41,68.85,-3.44,0,2025-08-13 01:33:43,.,5e-06,0.5,0.001,False
lr5e-6_dr0.5_wd1e-3_focal_focal_focal,35,5e-06,0.5,0.001,59.89,66.22,-6.34,1,2025-08-13 01:34:00,.,5e-06,0.5,0.001,True
lr5e-6_dr0.5_wd5e-4_focal_focal_focal,91,5e-06,0.5,0.0005,70.57,69.39,1.18,1,2025-08-13 01:34:40,.,5e-06,0.5,0.0005,True
lr5e-6_dr0.5_wd2e-3,14,5e-06,0.5,0.002,60.52,64.45,-3.92,0,2025-08-13 01:34:58,.,5e-06,0.5,0.002,False
lr5e-6_dr0.5_wd2e-3_focal_focal_focal,47,5e-06,0.5,0.002,61.05,67.37,-6.32,1,2025-08-13 01:35:11,.,5e-06,0.5,0.002,True
lr2e-6_dr0.3_wd5e-4_focal_focal_focal,6,2e-06,0.3,0.0005,55.58,60.23,-4.65,1,2025-08-13 01:35:31,.,2e-06,0.3,0.0005,True
lr5e-6_dr0.5_wd5e-4,45,5e-06,0.5,0.0005,67.5,68.99,-1.48,0,2025-08-13 01:35:58,.,5e-06,0.5,0.0005,False
lr5e-6_dr0.5_wd5e-4_focal_focal_focal,92,5e-06,0.5,0.0005,70.98,69.61,1.37,1,2025-08-13 01:36:41,.,5e-06,0.5,0.0005,True
lr5e-6_dr0.5_wd2e-3,15,5e-06,0.5,0.002,60.46,64.71,-4.25,0,2025-08-13 01:36:59,.,5e-06,0.5,0.002,False
lr5e-6_dr0.5_wd2e-3_focal_focal_focal,48,5e-06,0.5,0.002,61.25,67.23,-5.98,1,2025-08-13 01:37:12,.,5e-06,0.5,0.002,True
lr5e-6_dr0.4_wd2e-3,62,5e-06,0.4,0.002,69.24,67.84,1.41,0,2025-08-13 01:37:14,.,5e-06,0.4,0.002,False
lr5e-6_dr0.5_wd1e-3,34,5e-06,0.5,0.001,65.65,68.66,-3.02,0,2025-08-13 01:37:27,.,5e-06,0.5,0.001,False
lr2e-6_dr0.3_wd5e-4_focal_focal_focal,7,2e-06,0.3,0.0005,55.67,61.18,-5.51,1,2025-08-13 01:37:33,.,2e-06,0.3,0.0005,True
lr5e-6_dr0.5_wd1e-3_focal_focal_focal,36,5e-06,0.5,0.001,60.43,66.06,-5.63,1,2025-08-13 01:37:40,.,5e-06,0.5,0.001,True
lr5e-6_dr0.5_wd5e-4_focal_focal_focal,93,5e-06,0.5,0.0005,71.13,69.77,1.36,1,2025-08-13 01:38:42,.,5e-06,0.5,0.0005,True
lr5e-6_dr0.5_wd2e-3,16,5e-06,0.5,0.002,60.62,64.97,-4.35,0,2025-08-13 01:38:59,.,5e-06,0.5,0.002,False
lr5e-6_dr0.5_wd2e-3_focal_focal_focal,49,5e-06,0.5,0.002,61.2,66.71,-5.5,1,2025-08-13 01:39:11,.,5e-06,0.5,0.002,True
lr2e-6_dr0.3_wd5e-4_focal_focal_focal,8,2e-06,0.3,0.0005,55.94,60.25,-4.31,1,2025-08-13 01:39:36,.,2e-06,0.3,0.0005,True
lr5e-6_dr0.5_wd5e-4,46,5e-06,0.5,0.0005,67.73,69.09,-1.36,0,2025-08-13 01:39:41,.,5e-06,0.5,0.0005,False
lr5e-6_dr0.5_wd5e-4_focal_focal_focal,94,5e-06,0.5,0.0005,71.78,69.29,2.49,1,2025-08-13 01:40:44,.,5e-06,0.5,0.0005,True
lr5e-6_dr0.4_wd2e-3,63,5e-06,0.4,0.002,69.15,69.03,0.13,0,2025-08-13 01:40:53,.,5e-06,0.4,0.002,False
lr5e-6_dr0.5_wd2e-3,17,5e-06,0.5,0.002,61.36,64.87,-3.51,0,2025-08-13 01:41:00,.,5e-06,0.5,0.002,False
lr5e-6_dr0.5_wd1e-3,35,5e-06,0.5,0.001,66.08,68.58,-2.5,0,2025-08-13 01:41:09,.,5e-06,0.5,0.001,False
lr5e-6_dr0.5_wd2e-3_focal_focal_focal,50,5e-06,0.5,0.002,60.82,67.25,-6.43,1,2025-08-13 01:41:10,.,5e-06,0.5,0.002,True
lr5e-6_dr0.5_wd1e-3_focal_focal_focal,37,5e-06,0.5,0.001,61.05,66.4,-5.36,1,2025-08-13 01:41:18,.,5e-06,0.5,0.001,True
lr2e-6_dr0.3_wd5e-4_focal_focal_focal,9,2e-06,0.3,0.0005,55.6,59.87,-4.27,1,2025-08-13 01:41:36,.,2e-06,0.3,0.0005,True
lr5e-6_dr0.5_wd5e-4_focal_focal_focal,95,5e-06,0.5,0.0005,72.19,69.87,2.32,1,2025-08-13 01:42:43,.,5e-06,0.5,0.0005,True
lr5e-6_dr0.5_wd2e-3,18,5e-06,0.5,0.002,61.1,64.85,-3.75,0,2025-08-13 01:42:58,.,5e-06,0.5,0.002,False
lr5e-6_dr0.5_wd2e-3_focal_focal_focal,51,5e-06,0.5,0.002,61.0,67.49,-6.49,1,2025-08-13 01:43:11,.,5e-06,0.5,0.002,True
lr5e-6_dr0.5_wd5e-4,47,5e-06,0.5,0.0005,67.56,68.72,-1.16,0,2025-08-13 01:43:22,.,5e-06,0.5,0.0005,False
lr2e-6_dr0.3_wd5e-4_focal_focal_focal,10,2e-06,0.3,0.0005,55.87,59.62,-3.76,1,2025-08-13 01:43:35,.,2e-06,0.3,0.0005,True
lr5e-6_dr0.4_wd2e-3,64,5e-06,0.4,0.002,69.61,68.66,0.95,0,2025-08-13 01:44:32,.,5e-06,0.4,0.002,False
lr5e-6_dr0.5_wd5e-4_focal_focal_focal,96,5e-06,0.5,0.0005,72.38,69.53,2.85,1,2025-08-13 01:44:43,.,5e-06,0.5,0.0005,True
lr5e-6_dr0.5_wd1e-3,36,5e-06,0.5,0.001,66.2,68.64,-2.44,0,2025-08-13 01:44:53,.,5e-06,0.5,0.001,False
lr5e-6_dr0.5_wd1e-3_focal_focal_focal,38,5e-06,0.5,0.001,61.02,65.19,-4.18,1,2025-08-13 01:44:57,.,5e-06,0.5,0.001,True
lr5e-6_dr0.5_wd2e-3,19,5e-06,0.5,0.002,61.25,64.83,-3.58,0,2025-08-13 01:44:58,.,5e-06,0.5,0.002,False
lr5e-6_dr0.5_wd2e-3_focal_focal_focal,52,5e-06,0.5,0.002,61.37,67.78,-6.41,1,2025-08-13 01:45:12,.,5e-06,0.5,0.002,True
lr2e-6_dr0.3_wd5e-4_focal_focal_focal,11,2e-06,0.3,0.0005,55.73,59.54,-3.81,1,2025-08-13 01:45:37,.,2e-06,0.3,0.0005,True
lr5e-6_dr0.5_wd5e-4_focal_focal_focal,97,5e-06,0.5,0.0005,72.99,69.85,3.14,1,2025-08-13 01:46:41,.,5e-06,0.5,0.0005,True
lr5e-6_dr0.5_wd2e-3,20,5e-06,0.5,0.002,60.77,64.85,-4.08,0,2025-08-13 01:46:57,.,5e-06,0.5,0.002,False
lr5e-6_dr0.5_wd5e-4,48,5e-06,0.5,0.0005,67.94,68.08,-0.14,0,2025-08-13 01:47:02,.,5e-06,0.5,0.0005,False
lr5e-6_dr0.5_wd2e-3_focal_focal_focal,53,5e-06,0.5,0.002,61.21,68.06,-6.85,1,2025-08-13 01:47:13,.,5e-06,0.5,0.002,True
lr2e-6_dr0.3_wd5e-4_focal_focal_focal,12,2e-06,0.3,0.0005,56.12,60.11,-3.99,1,2025-08-13 01:47:38,.,2e-06,0.3,0.0005,True
lr5e-6_dr0.4_wd2e-3,65,5e-06,0.4,0.002,69.98,67.82,2.16,0,2025-08-13 01:48:12,.,5e-06,0.4,0.002,False
lr5e-6_dr0.5_wd1e-3_focal_focal_focal,39,5e-06,0.5,0.001,61.46,67.19,-5.74,1,2025-08-13 01:48:35,.,5e-06,0.5,0.001,True
lr5e-6_dr0.5_wd1e-3,37,5e-06,0.5,0.001,66.72,67.74,-1.02,0,2025-08-13 01:48:36,.,5e-06,0.5,0.001,False
lr5e-6_dr0.5_wd5e-4_focal_focal_focal,98,5e-06,0.5,0.0005,73.19,69.17,4.03,1,2025-08-13 01:48:40,.,5e-06,0.5,0.0005,True
lr5e-6_dr0.5_wd2e-3,21,5e-06,0.5,0.002,60.91,64.89,-3.99,0,2025-08-13 01:48:59,.,5e-06,0.5,0.002,False
lr5e-6_dr0.5_wd2e-3_focal_focal_focal,54,5e-06,0.5,0.002,61.54,67.88,-6.34,1,2025-08-13 01:49:14,.,5e-06,0.5,0.002,True
lr2e-6_dr0.3_wd5e-4_focal_focal_focal,13,2e-06,0.3,0.0005,56.58,60.41,-3.83,1,2025-08-13 01:49:39,.,2e-06,0.3,0.0005,True
lr5e-6_dr0.5_wd5e-4_focal_focal_focal,99,5e-06,0.5,0.0005,73.63,69.71,3.91,1,2025-08-13 01:50:38,.,5e-06,0.5,0.0005,True
lr5e-6_dr0.5_wd5e-4,49,5e-06,0.5,0.0005,68.07,68.6,-0.53,0,2025-08-13 01:50:43,.,5e-06,0.5,0.0005,False
lr5e-6_dr0.5_wd2e-3,22,5e-06,0.5,0.002,61.07,64.85,-3.78,0,2025-08-13 01:51:00,.,5e-06,0.5,0.002,False
lr5e-6_dr0.5_wd2e-3_focal_focal_focal,55,5e-06,0.5,0.002,61.94,68.06,-6.12,1,2025-08-13 01:51:14,.,5e-06,0.5,0.002,True
lr2e-6_dr0.3_wd5e-4_focal_focal_focal,14,2e-06,0.3,0.0005,56.04,60.07,-4.03,1,2025-08-13 01:51:41,.,2e-06,0.3,0.0005,True
lr5e-6_dr0.4_wd2e-3,66,5e-06,0.4,0.002,70.6,68.04,2.56,0,2025-08-13 01:51:51,.,5e-06,0.4,0.002,False
lr5e-6_dr0.5_wd1e-3_focal_focal_focal,40,5e-06,0.5,0.001,61.05,65.58,-4.53,1,2025-08-13 01:52:14,.,5e-06,0.5,0.001,True
lr5e-6_dr0.5_wd1e-3,38,5e-06,0.5,0.001,66.95,68.89,-1.94,0,2025-08-13 01:52:18,.,5e-06,0.5,0.001,False
lr5e-6_dr0.5_wd5e-4_focal_focal_focal,100,5e-06,0.5,0.0005,74.07,69.19,4.88,1,2025-08-13 01:52:37,.,5e-06,0.5,0.0005,True
lr5e-6_dr0.5_wd2e-3,23,5e-06,0.5,0.002,61.79,65.17,-3.38,0,2025-08-13 01:52:59,.,5e-06,0.5,0.002,False
lr5e-6_dr0.5_wd2e-3_focal_focal_focal,56,5e-06,0.5,0.002,61.39,67.76,-6.37,1,2025-08-13 01:53:16,.,5e-06,0.5,0.002,True
lr2e-6_dr0.3_wd5e-4_focal_focal_focal,15,2e-06,0.3,0.0005,56.81,60.45,-3.64,1,2025-08-13 01:53:41,.,2e-06,0.3,0.0005,True
lr5e-6_dr0.5_wd5e-4,50,5e-06,0.5,0.0005,68.26,68.85,-0.59,0,2025-08-13 01:54:22,.,5e-06,0.5,0.0005,False
lr5e-6_dr0.5_wd5e-4_focal_focal_focal,101,5e-06,0.5,0.0005,74.66,69.92,4.75,1,2025-08-13 01:54:35,.,5e-06,0.5,0.0005,True
lr5e-6_dr0.5_wd2e-3,24,5e-06,0.5,0.002,61.59,64.55,-2.96,0,2025-08-13 01:55:00,.,5e-06,0.5,0.002,False
lr5e-6_dr0.5_wd2e-3_focal_focal_focal,57,5e-06,0.5,0.002,61.53,67.88,-6.35,1,2025-08-13 01:55:15,.,5e-06,0.5,0.002,True
lr5e-6_dr0.4_wd2e-3,67,5e-06,0.4,0.002,71.26,68.87,2.39,0,2025-08-13 01:55:30,.,5e-06,0.4,0.002,False
lr2e-6_dr0.3_wd5e-4_focal_focal_focal,16,2e-06,0.3,0.0005,55.96,60.63,-4.68,1,2025-08-13 01:55:43,.,2e-06,0.3,0.0005,True
lr5e-6_dr0.5_wd1e-3_focal_focal_focal,41,5e-06,0.5,0.001,61.99,65.92,-3.93,1,2025-08-13 01:55:51,.,5e-06,0.5,0.001,True
lr5e-6_dr0.5_wd1e-3,39,5e-06,0.5,0.001,67.27,68.81,-1.54,0,2025-08-13 01:56:01,.,5e-06,0.5,0.001,False
lr5e-6_dr0.5_wd5e-4_focal_focal_focal,102,5e-06,0.5,0.0005,75.67,69.33,6.34,1,2025-08-13 01:56:35,.,5e-06,0.5,0.0005,True
lr5e-6_dr0.5_wd2e-3,25,5e-06,0.5,0.002,62.32,64.61,-2.29,0,2025-08-13 01:56:59,.,5e-06,0.5,0.002,False
lr5e-6_dr0.5_wd2e-3_focal_focal_focal,58,5e-06,0.5,0.002,61.18,67.35,-6.17,1,2025-08-13 01:57:16,.,5e-06,0.5,0.002,True
lr2e-6_dr0.3_wd5e-4_focal_focal_focal,17,2e-06,0.3,0.0005,56.77,60.27,-3.5,1,2025-08-13 01:57:45,.,2e-06,0.3,0.0005,True
lr5e-6_dr0.5_wd5e-4,51,5e-06,0.5,0.0005,68.17,68.56,-0.39,0,2025-08-13 01:58:01,.,5e-06,0.5,0.0005,False
lr5e-6_dr0.5_wd5e-4_focal_focal_focal,103,5e-06,0.5,0.0005,75.51,69.39,6.12,1,2025-08-13 01:58:34,.,5e-06,0.5,0.0005,True
lr5e-6_dr0.5_wd2e-3,26,5e-06,0.5,0.002,62.07,66.79,-4.72,0,2025-08-13 01:58:59,.,5e-06,0.5,0.002,False
lr5e-6_dr0.5_wd2e-3_focal_focal_focal,59,5e-06,0.5,0.002,61.24,67.86,-6.62,1,2025-08-13 01:59:15,.,5e-06,0.5,0.002,True
lr5e-6_dr0.5_wd1e-3_focal_focal_focal,42,5e-06,0.5,0.001,62.21,65.78,-3.57,1,2025-08-13 01:59:30,.,5e-06,0.5,0.001,True
lr2e-6_dr0.3_wd5e-4_focal_focal_focal,18,2e-06,0.3,0.0005,56.8,60.51,-3.71,1,2025-08-13 01:59:44,.,2e-06,0.3,0.0005,True
lr5e-6_dr0.5_wd1e-3,40,5e-06,0.5,0.001,67.51,68.89,-1.38,0,2025-08-13 01:59:45,.,5e-06,0.5,0.001,False
lr5e-6_dr0.5_wd5e-4_focal_focal_focal,104,5e-06,0.5,0.0005,75.93,69.43,6.5,1,2025-08-13 02:00:33,.,5e-06,0.5,0.0005,True
lr2e-6_dr0.3_wd5e-4,1,2e-06,0.3,0.0005,53.75,58.82,-5.06,0,2025-08-13 02:00:39,.,2e-06,0.3,0.0005,False
lr5e-6_dr0.5_wd2e-3,27,5e-06,0.5,0.002,62.65,66.49,-3.83,0,2025-08-13 02:01:01,.,5e-06,0.5,0.002,False
lr5e-6_dr0.5_wd2e-3_focal_focal_focal,60,5e-06,0.5,0.002,61.24,67.19,-5.95,1,2025-08-13 02:01:17,.,5e-06,0.5,0.002,True
lr5e-6_dr0.5_wd5e-4,52,5e-06,0.5,0.0005,67.85,69.27,-1.42,0,2025-08-13 02:01:41,.,5e-06,0.5,0.0005,False
lr2e-6_dr0.3_wd5e-4_focal_focal_focal,19,2e-06,0.3,0.0005,55.71,60.47,-4.77,1,2025-08-13 02:01:45,.,2e-06,0.3,0.0005,True
lr5e-6_dr0.5_wd5e-4_focal_focal_focal,105,5e-06,0.5,0.0005,76.16,69.65,6.51,1,2025-08-13 02:02:32,.,5e-06,0.5,0.0005,True
lr5e-6_dr0.5_wd2e-3,28,5e-06,0.5,0.002,63.01,66.24,-3.23,0,2025-08-13 02:03:02,.,5e-06,0.5,0.002,False
lr5e-6_dr0.5_wd1e-3_focal_focal_focal,43,5e-06,0.5,0.001,62.26,67.21,-4.95,1,2025-08-13 02:03:09,.,5e-06,0.5,0.001,True
lr5e-6_dr0.5_wd2e-3_focal_focal_focal,61,5e-06,0.5,0.002,61.86,66.65,-4.79,1,2025-08-13 02:03:16,.,5e-06,0.5,0.002,True
lr5e-6_dr0.5_wd1e-3,41,5e-06,0.5,0.001,67.74,68.58,-0.85,0,2025-08-13 02:03:28,.,5e-06,0.5,0.001,False
lr2e-6_dr0.3_wd5e-4_focal_focal_focal,20,2e-06,0.3,0.0005,56.5,60.57,-4.07,1,2025-08-13 02:03:44,.,2e-06,0.3,0.0005,True
lr2e-6_dr0.3_wd5e-4,2,2e-06,0.3,0.0005,56.65,60.17,-3.52,0,2025-08-13 02:04:22,.,2e-06,0.3,0.0005,False
lr5e-6_dr0.5_wd5e-4_focal_focal_focal,106,5e-06,0.5,0.0005,76.17,68.48,7.69,1,2025-08-13 02:04:32,.,5e-06,0.5,0.0005,True
lr5e-6_dr0.5_wd2e-3,29,5e-06,0.5,0.002,63.25,67.13,-3.88,0,2025-08-13 02:05:02,.,5e-06,0.5,0.002,False
lr5e-6_dr0.5_wd2e-3_focal_focal_focal,62,5e-06,0.5,0.002,61.7,67.55,-5.85,1,2025-08-13 02:05:16,.,5e-06,0.5,0.002,True
lr5e-6_dr0.5_wd5e-4,53,5e-06,0.5,0.0005,68.87,68.42,0.45,0,2025-08-13 02:05:23,.,5e-06,0.5,0.0005,False
lr2e-6_dr0.3_wd5e-4_focal_focal_focal,21,2e-06,0.3,0.0005,56.28,61.12,-4.84,1,2025-08-13 02:05:44,.,2e-06,0.3,0.0005,True
lr5e-6_dr0.5_wd5e-4_focal_focal_focal,107,5e-06,0.5,0.0005,76.49,68.87,7.62,1,2025-08-13 02:06:29,.,5e-06,0.5,0.0005,True
lr5e-6_dr0.5_wd1e-3_focal_focal_focal,44,5e-06,0.5,0.001,62.1,66.91,-4.81,1,2025-08-13 02:06:48,.,5e-06,0.5,0.001,True
lr5e-6_dr0.5_wd2e-3,30,5e-06,0.5,0.002,63.29,67.23,-3.94,0,2025-08-13 02:07:03,.,5e-06,0.5,0.002,False
lr5e-6_dr0.5_wd1e-3,42,5e-06,0.5,0.001,67.97,68.89,-0.91,0,2025-08-13 02:07:11,.,5e-06,0.5,0.001,False
lr5e-6_dr0.5_wd2e-3_focal_focal_focal,63,5e-06,0.5,0.002,61.34,67.78,-6.43,1,2025-08-13 02:07:16,.,5e-06,0.5,0.002,True
lr2e-6_dr0.3_wd5e-4_focal_focal_focal,22,2e-06,0.3,0.0005,56.66,59.54,-2.88,1,2025-08-13 02:07:46,.,2e-06,0.3,0.0005,True
lr2e-6_dr0.3_wd5e-4,3,2e-06,0.3,0.0005,57.6,61.3,-3.7,0,2025-08-13 02:08:05,.,2e-06,0.3,0.0005,False
lr5e-6_dr0.5_wd5e-4_focal_focal_focal,108,5e-06,0.5,0.0005,77.35,69.29,8.06,1,2025-08-13 02:08:26,.,5e-06,0.5,0.0005,True
lr5e-6_dr0.5_wd5e-4,54,5e-06,0.5,0.0005,68.43,67.82,0.61,0,2025-08-13 02:09:03,.,5e-06,0.5,0.0005,False
lr5e-6_dr0.5_wd2e-3,31,5e-06,0.5,0.002,64.07,67.31,-3.24,0,2025-08-13 02:09:04,.,5e-06,0.5,0.002,False
lr5e-6_dr0.5_wd2e-3_focal_focal_focal,64,5e-06,0.5,0.002,61.89,68.14,-6.24,1,2025-08-13 02:09:17,.,5e-06,0.5,0.002,True
lr2e-6_dr0.3_wd5e-4_focal_focal_focal,23,2e-06,0.3,0.0005,56.82,60.88,-4.06,1,2025-08-13 02:09:46,.,2e-06,0.3,0.0005,True
lr5e-6_dr0.5_wd5e-4_focal_focal_focal,109,5e-06,0.5,0.0005,77.68,69.09,8.59,1,2025-08-13 02:10:24,.,5e-06,0.5,0.0005,True
lr5e-6_dr0.5_wd1e-3_focal_focal_focal,45,5e-06,0.5,0.001,62.65,67.64,-4.99,1,2025-08-13 02:10:27,.,5e-06,0.5,0.001,True
lr5e-6_dr0.5_wd1e-3,43,5e-06,0.5,0.001,68.33,69.29,-0.96,0,2025-08-13 02:10:53,.,5e-06,0.5,0.001,False
lr5e-6_dr0.5_wd2e-3,32,5e-06,0.5,0.002,63.85,67.68,-3.83,0,2025-08-13 02:11:04,.,5e-06,0.5,0.002,False
lr5e-6_dr0.5_wd2e-3_focal_focal_focal,65,5e-06,0.5,0.002,61.84,68.56,-6.72,1,2025-08-13 02:11:19,.,5e-06,0.5,0.002,True
lr2e-6_dr0.3_wd5e-4_focal_focal_focal,24,2e-06,0.3,0.0005,57.07,59.81,-2.74,1,2025-08-13 02:11:47,.,2e-06,0.3,0.0005,True
lr2e-6_dr0.3_wd5e-4,4,2e-06,0.3,0.0005,58.2,61.62,-3.43,0,2025-08-13 02:11:47,.,2e-06,0.3,0.0005,False
lr5e-6_dr0.5_wd5e-4_focal_focal_focal,110,5e-06,0.5,0.0005,78.29,69.39,8.9,1,2025-08-13 02:12:21,.,5e-06,0.5,0.0005,True
lr5e-6_dr0.5_wd5e-4,55,5e-06,0.5,0.0005,68.89,68.91,-0.02,0,2025-08-13 02:12:43,.,5e-06,0.5,0.0005,False
lr5e-6_dr0.5_wd2e-3,33,5e-06,0.5,0.002,64.05,66.65,-2.6,0,2025-08-13 02:13:05,.,5e-06,0.5,0.002,False
lr5e-6_dr0.5_wd2e-3_focal_focal_focal,66,5e-06,0.5,0.002,62.68,68.42,-5.75,1,2025-08-13 02:13:20,.,5e-06,0.5,0.002,True
lr2e-6_dr0.3_wd5e-4_focal_focal_focal,25,2e-06,0.3,0.0005,57.47,60.67,-3.2,1,2025-08-13 02:13:46,.,2e-06,0.3,0.0005,True
lr5e-6_dr0.5_wd1e-3_focal_focal_focal,46,5e-06,0.5,0.001,62.84,65.6,-2.76,1,2025-08-13 02:14:06,.,5e-06,0.5,0.001,True
lr5e-6_dr0.5_wd5e-4_focal_focal_focal,111,5e-06,0.5,0.0005,78.61,68.89,9.73,1,2025-08-13 02:14:19,.,5e-06,0.5,0.0005,True
lr5e-6_dr0.5_wd1e-3,44,5e-06,0.5,0.001,68.81,67.96,0.85,0,2025-08-13 02:14:36,.,5e-06,0.5,0.001,False
lr5e-6_dr0.5_wd2e-3,34,5e-06,0.5,0.002,64.52,67.74,-3.21,0,2025-08-13 02:15:04,.,5e-06,0.5,0.002,False
lr5e-6_dr0.5_wd2e-3_focal_focal_focal,67,5e-06,0.5,0.002,62.22,68.58,-6.36,1,2025-08-13 02:15:21,.,5e-06,0.5,0.002,True
lr2e-6_dr0.3_wd5e-4,5,2e-06,0.3,0.0005,58.82,61.86,-3.05,0,2025-08-13 02:15:31,.,2e-06,0.3,0.0005,False
lr2e-6_dr0.3_wd5e-4_focal_focal_focal,26,2e-06,0.3,0.0005,57.2,61.68,-4.48,1,2025-08-13 02:15:48,.,2e-06,0.3,0.0005,True
lr5e-6_dr0.5_wd5e-4_focal_focal_focal,112,5e-06,0.5,0.0005,78.51,69.45,9.06,1,2025-08-13 02:16:17,.,5e-06,0.5,0.0005,True
lr5e-6_dr0.5_wd5e-4,56,5e-06,0.5,0.0005,68.75,68.77,-0.02,0,2025-08-13 02:16:23,.,5e-06,0.5,0.0005,False
lr5e-6_dr0.5_wd2e-3,35,5e-06,0.5,0.002,64.64,67.66,-3.02,0,2025-08-13 02:17:05,.,5e-06,0.5,0.002,False
lr5e-6_dr0.5_wd2e-3_focal_focal_focal,68,5e-06,0.5,0.002,62.51,68.32,-5.81,1,2025-08-13 02:17:22,.,5e-06,0.5,0.002,True
lr5e-6_dr0.5_wd1e-3_focal_focal_focal,47,5e-06,0.5,0.001,62.21,68.36,-6.15,1,2025-08-13 02:17:44,.,5e-06,0.5,0.001,True
lr2e-6_dr0.3_wd5e-4_focal_focal_focal,27,2e-06,0.3,0.0005,57.32,62.09,-4.77,1,2025-08-13 02:17:50,.,2e-06,0.3,0.0005,True
lr5e-6_dr0.5_wd5e-4_focal_focal_focal,113,5e-06,0.5,0.0005,79.15,69.13,10.02,1,2025-08-13 02:18:15,.,5e-06,0.5,0.0005,True
lr5e-6_dr0.5_wd1e-3,45,5e-06,0.5,0.001,68.86,69.29,-0.43,0,2025-08-13 02:18:18,.,5e-06,0.5,0.001,False
lr5e-6_dr0.5_wd2e-3,36,5e-06,0.5,0.002,64.67,68.12,-3.45,0,2025-08-13 02:19:06,.,5e-06,0.5,0.002,False
lr2e-6_dr0.3_wd5e-4,6,2e-06,0.3,0.0005,58.99,62.35,-3.35,0,2025-08-13 02:19:13,.,2e-06,0.3,0.0005,False
lr5e-6_dr0.5_wd2e-3_focal_focal_focal,69,5e-06,0.5,0.002,62.84,68.52,-5.69,1,2025-08-13 02:19:24,.,5e-06,0.5,0.002,True
lr2e-6_dr0.3_wd5e-4_focal_focal_focal,28,2e-06,0.3,0.0005,57.18,62.05,-4.86,1,2025-08-13 02:19:51,.,2e-06,0.3,0.0005,True
lr5e-6_dr0.5_wd5e-4,57,5e-06,0.5,0.0005,68.72,69.27,-0.54,0,2025-08-13 02:20:02,.,5e-06,0.5,0.0005,False
lr5e-6_dr0.5_wd5e-4_focal_focal_focal,114,5e-06,0.5,0.0005,79.36,69.15,10.21,1,2025-08-13 02:20:13,.,5e-06,0.5,0.0005,True
lr5e-6_dr0.5_wd2e-3,37,5e-06,0.5,0.002,65.31,68.42,-3.11,0,2025-08-13 02:21:06,.,5e-06,0.5,0.002,False
lr5e-6_dr0.5_wd1e-3_focal_focal_focal,48,5e-06,0.5,0.001,62.85,68.06,-5.21,1,2025-08-13 02:21:23,.,5e-06,0.5,0.001,True
lr5e-6_dr0.5_wd2e-3_focal_focal_focal,70,5e-06,0.5,0.002,63.06,68.77,-5.71,1,2025-08-13 02:21:25,.,5e-06,0.5,0.002,True
lr2e-6_dr0.3_wd5e-4_focal_focal_focal,29,2e-06,0.3,0.0005,57.5,61.34,-3.84,1,2025-08-13 02:21:53,.,2e-06,0.3,0.0005,True
lr5e-6_dr0.5_wd1e-3,46,5e-06,0.5,0.001,69.45,69.39,0.06,0,2025-08-13 02:22:00,.,5e-06,0.5,0.001,False
lr5e-6_dr0.5_wd5e-4_focal_focal_focal,115,5e-06,0.5,0.0005,79.54,69.05,10.49,1,2025-08-13 02:22:11,.,5e-06,0.5,0.0005,True
lr2e-6_dr0.3_wd5e-4,7,2e-06,0.3,0.0005,59.03,63.22,-4.18,0,2025-08-13 02:22:56,.,2e-06,0.3,0.0005,False
lr5e-6_dr0.5_wd2e-3,38,5e-06,0.5,0.002,65.01,68.54,-3.53,0,2025-08-13 02:23:08,.,5e-06,0.5,0.002,False
lr5e-6_dr0.5_wd2e-3_focal_focal_focal,71,5e-06,0.5,0.002,63.26,68.46,-5.2,1,2025-08-13 02:23:28,.,5e-06,0.5,0.002,True
lr5e-6_dr0.5_wd5e-4,58,5e-06,0.5,0.0005,69.06,68.42,0.64,0,2025-08-13 02:23:41,.,5e-06,0.5,0.0005,False
lr2e-6_dr0.3_wd5e-4_focal_focal_focal,30,2e-06,0.3,0.0005,57.1,61.97,-4.87,1,2025-08-13 02:23:53,.,2e-06,0.3,0.0005,True
lr5e-6_dr0.5_wd5e-4_focal_focal_focal,116,5e-06,0.5,0.0005,79.51,69.01,10.5,1,2025-08-13 02:24:09,.,5e-06,0.5,0.0005,True
lr5e-6_dr0.5_wd1e-3_focal_focal_focal,49,5e-06,0.5,0.001,62.75,66.57,-3.81,1,2025-08-13 02:25:02,.,5e-06,0.5,0.001,True
lr5e-6_dr0.5_wd2e-3,39,5e-06,0.5,0.002,65.43,68.4,-2.97,0,2025-08-13 02:25:09,.,5e-06,0.5,0.002,False
lr5e-6_dr0.5_wd2e-3_focal_focal_focal,72,5e-06,0.5,0.002,63.39,68.81,-5.42,1,2025-08-13 02:25:28,.,5e-06,0.5,0.002,True
lr5e-6_dr0.5_wd1e-3,47,5e-06,0.5,0.001,69.39,69.61,-0.22,0,2025-08-13 02:25:44,.,5e-06,0.5,0.001,False
lr2e-6_dr0.3_wd5e-4_focal_focal_focal,31,2e-06,0.3,0.0005,58.45,61.82,-3.37,1,2025-08-13 02:25:52,.,2e-06,0.3,0.0005,True
lr5e-6_dr0.5_wd5e-4_focal_focal_focal,117,5e-06,0.5,0.0005,79.95,69.39,10.56,1,2025-08-13 02:26:07,.,5e-06,0.5,0.0005,True
lr2e-6_dr0.3_wd5e-4,8,2e-06,0.3,0.0005,59.46,63.72,-4.26,0,2025-08-13 02:26:38,.,2e-06,0.3,0.0005,False
lr5e-6_dr0.5_wd2e-3,40,5e-06,0.5,0.002,65.77,68.18,-2.41,0,2025-08-13 02:27:09,.,5e-06,0.5,0.002,False
lr5e-6_dr0.5_wd5e-4,59,5e-06,0.5,0.0005,69.33,69.05,0.28,0,2025-08-13 02:27:21,.,5e-06,0.5,0.0005,False
lr5e-6_dr0.5_wd2e-3_focal_focal_focal,73,5e-06,0.5,0.002,63.86,69.43,-5.57,1,2025-08-13 02:27:30,.,5e-06,0.5,0.002,True
lr2e-6_dr0.3_wd5e-4_focal_focal_focal,32,2e-06,0.3,0.0005,58.03,62.23,-4.2,1,2025-08-13 02:27:54,.,2e-06,0.3,0.0005,True
lr5e-6_dr0.5_wd5e-4_focal_focal_focal,118,5e-06,0.5,0.0005,80.58,69.31,11.27,1,2025-08-13 02:28:04,.,5e-06,0.5,0.0005,True
lr5e-6_dr0.5_wd1e-3_focal_focal_focal,50,5e-06,0.5,0.001,63.34,67.8,-4.46,1,2025-08-13 02:28:39,.,5e-06,0.5,0.001,True
lr5e-6_dr0.5_wd2e-3,41,5e-06,0.5,0.002,65.81,69.11,-3.29,0,2025-08-13 02:29:10,.,5e-06,0.5,0.002,False
lr5e-6_dr0.5_wd1e-3,48,5e-06,0.5,0.001,69.34,68.74,0.6,0,2025-08-13 02:29:27,.,5e-06,0.5,0.001,False
lr5e-6_dr0.5_wd2e-3_focal_focal_focal,74,5e-06,0.5,0.002,63.87,68.89,-5.02,1,2025-08-13 02:29:32,.,5e-06,0.5,0.002,True
lr2e-6_dr0.3_wd5e-4_focal_focal_focal,33,2e-06,0.3,0.0005,58.71,62.15,-3.44,1,2025-08-13 02:29:56,.,2e-06,0.3,0.0005,True
lr5e-6_dr0.5_wd5e-4_focal_focal_focal,119,5e-06,0.5,0.0005,80.36,69.59,10.76,1,2025-08-13 02:30:02,.,5e-06,0.5,0.0005,True
lr2e-6_dr0.3_wd5e-4,9,2e-06,0.3,0.0005,59.71,63.62,-3.91,0,2025-08-13 02:30:21,.,2e-06,0.3,0.0005,False
lr5e-6_dr0.5_wd5e-4,60,5e-06,0.5,0.0005,69.28,68.44,0.84,0,2025-08-13 02:31:00,.,5e-06,0.5,0.0005,False
lr5e-6_dr0.5_wd2e-3,42,5e-06,0.5,0.002,66.32,69.05,-2.73,0,2025-08-13 02:31:11,.,5e-06,0.5,0.002,False
lr5e-6_dr0.5_wd2e-3_focal_focal_focal,75,5e-06,0.5,0.002,64.61,69.37,-4.76,1,2025-08-13 02:31:33,.,5e-06,0.5,0.002,True
lr2e-6_dr0.3_wd5e-4_focal_focal_focal,34,2e-06,0.3,0.0005,57.66,62.53,-4.87,1,2025-08-13 02:31:58,.,2e-06,0.3,0.0005,True
lr5e-6_dr0.5_wd5e-4_focal_focal_focal,120,5e-06,0.5,0.0005,80.61,69.19,11.43,1,2025-08-13 02:31:59,.,5e-06,0.5,0.0005,True
lr5e-6_dr0.5_wd1e-3_focal_focal_focal,51,5e-06,0.5,0.001,63.58,67.66,-4.08,1,2025-08-13 02:32:16,.,5e-06,0.5,0.001,True
lr5e-6_dr0.5_wd1e-3,49,5e-06,0.5,0.001,69.43,69.07,0.36,0,2025-08-13 02:33:10,.,5e-06,0.5,0.001,False
lr5e-6_dr0.5_wd2e-3,43,5e-06,0.5,0.002,66.29,69.03,-2.74,0,2025-08-13 02:33:11,.,5e-06,0.5,0.002,False
lr5e-6_dr0.5_wd2e-3_focal_focal_focal,76,5e-06,0.5,0.002,64.73,69.23,-4.49,1,2025-08-13 02:33:31,.,5e-06,0.5,0.002,True
lr2e-6_dr0.3_wd5e-4_focal_focal_focal,35,2e-06,0.3,0.0005,58.35,62.79,-4.44,1,2025-08-13 02:33:58,.,2e-06,0.3,0.0005,True
lr2e-6_dr0.3_wd5e-4,10,2e-06,0.3,0.0005,59.9,63.7,-3.8,0,2025-08-13 02:34:04,.,2e-06,0.3,0.0005,False
lr2e-6_dr0.3_wd1e-3_focal_focal_focal,1,2e-06,0.3,0.001,52.37,55.99,-3.62,1,2025-08-13 02:34:30,.,2e-06,0.3,0.001,True
lr5e-6_dr0.5_wd5e-4,61,5e-06,0.5,0.0005,68.34,68.56,-0.23,0,2025-08-13 02:34:39,.,5e-06,0.5,0.0005,False
lr5e-6_dr0.5_wd2e-3,44,5e-06,0.5,0.002,66.64,69.13,-2.49,0,2025-08-13 02:35:10,.,5e-06,0.5,0.002,False
lr5e-6_dr0.5_wd2e-3_focal_focal_focal,77,5e-06,0.5,0.002,64.78,68.97,-4.19,1,2025-08-13 02:35:32,.,5e-06,0.5,0.002,True
lr5e-6_dr0.5_wd1e-3_focal_focal_focal,52,5e-06,0.5,0.001,63.16,66.79,-3.63,1,2025-08-13 02:35:53,.,5e-06,0.5,0.001,True
lr2e-6_dr0.3_wd5e-4_focal_focal_focal,36,2e-06,0.3,0.0005,58.44,62.83,-4.39,1,2025-08-13 02:35:59,.,2e-06,0.3,0.0005,True
lr2e-6_dr0.3_wd1e-3_focal_focal_focal,2,2e-06,0.3,0.001,53.99,58.62,-4.63,1,2025-08-13 02:36:31,.,2e-06,0.3,0.001,True
lr5e-6_dr0.5_wd1e-3,50,5e-06,0.5,0.001,69.86,68.93,0.93,0,2025-08-13 02:36:52,.,5e-06,0.5,0.001,False
lr5e-6_dr0.5_wd2e-3,45,5e-06,0.5,0.002,66.7,68.3,-1.6,0,2025-08-13 02:37:11,.,5e-06,0.5,0.002,False
lr5e-6_dr0.5_wd2e-3_focal_focal_focal,78,5e-06,0.5,0.002,65.26,68.62,-3.36,1,2025-08-13 02:37:32,.,5e-06,0.5,0.002,True
lr2e-6_dr0.3_wd5e-4,11,2e-06,0.3,0.0005,60.51,64.04,-3.54,0,2025-08-13 02:37:46,.,2e-06,0.3,0.0005,False
lr2e-6_dr0.3_wd5e-4_focal_focal_focal,37,2e-06,0.3,0.0005,59.0,62.63,-3.63,1,2025-08-13 02:38:00,.,2e-06,0.3,0.0005,True
lr5e-6_dr0.5_wd5e-4,62,5e-06,0.5,0.0005,68.18,68.0,0.18,0,2025-08-13 02:38:19,.,5e-06,0.5,0.0005,False
lr2e-6_dr0.3_wd1e-3_focal_focal_focal,3,2e-06,0.3,0.001,54.76,57.93,-3.17,1,2025-08-13 02:38:33,.,2e-06,0.3,0.001,True
lr5e-6_dr0.5_wd2e-3,46,5e-06,0.5,0.002,66.97,69.45,-2.48,0,2025-08-13 02:39:10,.,5e-06,0.5,0.002,False
lr5e-6_dr0.5_wd1e-3_focal_focal_focal,53,5e-06,0.5,0.001,63.26,68.18,-4.92,1,2025-08-13 02:39:31,.,5e-06,0.5,0.001,True
lr5e-6_dr0.5_wd2e-3_focal_focal_focal,79,5e-06,0.5,0.002,65.69,68.66,-2.97,1,2025-08-13 02:39:31,.,5e-06,0.5,0.002,True
lr2e-6_dr0.3_wd5e-4_focal_focal_focal,38,2e-06,0.3,0.0005,58.58,63.7,-5.13,1,2025-08-13 02:40:02,.,2e-06,0.3,0.0005,True
lr2e-6_dr0.3_wd1e-3_focal_focal_focal,4,2e-06,0.3,0.001,54.86,59.2,-4.34,1,2025-08-13 02:40:33,.,2e-06,0.3,0.001,True
lr5e-6_dr0.5_wd1e-3,51,5e-06,0.5,0.001,70.18,69.05,1.13,0,2025-08-13 02:40:34,.,5e-06,0.5,0.001,False
lr5e-6_dr0.5_wd2e-3,47,5e-06,0.5,0.002,67.26,69.15,-1.89,0,2025-08-13 02:41:11,.,5e-06,0.5,0.002,False
lr2e-6_dr0.3_wd5e-4,12,2e-06,0.3,0.0005,59.97,63.72,-3.75,0,2025-08-13 02:41:29,.,2e-06,0.3,0.0005,False
lr5e-6_dr0.5_wd2e-3_focal_focal_focal,80,5e-06,0.5,0.002,65.3,69.27,-3.97,1,2025-08-13 02:41:30,.,5e-06,0.5,0.002,True
lr5e-6_dr0.5_wd5e-4,63,5e-06,0.5,0.0005,68.3,67.64,0.67,0,2025-08-13 02:41:58,.,5e-06,0.5,0.0005,False
lr2e-6_dr0.3_wd5e-4_focal_focal_focal,39,2e-06,0.3,0.0005,58.96,63.12,-4.16,1,2025-08-13 02:42:03,.,2e-06,0.3,0.0005,True
lr2e-6_dr0.3_wd1e-3_focal_focal_focal,5,2e-06,0.3,0.001,55.77,59.91,-4.14,1,2025-08-13 02:42:34,.,2e-06,0.3,0.001,True
lr5e-6_dr0.5_wd1e-3_focal_focal_focal,54,5e-06,0.5,0.001,63.09,67.84,-4.75,1,2025-08-13 02:43:10,.,5e-06,0.5,0.001,True
lr5e-6_dr0.5_wd2e-3,48,5e-06,0.5,0.002,66.99,69.05,-2.06,0,2025-08-13 02:43:12,.,5e-06,0.5,0.002,False
lr5e-6_dr0.5_wd2e-3_focal_focal_focal,81,5e-06,0.5,0.002,66.34,68.48,-2.14,1,2025-08-13 02:43:31,.,5e-06,0.5,0.002,True
lr2e-6_dr0.3_wd5e-4_focal_focal_focal,40,2e-06,0.3,0.0005,58.98,63.64,-4.66,1,2025-08-13 02:44:05,.,2e-06,0.3,0.0005,True
lr5e-6_dr0.5_wd1e-3,52,5e-06,0.5,0.001,69.51,69.92,-0.4,0,2025-08-13 02:44:16,.,5e-06,0.5,0.001,False
lr2e-6_dr0.3_wd1e-3_focal_focal_focal,6,2e-06,0.3,0.001,55.63,59.62,-3.99,1,2025-08-13 02:44:36,.,2e-06,0.3,0.001,True
lr5e-6_dr0.5_wd2e-3,49,5e-06,0.5,0.002,67.25,69.13,-1.88,0,2025-08-13 02:45:11,.,5e-06,0.5,0.002,False
lr2e-6_dr0.3_wd5e-4,13,2e-06,0.3,0.0005,60.96,63.7,-2.74,0,2025-08-13 02:45:13,.,2e-06,0.3,0.0005,False
lr5e-6_dr0.5_wd2e-3_focal_focal_focal,82,5e-06,0.5,0.002,66.3,69.87,-3.58,1,2025-08-13 02:45:30,.,5e-06,0.5,0.002,True
lr5e-6_dr0.5_wd5e-4,64,5e-06,0.5,0.0005,68.72,67.84,0.89,0,2025-08-13 02:45:38,.,5e-06,0.5,0.0005,False
lr2e-6_dr0.3_wd5e-4_focal_focal_focal,41,2e-06,0.3,0.0005,59.17,63.98,-4.81,1,2025-08-13 02:46:07,.,2e-06,0.3,0.0005,True
lr2e-6_dr0.3_wd1e-3_focal_focal_focal,7,2e-06,0.3,0.001,55.73,60.07,-4.34,1,2025-08-13 02:46:37,.,2e-06,0.3,0.001,True
lr5e-6_dr0.5_wd1e-3_focal_focal_focal,55,5e-06,0.5,0.001,63.67,67.68,-4.01,1,2025-08-13 02:46:47,.,5e-06,0.5,0.001,True
lr5e-6_dr0.5_wd2e-3,50,5e-06,0.5,0.002,67.15,69.03,-1.88,0,2025-08-13 02:47:10,.,5e-06,0.5,0.002,False
lr5e-6_dr0.5_wd2e-3_focal_focal_focal,83,5e-06,0.5,0.002,66.11,70.18,-4.07,1,2025-08-13 02:47:32,.,5e-06,0.5,0.002,True
lr5e-6_dr0.5_wd1e-3,53,5e-06,0.5,0.001,69.98,69.71,0.26,0,2025-08-13 02:47:59,.,5e-06,0.5,0.001,False
lr2e-6_dr0.3_wd5e-4_focal_focal_focal,42,2e-06,0.3,0.0005,59.48,63.5,-4.02,1,2025-08-13 02:48:09,.,2e-06,0.3,0.0005,True
lr2e-6_dr0.3_wd1e-3_focal_focal_focal,8,2e-06,0.3,0.001,55.31,59.89,-4.58,1,2025-08-13 02:48:38,.,2e-06,0.3,0.001,True
lr2e-6_dr0.3_wd5e-4,14,2e-06,0.3,0.0005,60.63,63.98,-3.35,0,2025-08-13 02:48:56,.,2e-06,0.3,0.0005,False
lr5e-6_dr0.5_wd2e-3,51,5e-06,0.5,0.002,67.52,69.29,-1.77,0,2025-08-13 02:49:09,.,5e-06,0.5,0.002,False
lr5e-6_dr0.5_wd5e-4,65,5e-06,0.5,0.0005,69.43,69.03,0.4,0,2025-08-13 02:49:17,.,5e-06,0.5,0.0005,False
lr5e-6_dr0.5_wd2e-3_focal_focal_focal,84,5e-06,0.5,0.002,66.54,70.1,-3.56,1,2025-08-13 02:49:32,.,5e-06,0.5,0.002,True
lr2e-6_dr0.3_wd5e-4_focal_focal_focal,43,2e-06,0.3,0.0005,59.52,63.64,-4.12,1,2025-08-13 02:50:09,.,2e-06,0.3,0.0005,True
lr5e-6_dr0.5_wd1e-3_focal_focal_focal,56,5e-06,0.5,0.001,63.63,68.72,-5.09,1,2025-08-13 02:50:24,.,5e-06,0.5,0.001,True
lr2e-6_dr0.3_wd1e-3_focal_focal_focal,9,2e-06,0.3,0.001,56.28,59.95,-3.67,1,2025-08-13 02:50:39,.,2e-06,0.3,0.001,True
lr5e-6_dr0.5_wd2e-3,52,5e-06,0.5,0.002,67.68,69.17,-1.49,0,2025-08-13 02:51:10,.,5e-06,0.5,0.002,False
lr5e-6_dr0.5_wd2e-3_focal_focal_focal,85,5e-06,0.5,0.002,67.53,70.24,-2.71,1,2025-08-13 02:51:33,.,5e-06,0.5,0.002,True
lr5e-6_dr0.5_wd1e-3,54,5e-06,0.5,0.001,70.58,68.7,1.88,0,2025-08-13 02:51:41,.,5e-06,0.5,0.001,False
lr2e-6_dr0.3_wd5e-4_focal_focal_focal,44,2e-06,0.3,0.0005,59.86,63.9,-4.05,1,2025-08-13 02:52:10,.,2e-06,0.3,0.0005,True
lr2e-6_dr0.3_wd1e-3_focal_focal_focal,10,2e-06,0.3,0.001,55.54,60.39,-4.85,1,2025-08-13 02:52:39,.,2e-06,0.3,0.001,True
lr2e-6_dr0.3_wd5e-4,15,2e-06,0.3,0.0005,60.66,64.27,-3.61,0,2025-08-13 02:52:39,.,2e-06,0.3,0.0005,False
lr5e-6_dr0.5_wd5e-4,66,5e-06,0.5,0.0005,69.64,68.52,1.12,0,2025-08-13 02:52:56,.,5e-06,0.5,0.0005,False
lr5e-6_dr0.5_wd2e-3,53,5e-06,0.5,0.002,67.78,69.25,-1.47,0,2025-08-13 02:53:09,.,5e-06,0.5,0.002,False
lr5e-6_dr0.5_wd2e-3_focal_focal_focal,86,5e-06,0.5,0.002,67.45,69.57,-2.12,1,2025-08-13 02:53:34,.,5e-06,0.5,0.002,True
lr5e-6_dr0.5_wd1e-3_focal_focal_focal,57,5e-06,0.5,0.001,63.96,68.5,-4.54,1,2025-08-13 02:54:03,.,5e-06,0.5,0.001,True
lr2e-6_dr0.3_wd5e-4_focal_focal_focal,45,2e-06,0.3,0.0005,59.16,63.96,-4.81,1,2025-08-13 02:54:12,.,2e-06,0.3,0.0005,True
lr2e-6_dr0.3_wd1e-3_focal_focal_focal,11,2e-06,0.3,0.001,55.94,59.95,-4.01,1,2025-08-13 02:54:41,.,2e-06,0.3,0.001,True
lr5e-6_dr0.5_wd2e-3,54,5e-06,0.5,0.002,67.84,69.29,-1.45,0,2025-08-13 02:55:10,.,5e-06,0.5,0.002,False
lr5e-6_dr0.5_wd1e-3,55,5e-06,0.5,0.001,70.26,69.43,0.83,0,2025-08-13 02:55:23,.,5e-06,0.5,0.001,False
lr5e-6_dr0.5_wd2e-3_focal_focal_focal,87,5e-06,0.5,0.002,67.47,70.04,-2.56,1,2025-08-13 02:55:33,.,5e-06,0.5,0.002,True
lr2e-6_dr0.3_wd5e-4_focal_focal_focal,46,2e-06,0.3,0.0005,59.43,64.21,-4.77,1,2025-08-13 02:56:14,.,2e-06,0.3,0.0005,True
lr2e-6_dr0.3_wd5e-4,16,2e-06,0.3,0.0005,60.63,64.18,-3.56,0,2025-08-13 02:56:23,.,2e-06,0.3,0.0005,False
lr5e-6_dr0.5_wd5e-4,67,5e-06,0.5,0.0005,70.21,69.57,0.64,0,2025-08-13 02:56:37,.,5e-06,0.5,0.0005,False
lr2e-6_dr0.3_wd1e-3_focal_focal_focal,12,2e-06,0.3,0.001,56.21,60.17,-3.95,1,2025-08-13 02:56:41,.,2e-06,0.3,0.001,True
lr5e-6_dr0.5_wd2e-3,55,5e-06,0.5,0.002,67.97,69.15,-1.18,0,2025-08-13 02:57:11,.,5e-06,0.5,0.002,False
lr5e-6_dr0.5_wd2e-3_focal_focal_focal,88,5e-06,0.5,0.002,68.45,69.83,-1.38,1,2025-08-13 02:57:32,.,5e-06,0.5,0.002,True
lr5e-6_dr0.5_wd1e-3_focal_focal_focal,58,5e-06,0.5,0.001,63.45,66.16,-2.71,1,2025-08-13 02:57:41,.,5e-06,0.5,0.001,True
lr2e-6_dr0.3_wd5e-4_focal_focal_focal,47,2e-06,0.3,0.0005,59.96,63.6,-3.64,1,2025-08-13 02:58:16,.,2e-06,0.3,0.0005,True
lr2e-6_dr0.3_wd1e-3_focal_focal_focal,13,2e-06,0.3,0.001,56.64,61.22,-4.58,1,2025-08-13 02:58:42,.,2e-06,0.3,0.001,True
lr5e-6_dr0.5_wd1e-3,56,5e-06,0.5,0.001,70.56,69.51,1.04,0,2025-08-13 02:59:05,.,5e-06,0.5,0.001,False
lr5e-6_dr0.5_wd2e-3,56,5e-06,0.5,0.002,67.83,69.23,-1.4,0,2025-08-13 02:59:12,.,5e-06,0.5,0.002,False
lr5e-6_dr0.5_wd2e-3_focal_focal_focal,89,5e-06,0.5,0.002,68.77,69.87,-1.11,1,2025-08-13 02:59:31,.,5e-06,0.5,0.002,True
lr2e-6_dr0.3_wd5e-4,17,2e-06,0.3,0.0005,60.68,64.31,-3.62,0,2025-08-13 03:00:06,.,2e-06,0.3,0.0005,False
lr2e-6_dr0.3_wd5e-4_focal_focal_focal,48,2e-06,0.3,0.0005,59.57,64.27,-4.7,1,2025-08-13 03:00:16,.,2e-06,0.3,0.0005,True
lr5e-6_dr0.5_wd5e-4,68,5e-06,0.5,0.0005,70.36,68.18,2.18,0,2025-08-13 03:00:19,.,5e-06,0.5,0.0005,False
lr2e-6_dr0.3_wd1e-3_focal_focal_focal,14,2e-06,0.3,0.001,56.74,60.47,-3.73,1,2025-08-13 03:00:43,.,2e-06,0.3,0.001,True
lr5e-6_dr0.5_wd2e-3,57,5e-06,0.5,0.002,68.06,69.21,-1.15,0,2025-08-13 03:01:13,.,5e-06,0.5,0.002,False
lr5e-6_dr0.5_wd1e-3_focal_focal_focal,59,5e-06,0.5,0.001,63.78,68.3,-4.52,1,2025-08-13 03:01:18,.,5e-06,0.5,0.001,True
lr5e-6_dr0.5_wd2e-3_focal_focal_focal,90,5e-06,0.5,0.002,68.58,70.04,-1.45,1,2025-08-13 03:01:30,.,5e-06,0.5,0.002,True
lr2e-6_dr0.3_wd5e-4_focal_focal_focal,49,2e-06,0.3,0.0005,59.88,63.74,-3.86,1,2025-08-13 03:02:17,.,2e-06,0.3,0.0005,True
lr2e-6_dr0.3_wd1e-3_focal_focal_focal,15,2e-06,0.3,0.001,56.32,61.66,-5.34,1,2025-08-13 03:02:42,.,2e-06,0.3,0.001,True
lr5e-6_dr0.5_wd1e-3,57,5e-06,0.5,0.001,71.17,69.92,1.26,0,2025-08-13 03:02:46,.,5e-06,0.5,0.001,False
lr5e-6_dr0.5_wd2e-3,58,5e-06,0.5,0.002,67.89,69.01,-1.12,0,2025-08-13 03:03:13,.,5e-06,0.5,0.002,False
lr5e-6_dr0.5_wd2e-3_focal_focal_focal,91,5e-06,0.5,0.002,68.94,68.34,0.6,1,2025-08-13 03:03:30,.,5e-06,0.5,0.002,True
lr2e-6_dr0.3_wd5e-4,18,2e-06,0.3,0.0005,60.65,64.37,-3.72,0,2025-08-13 03:03:49,.,2e-06,0.3,0.0005,False
lr5e-6_dr0.5_wd5e-4,69,5e-06,0.5,0.0005,70.82,65.94,4.88,0,2025-08-13 03:03:58,.,5e-06,0.5,0.0005,False
lr2e-6_dr0.3_wd5e-4_focal_focal_focal,50,2e-06,0.3,0.0005,59.38,64.31,-4.93,1,2025-08-13 03:04:19,.,2e-06,0.3,0.0005,True
lr2e-6_dr0.3_wd1e-3_focal_focal_focal,16,2e-06,0.3,0.001,56.47,60.63,-4.16,1,2025-08-13 03:04:43,.,2e-06,0.3,0.001,True
lr5e-6_dr0.5_wd1e-3_focal_focal_focal,60,5e-06,0.5,0.001,63.88,68.1,-4.22,1,2025-08-13 03:04:56,.,5e-06,0.5,0.001,True
lr5e-6_dr0.5_wd2e-3,59,5e-06,0.5,0.002,67.82,69.27,-1.45,0,2025-08-13 03:05:12,.,5e-06,0.5,0.002,False
lr5e-6_dr0.5_wd2e-3_focal_focal_focal,92,5e-06,0.5,0.002,69.41,69.29,0.12,1,2025-08-13 03:05:28,.,5e-06,0.5,0.002,True
lr2e-6_dr0.3_wd5e-4_focal_focal_focal,51,2e-06,0.3,0.0005,59.63,63.92,-4.29,1,2025-08-13 03:06:21,.,2e-06,0.3,0.0005,True
lr5e-6_dr0.5_wd1e-3,58,5e-06,0.5,0.001,70.95,69.21,1.75,0,2025-08-13 03:06:28,.,5e-06,0.5,0.001,False
lr2e-6_dr0.3_wd1e-3_focal_focal_focal,17,2e-06,0.3,0.001,56.85,60.61,-3.77,1,2025-08-13 03:06:43,.,2e-06,0.3,0.001,True
lr5e-6_dr0.5_wd2e-3,60,5e-06,0.5,0.002,68.29,69.07,-0.78,0,2025-08-13 03:07:13,.,5e-06,0.5,0.002,False
lr5e-6_dr0.5_wd2e-3_focal_focal_focal,93,5e-06,0.5,0.002,69.75,69.11,0.64,1,2025-08-13 03:07:28,.,5e-06,0.5,0.002,True
lr2e-6_dr0.3_wd5e-4,19,2e-06,0.3,0.0005,60.78,64.06,-3.28,0,2025-08-13 03:07:32,.,2e-06,0.3,0.0005,False
lr5e-6_dr0.5_wd5e-4,70,5e-06,0.5,0.0005,72.14,68.36,3.78,0,2025-08-13 03:07:38,.,5e-06,0.5,0.0005,False
lr2e-6_dr0.3_wd5e-4_focal_focal_focal,52,2e-06,0.3,0.0005,59.35,64.37,-5.02,1,2025-08-13 03:08:21,.,2e-06,0.3,0.0005,True
lr5e-6_dr0.5_wd1e-3_focal_focal_focal,61,5e-06,0.5,0.001,63.26,67.57,-4.31,1,2025-08-13 03:08:32,.,5e-06,0.5,0.001,True
lr2e-6_dr0.3_wd1e-3_focal_focal_focal,18,2e-06,0.3,0.001,56.72,60.84,-4.11,1,2025-08-13 03:08:43,.,2e-06,0.3,0.001,True
lr5e-6_dr0.5_wd2e-3,61,5e-06,0.5,0.002,67.99,68.87,-0.87,0,2025-08-13 03:09:13,.,5e-06,0.5,0.002,False
lr5e-6_dr0.5_wd2e-3_focal_focal_focal,94,5e-06,0.5,0.002,70.07,69.92,0.16,1,2025-08-13 03:09:26,.,5e-06,0.5,0.002,True
lr5e-6_dr0.5_wd1e-3,59,5e-06,0.5,0.001,71.12,69.21,1.91,0,2025-08-13 03:10:10,.,5e-06,0.5,0.001,False
lr2e-6_dr0.3_wd5e-4_focal_focal_focal,53,2e-06,0.3,0.0005,60.0,64.39,-4.38,1,2025-08-13 03:10:22,.,2e-06,0.3,0.0005,True
lr2e-6_dr0.3_wd1e-3_focal_focal_focal,19,2e-06,0.3,0.001,55.97,61.02,-5.05,1,2025-08-13 03:10:42,.,2e-06,0.3,0.001,True
lr5e-6_dr0.5_wd2e-3,62,5e-06,0.5,0.002,67.32,68.06,-0.74,0,2025-08-13 03:11:12,.,5e-06,0.5,0.002,False
lr2e-6_dr0.3_wd5e-4,20,2e-06,0.3,0.0005,60.39,63.68,-3.29,0,2025-08-13 03:11:13,.,2e-06,0.3,0.0005,False
lr5e-6_dr0.5_wd5e-4,71,5e-06,0.5,0.0005,72.28,68.64,3.64,0,2025-08-13 03:11:17,.,5e-06,0.5,0.0005,False
lr5e-6_dr0.5_wd2e-3_focal_focal_focal,95,5e-06,0.5,0.002,70.44,70.12,0.32,1,2025-08-13 03:11:24,.,5e-06,0.5,0.002,True
lr5e-6_dr0.5_wd1e-3_focal_focal_focal,62,5e-06,0.5,0.001,63.16,67.21,-4.05,1,2025-08-13 03:12:10,.,5e-06,0.5,0.001,True
lr2e-6_dr0.3_wd5e-4_focal_focal_focal,54,2e-06,0.3,0.0005,59.55,64.47,-4.91,1,2025-08-13 03:12:24,.,2e-06,0.3,0.0005,True
lr2e-6_dr0.3_wd1e-3_focal_focal_focal,20,2e-06,0.3,0.001,56.59,60.9,-4.3,1,2025-08-13 03:12:42,.,2e-06,0.3,0.001,True
lr5e-6_dr0.5_wd2e-3,63,5e-06,0.5,0.002,68.04,68.24,-0.2,0,2025-08-13 03:13:11,.,5e-06,0.5,0.002,False
lr5e-6_dr0.5_wd2e-3_focal_focal_focal,96,5e-06,0.5,0.002,71.16,69.85,1.3,1,2025-08-13 03:13:23,.,5e-06,0.5,0.002,True
lr5e-6_dr0.5_wd1e-3,60,5e-06,0.5,0.001,70.74,69.27,1.47,0,2025-08-13 03:13:52,.,5e-06,0.5,0.001,False
lr2e-6_dr0.3_wd5e-4_focal_focal_focal,55,2e-06,0.3,0.0005,59.98,64.45,-4.46,1,2025-08-13 03:14:27,.,2e-06,0.3,0.0005,True
lr2e-6_dr0.3_wd1e-3_focal_focal_focal,21,2e-06,0.3,0.001,56.62,60.94,-4.31,1,2025-08-13 03:14:42,.,2e-06,0.3,0.001,True
lr2e-6_dr0.3_wd5e-4,21,2e-06,0.3,0.0005,60.47,64.27,-3.79,0,2025-08-13 03:14:55,.,2e-06,0.3,0.0005,False
lr5e-6_dr0.5_wd5e-4,72,5e-06,0.5,0.0005,72.67,68.32,4.35,0,2025-08-13 03:14:57,.,5e-06,0.5,0.0005,False
lr5e-6_dr0.5_wd2e-3,64,5e-06,0.5,0.002,68.09,68.93,-0.83,0,2025-08-13 03:15:11,.,5e-06,0.5,0.002,False
lr5e-6_dr0.5_wd2e-3_focal_focal_focal,97,5e-06,0.5,0.002,71.64,69.81,1.82,1,2025-08-13 03:15:22,.,5e-06,0.5,0.002,True
lr5e-6_dr0.5_wd1e-3_focal_focal_focal,63,5e-06,0.5,0.001,63.95,68.48,-4.53,1,2025-08-13 03:15:47,.,5e-06,0.5,0.001,True
lr2e-6_dr0.3_wd5e-4_focal_focal_focal,56,2e-06,0.3,0.0005,60.11,64.37,-4.25,1,2025-08-13 03:16:27,.,2e-06,0.3,0.0005,True
lr2e-6_dr0.3_wd1e-3_focal_focal_focal,22,2e-06,0.3,0.001,56.38,59.64,-3.26,1,2025-08-13 03:16:42,.,2e-06,0.3,0.001,True
lr5e-6_dr0.5_wd2e-3,65,5e-06,0.5,0.002,69.03,69.21,-0.18,0,2025-08-13 03:17:10,.,5e-06,0.5,0.002,False
lr5e-6_dr0.5_wd2e-3_focal_focal_focal,98,5e-06,0.5,0.002,71.57,69.31,2.26,1,2025-08-13 03:17:19,.,5e-06,0.5,0.002,True
lr5e-6_dr0.5_wd1e-3,61,5e-06,0.5,0.001,69.54,69.01,0.53,0,2025-08-13 03:17:33,.,5e-06,0.5,0.001,False
lr2e-6_dr0.3_wd5e-4_focal_focal_focal,57,2e-06,0.3,0.0005,59.5,64.33,-4.83,1,2025-08-13 03:18:29,.,2e-06,0.3,0.0005,True
lr5e-6_dr0.5_wd5e-4,73,5e-06,0.5,0.0005,73.28,68.99,4.29,0,2025-08-13 03:18:36,.,5e-06,0.5,0.0005,False
lr2e-6_dr0.3_wd5e-4,22,2e-06,0.3,0.0005,60.75,63.9,-3.15,0,2025-08-13 03:18:38,.,2e-06,0.3,0.0005,False
lr2e-6_dr0.3_wd1e-3_focal_focal_focal,23,2e-06,0.3,0.001,57.26,59.32,-2.06,1,2025-08-13 03:18:41,.,2e-06,0.3,0.001,True
lr5e-6_dr0.5_wd2e-3,66,5e-06,0.5,0.002,68.86,69.35,-0.49,0,2025-08-13 03:19:11,.,5e-06,0.5,0.002,False
lr5e-6_dr0.5_wd2e-3_focal_focal_focal,99,5e-06,0.5,0.002,72.51,69.69,2.81,1,2025-08-13 03:19:17,.,5e-06,0.5,0.002,True
lr5e-6_dr0.5_wd1e-3_focal_focal_focal,64,5e-06,0.5,0.001,63.53,68.08,-4.55,1,2025-08-13 03:19:26,.,5e-06,0.5,0.001,True
lr2e-6_dr0.3_wd5e-4_focal_focal_focal,58,2e-06,0.3,0.0005,59.94,64.35,-4.41,1,2025-08-13 03:20:29,.,2e-06,0.3,0.0005,True
lr2e-6_dr0.3_wd1e-3_focal_focal_focal,24,2e-06,0.3,0.001,56.98,60.47,-3.5,1,2025-08-13 03:20:42,.,2e-06,0.3,0.001,True
lr5e-6_dr0.5_wd2e-3,67,5e-06,0.5,0.002,68.83,68.77,0.06,0,2025-08-13 03:21:13,.,5e-06,0.5,0.002,False
lr5e-6_dr0.5_wd2e-3_focal_focal_focal,100,5e-06,0.5,0.002,72.87,69.49,3.37,1,2025-08-13 03:21:14,.,5e-06,0.5,0.002,True
lr5e-6_dr0.5_wd1e-3,62,5e-06,0.5,0.001,70.12,68.46,1.65,0,2025-08-13 03:21:16,.,5e-06,0.5,0.001,False
lr5e-6_dr0.5_wd5e-4,74,5e-06,0.5,0.0005,74.04,67.84,6.2,0,2025-08-13 03:22:18,.,5e-06,0.5,0.0005,False
lr2e-6_dr0.3_wd5e-4,23,2e-06,0.3,0.0005,60.32,64.14,-3.82,0,2025-08-13 03:22:19,.,2e-06,0.3,0.0005,False
lr2e-6_dr0.3_wd5e-4_focal_focal_focal,59,2e-06,0.3,0.0005,59.66,64.67,-5.01,1,2025-08-13 03:22:29,.,2e-06,0.3,0.0005,True
lr2e-6_dr0.3_wd1e-3_focal_focal_focal,25,2e-06,0.3,0.001,57.59,60.13,-2.54,1,2025-08-13 03:22:41,.,2e-06,0.3,0.001,True
lr5e-6_dr0.5_wd1e-3_focal_focal_focal,65,5e-06,0.5,0.001,63.84,68.06,-4.22,1,2025-08-13 03:23:03,.,5e-06,0.5,0.001,True
lr5e-6_dr0.5_wd2e-3,68,5e-06,0.5,0.002,69.54,69.37,0.17,0,2025-08-13 03:23:12,.,5e-06,0.5,0.002,False
lr5e-6_dr0.5_wd2e-3_focal_focal_focal,101,5e-06,0.5,0.002,72.91,70.52,2.39,1,2025-08-13 03:23:13,.,5e-06,0.5,0.002,True
lr2e-6_dr0.3_wd5e-4_focal_focal_focal,60,2e-06,0.3,0.0005,59.38,64.14,-4.76,1,2025-08-13 03:24:31,.,2e-06,0.3,0.0005,True
lr2e-6_dr0.3_wd1e-3_focal_focal_focal,26,2e-06,0.3,0.001,57.44,60.25,-2.81,1,2025-08-13 03:24:40,.,2e-06,0.3,0.001,True
lr5e-6_dr0.5_wd1e-3,63,5e-06,0.5,0.001,70.59,68.2,2.39,0,2025-08-13 03:24:58,.,5e-06,0.5,0.001,False
lr5e-6_dr0.5_wd2e-3,69,5e-06,0.5,0.002,69.85,69.09,0.76,0,2025-08-13 03:25:13,.,5e-06,0.5,0.002,False
lr5e-6_dr0.5_wd2e-3_focal_focal_focal,102,5e-06,0.5,0.002,74.1,69.87,4.22,1,2025-08-13 03:25:14,.,5e-06,0.5,0.002,True
lr5e-6_dr0.5_wd5e-4,75,5e-06,0.5,0.0005,74.3,68.16,6.14,0,2025-08-13 03:25:57,.,5e-06,0.5,0.0005,False
lr2e-6_dr0.3_wd5e-4,24,2e-06,0.3,0.0005,61.06,64.1,-3.05,0,2025-08-13 03:26:00,.,2e-06,0.3,0.0005,False
lr2e-6_dr0.3_wd5e-4_focal_focal_focal,61,2e-06,0.3,0.0005,60.02,63.8,-3.78,1,2025-08-13 03:26:31,.,2e-06,0.3,0.0005,True
lr5e-6_dr0.5_wd1e-3_focal_focal_focal,66,5e-06,0.5,0.001,63.69,67.43,-3.74,1,2025-08-13 03:26:40,.,5e-06,0.5,0.001,True
lr2e-6_dr0.3_wd1e-3_focal_focal_focal,27,2e-06,0.3,0.001,57.28,61.14,-3.85,1,2025-08-13 03:26:42,.,2e-06,0.3,0.001,True
lr5e-6_dr0.5_wd2e-3_focal_focal_focal,103,5e-06,0.5,0.002,73.69,69.98,3.72,1,2025-08-13 03:27:12,.,5e-06,0.5,0.002,True
lr5e-6_dr0.5_wd2e-3,70,5e-06,0.5,0.002,70.69,68.77,1.93,0,2025-08-13 03:27:13,.,5e-06,0.5,0.002,False
lr2e-6_dr0.3_wd5e-4_focal_focal_focal,62,2e-06,0.3,0.0005,59.94,63.78,-3.84,1,2025-08-13 03:28:31,.,2e-06,0.3,0.0005,True
lr5e-6_dr0.5_wd1e-3,64,5e-06,0.5,0.001,70.72,67.03,3.69,0,2025-08-13 03:28:40,.,5e-06,0.5,0.001,False
lr2e-6_dr0.3_wd1e-3_focal_focal_focal,28,2e-06,0.3,0.001,57.23,61.58,-4.35,1,2025-08-13 03:28:44,.,2e-06,0.3,0.001,True
lr5e-6_dr0.5_wd2e-3_focal_focal_focal,104,5e-06,0.5,0.002,74.0,69.63,4.37,1,2025-08-13 03:29:11,.,5e-06,0.5,0.002,True
lr5e-6_dr0.5_wd2e-3,71,5e-06,0.5,0.002,70.47,68.93,1.54,0,2025-08-13 03:29:13,.,5e-06,0.5,0.002,False
lr5e-6_dr0.5_wd5e-4,76,5e-06,0.5,0.0005,75.15,67.94,7.21,0,2025-08-13 03:29:37,.,5e-06,0.5,0.0005,False
lr2e-6_dr0.3_wd5e-4,25,2e-06,0.3,0.0005,60.87,64.75,-3.88,0,2025-08-13 03:29:42,.,2e-06,0.3,0.0005,False
lr5e-6_dr0.5_wd1e-3_focal_focal_focal,67,5e-06,0.5,0.001,64.43,68.99,-4.56,1,2025-08-13 03:30:20,.,5e-06,0.5,0.001,True
lr2e-6_dr0.3_wd5e-4_focal_focal_focal,63,2e-06,0.3,0.0005,60.1,64.39,-4.28,1,2025-08-13 03:30:31,.,2e-06,0.3,0.0005,True
lr2e-6_dr0.3_wd1e-3_focal_focal_focal,29,2e-06,0.3,0.001,57.21,61.58,-4.37,1,2025-08-13 03:30:45,.,2e-06,0.3,0.001,True
lr5e-6_dr0.5_wd2e-3_focal_focal_focal,105,5e-06,0.5,0.002,74.19,69.45,4.74,1,2025-08-13 03:31:09,.,5e-06,0.5,0.002,True
lr5e-6_dr0.5_wd2e-3,72,5e-06,0.5,0.002,70.77,68.66,2.1,0,2025-08-13 03:31:13,.,5e-06,0.5,0.002,False
lr5e-6_dr0.5_wd1e-3,65,5e-06,0.5,0.001,71.73,68.12,3.61,0,2025-08-13 03:32:22,.,5e-06,0.5,0.001,False
lr2e-6_dr0.3_wd5e-4_focal_focal_focal,64,2e-06,0.3,0.0005,60.27,64.14,-3.88,1,2025-08-13 03:32:32,.,2e-06,0.3,0.0005,True
lr2e-6_dr0.3_wd1e-3_focal_focal_focal,30,2e-06,0.3,0.001,57.57,61.74,-4.17,1,2025-08-13 03:32:46,.,2e-06,0.3,0.001,True
lr5e-6_dr0.5_wd2e-3_focal_focal_focal,106,5e-06,0.5,0.002,74.5,69.51,4.99,1,2025-08-13 03:33:07,.,5e-06,0.5,0.002,True
lr5e-6_dr0.5_wd2e-3,73,5e-06,0.5,0.002,72.17,68.74,3.43,0,2025-08-13 03:33:13,.,5e-06,0.5,0.002,False
lr5e-6_dr0.5_wd5e-4,77,5e-06,0.5,0.0005,75.26,66.22,9.03,0,2025-08-13 03:33:17,.,5e-06,0.5,0.0005,False
lr2e-6_dr0.3_wd5e-4,26,2e-06,0.3,0.0005,61.76,65.09,-3.33,0,2025-08-13 03:33:26,.,2e-06,0.3,0.0005,False
lr5e-6_dr0.5_wd1e-3_focal_focal_focal,68,5e-06,0.5,0.001,64.49,67.9,-3.4,1,2025-08-13 03:34:00,.,5e-06,0.5,0.001,True
lr2e-6_dr0.3_wd5e-4_focal_focal_focal,65,2e-06,0.3,0.0005,60.35,65.05,-4.71,1,2025-08-13 03:34:32,.,2e-06,0.3,0.0005,True
lr2e-6_dr0.3_wd1e-3_focal_focal_focal,31,2e-06,0.3,0.001,58.45,62.25,-3.79,1,2025-08-13 03:34:47,.,2e-06,0.3,0.001,True
lr5e-6_dr0.5_wd2e-3_focal_focal_focal,107,5e-06,0.5,0.002,74.76,69.23,5.53,1,2025-08-13 03:35:05,.,5e-06,0.5,0.002,True
lr5e-6_dr0.5_wd2e-3,74,5e-06,0.5,0.002,72.79,69.01,3.78,0,2025-08-13 03:35:12,.,5e-06,0.5,0.002,False
lr5e-6_dr0.5_wd1e-3,66,5e-06,0.5,0.001,71.69,66.87,4.82,0,2025-08-13 03:36:04,.,5e-06,0.5,0.001,False
lr2e-6_dr0.3_wd5e-4_focal_focal_focal,66,2e-06,0.3,0.0005,60.16,65.13,-4.97,1,2025-08-13 03:36:35,.,2e-06,0.3,0.0005,True
lr2e-6_dr0.3_wd1e-3_focal_focal_focal,32,2e-06,0.3,0.001,58.04,61.52,-3.48,1,2025-08-13 03:36:49,.,2e-06,0.3,0.001,True
lr5e-6_dr0.5_wd5e-4,78,5e-06,0.5,0.0005,75.82,68.64,7.18,0,2025-08-13 03:36:56,.,5e-06,0.5,0.0005,False
lr5e-6_dr0.5_wd2e-3_focal_focal_focal,108,5e-06,0.5,0.002,75.52,69.69,5.83,1,2025-08-13 03:37:03,.,5e-06,0.5,0.002,True
lr2e-6_dr0.3_wd5e-4,27,2e-06,0.3,0.0005,61.72,65.29,-3.57,0,2025-08-13 03:37:09,.,2e-06,0.3,0.0005,False
lr5e-6_dr0.5_wd2e-3,75,5e-06,0.5,0.002,72.87,68.79,4.08,0,2025-08-13 03:37:11,.,5e-06,0.5,0.002,False
lr5e-6_dr0.5_wd1e-3_focal_focal_focal,69,5e-06,0.5,0.001,64.68,67.64,-2.95,1,2025-08-13 03:37:38,.,5e-06,0.5,0.001,True
lr2e-6_dr0.3_wd5e-4_focal_focal_focal,67,2e-06,0.3,0.0005,60.42,65.36,-4.94,1,2025-08-13 03:38:37,.,2e-06,0.3,0.0005,True
lr2e-6_dr0.3_wd1e-3_focal_focal_focal,33,2e-06,0.3,0.001,57.6,62.87,-5.28,1,2025-08-13 03:38:50,.,2e-06,0.3,0.001,True
lr5e-6_dr0.5_wd2e-3_focal_focal_focal,109,5e-06,0.5,0.002,75.81,69.79,6.02,1,2025-08-13 03:39:01,.,5e-06,0.5,0.002,True
lr5e-6_dr0.5_wd2e-3,76,5e-06,0.5,0.002,73.79,68.91,4.89,0,2025-08-13 03:39:10,.,5e-06,0.5,0.002,False
lr5e-6_dr0.5_wd1e-3,67,5e-06,0.5,0.001,72.42,69.23,3.19,0,2025-08-13 03:39:47,.,5e-06,0.5,0.001,False
lr5e-6_dr0.5_wd5e-4,79,5e-06,0.5,0.0005,77.03,68.87,8.16,0,2025-08-13 03:40:35,.,5e-06,0.5,0.0005,False
lr2e-6_dr0.3_wd5e-4_focal_focal_focal,68,2e-06,0.3,0.0005,60.47,65.17,-4.7,1,2025-08-13 03:40:38,.,2e-06,0.3,0.0005,True
lr2e-6_dr0.3_wd5e-4,28,2e-06,0.3,0.0005,61.88,65.29,-3.41,0,2025-08-13 03:40:50,.,2e-06,0.3,0.0005,False
lr2e-6_dr0.3_wd1e-3_focal_focal_focal,34,2e-06,0.3,0.001,57.99,62.85,-4.86,1,2025-08-13 03:40:52,.,2e-06,0.3,0.001,True
lr5e-6_dr0.5_wd2e-3_focal_focal_focal,110,5e-06,0.5,0.002,76.44,69.43,7.01,1,2025-08-13 03:40:59,.,5e-06,0.5,0.002,True
lr5e-6_dr0.5_wd2e-3,77,5e-06,0.5,0.002,74.5,68.26,6.23,0,2025-08-13 03:41:10,.,5e-06,0.5,0.002,False
lr5e-6_dr0.5_wd1e-3_focal_focal_focal,70,5e-06,0.5,0.001,65.13,68.93,-3.8,1,2025-08-13 03:41:15,.,5e-06,0.5,0.001,True
lr2e-6_dr0.3_wd5e-4_focal_focal_focal,69,2e-06,0.3,0.0005,60.58,65.31,-4.74,1,2025-08-13 03:42:39,.,2e-06,0.3,0.0005,True
lr2e-6_dr0.3_wd1e-3_focal_focal_focal,35,2e-06,0.3,0.001,58.21,62.19,-3.97,1,2025-08-13 03:42:52,.,2e-06,0.3,0.001,True
lr5e-6_dr0.5_wd2e-3_focal_focal_focal,111,5e-06,0.5,0.002,76.79,69.21,7.58,1,2025-08-13 03:42:56,.,5e-06,0.5,0.002,True
lr5e-6_dr0.5_wd2e-3,78,5e-06,0.5,0.002,74.96,67.82,7.14,0,2025-08-13 03:43:09,.,5e-06,0.5,0.002,False
lr5e-6_dr0.5_wd5e-4,80,5e-06,0.5,0.0005,77.07,64.51,12.57,0,2025-08-13 03:44:15,.,5e-06,0.5,0.0005,False
lr2e-6_dr0.3_wd5e-4,29,2e-06,0.3,0.0005,61.4,65.09,-3.69,0,2025-08-13 03:44:31,.,2e-06,0.3,0.0005,False
lr2e-6_dr0.3_wd5e-4_focal_focal_focal,70,2e-06,0.3,0.0005,61.04,65.13,-4.1,1,2025-08-13 03:44:41,.,2e-06,0.3,0.0005,True
lr5e-6_dr0.5_wd1e-3_focal_focal_focal,71,5e-06,0.5,0.001,65.38,69.67,-4.29,1,2025-08-13 03:44:52,.,5e-06,0.5,0.001,True
lr2e-6_dr0.3_wd1e-3_focal_focal_focal,36,2e-06,0.3,0.001,58.14,62.81,-4.67,1,2025-08-13 03:44:52,.,2e-06,0.3,0.001,True
lr5e-6_dr0.5_wd2e-3_focal_focal_focal,112,5e-06,0.5,0.002,76.55,69.87,6.67,1,2025-08-13 03:44:55,.,5e-06,0.5,0.002,True
lr2e-6_dr0.3_wd1e-3,1,2e-06,0.3,0.001,53.59,58.96,-5.37,0,2025-08-13 03:45:02,.,2e-06,0.3,0.001,False
lr5e-6_dr0.5_wd2e-3,79,5e-06,0.5,0.002,75.16,68.74,6.41,0,2025-08-13 03:45:08,.,5e-06,0.5,0.002,False
lr2e-6_dr0.3_wd5e-4_focal_focal_focal,71,2e-06,0.3,0.0005,60.89,64.95,-4.07,1,2025-08-13 03:46:43,.,2e-06,0.3,0.0005,True
lr5e-6_dr0.5_wd2e-3_focal_focal_focal,113,5e-06,0.5,0.002,77.15,69.01,8.14,1,2025-08-13 03:46:53,.,5e-06,0.5,0.002,True
lr2e-6_dr0.3_wd1e-3_focal_focal_focal,37,2e-06,0.3,0.001,58.6,62.91,-4.32,1,2025-08-13 03:46:53,.,2e-06,0.3,0.001,True
lr5e-6_dr0.5_wd2e-3,80,5e-06,0.5,0.002,76.29,68.83,7.47,0,2025-08-13 03:47:07,.,5e-06,0.5,0.002,False
lr5e-6_dr0.5_wd5e-4,81,5e-06,0.5,0.0005,77.54,68.64,8.9,0,2025-08-13 03:47:55,.,5e-06,0.5,0.0005,False
lr2e-6_dr0.3_wd5e-4,30,2e-06,0.3,0.0005,62.26,65.56,-3.3,0,2025-08-13 03:48:12,.,2e-06,0.3,0.0005,False
lr5e-6_dr0.5_wd1e-3_focal_focal_focal,72,5e-06,0.5,0.001,66.27,69.41,-3.14,1,2025-08-13 03:48:31,.,5e-06,0.5,0.001,True
lr2e-6_dr0.3_wd5e-4_focal_focal_focal,72,2e-06,0.3,0.0005,60.85,65.29,-4.45,1,2025-08-13 03:48:44,.,2e-06,0.3,0.0005,True
lr2e-6_dr0.3_wd1e-3,2,2e-06,0.3,0.001,56.29,60.01,-3.72,0,2025-08-13 03:48:45,.,2e-06,0.3,0.001,False
lr5e-6_dr0.5_wd2e-3_focal_focal_focal,114,5e-06,0.5,0.002,77.1,69.55,7.55,1,2025-08-13 03:48:51,.,5e-06,0.5,0.002,True
lr2e-6_dr0.3_wd1e-3_focal_focal_focal,38,2e-06,0.3,0.001,58.62,63.24,-4.62,1,2025-08-13 03:48:54,.,2e-06,0.3,0.001,True
lr5e-6_dr0.5_wd2e-3,81,5e-06,0.5,0.002,76.4,68.5,7.89,0,2025-08-13 03:49:06,.,5e-06,0.5,0.002,False
lr2e-6_dr0.3_wd5e-4_focal_focal_focal,73,2e-06,0.3,0.0005,61.49,65.88,-4.39,1,2025-08-13 03:50:46,.,2e-06,0.3,0.0005,True
lr5e-6_dr0.5_wd2e-3_focal_focal_focal,115,5e-06,0.5,0.002,77.51,70.14,7.37,1,2025-08-13 03:50:49,.,5e-06,0.5,0.002,True
lr2e-6_dr0.3_wd1e-3_focal_focal_focal,39,2e-06,0.3,0.001,58.56,62.37,-3.81,1,2025-08-13 03:50:56,.,2e-06,0.3,0.001,True
lr5e-6_dr0.5_wd2e-3,82,5e-06,0.5,0.002,76.63,68.18,8.45,0,2025-08-13 03:51:05,.,5e-06,0.5,0.002,False
lr5e-6_dr0.5_wd5e-4,82,5e-06,0.5,0.0005,78.24,67.66,10.59,0,2025-08-13 03:51:34,.,5e-06,0.5,0.0005,False
lr2e-6_dr0.3_wd5e-4,31,2e-06,0.3,0.0005,62.01,65.92,-3.91,0,2025-08-13 03:51:55,.,2e-06,0.3,0.0005,False
lr5e-6_dr0.5_wd1e-3_focal_focal_focal,73,5e-06,0.5,0.001,66.11,67.86,-1.75,1,2025-08-13 03:52:09,.,5e-06,0.5,0.001,True
lr2e-6_dr0.3_wd1e-3,3,2e-06,0.3,0.001,57.78,61.08,-3.29,0,2025-08-13 03:52:28,.,2e-06,0.3,0.001,False
lr5e-6_dr0.5_wd2e-3_focal_focal_focal,116,5e-06,0.5,0.002,77.54,69.37,8.17,1,2025-08-13 03:52:48,.,5e-06,0.5,0.002,True
lr2e-6_dr0.3_wd5e-4_focal_focal_focal,74,2e-06,0.3,0.0005,61.21,65.52,-4.31,1,2025-08-13 03:52:48,.,2e-06,0.3,0.0005,True
lr2e-6_dr0.3_wd1e-3_focal_focal_focal,40,2e-06,0.3,0.001,58.85,63.44,-4.59,1,2025-08-13 03:52:55,.,2e-06,0.3,0.001,True
lr5e-6_dr0.5_wd2e-3,83,5e-06,0.5,0.002,78.13,68.36,9.77,0,2025-08-13 03:53:03,.,5e-06,0.5,0.002,False
lr2e-6_dr0.3_wd5e-4_focal_focal_focal,75,2e-06,0.3,0.0005,62.02,65.48,-3.46,1,2025-08-13 03:54:38,.,2e-06,0.3,0.0005,True
lr2e-6_dr0.3_wd1e-3_focal_focal_focal,41,2e-06,0.3,0.001,58.67,63.56,-4.89,1,2025-08-13 03:54:45,.,2e-06,0.3,0.001,True
lr5e-6_dr0.5_wd5e-4,83,5e-06,0.5,0.0005,78.82,67.53,11.28,0,2025-08-13 03:55:13,.,5e-06,0.5,0.0005,False
lr2e-6_dr0.3_wd5e-4,32,2e-06,0.3,0.0005,62.66,65.8,-3.14,0,2025-08-13 03:55:39,.,2e-06,0.3,0.0005,False
lr5e-6_dr0.5_wd1e-3_focal_focal_focal,74,5e-06,0.5,0.001,66.61,69.59,-2.99,1,2025-08-13 03:55:47,.,5e-06,0.5,0.001,True
lr2e-6_dr0.3_wd1e-3,4,2e-06,0.3,0.001,58.16,61.62,-3.46,0,2025-08-13 03:56:11,.,2e-06,0.3,0.001,False
lr2e-6_dr0.3_wd2e-3_focal_focal_focal,1,2e-06,0.3,0.002,52.69,56.01,-3.32,1,2025-08-13 03:56:12,.,2e-06,0.3,0.002,True
lr2e-6_dr0.3_wd2e-3,1,2e-06,0.3,0.002,53.11,57.57,-4.46,0,2025-08-13 03:56:19,.,2e-06,0.3,0.002,False
lr2e-6_dr0.3_wd5e-4_focal_focal_focal,76,2e-06,0.3,0.0005,62.34,64.75,-2.41,1,2025-08-13 03:56:36,.,2e-06,0.3,0.0005,True
lr2e-6_dr0.3_wd1e-3_focal_focal_focal,42,2e-06,0.3,0.001,58.77,62.41,-3.64,1,2025-08-13 03:56:46,.,2e-06,0.3,0.001,True
lr2e-6_dr0.3_wd2e-3_focal_focal_focal,2,2e-06,0.3,0.002,54.01,57.61,-3.6,1,2025-08-13 03:58:13,.,2e-06,0.3,0.002,True
lr2e-6_dr0.3_wd2e-3,2,2e-06,0.3,0.002,55.79,59.32,-3.53,0,2025-08-13 03:58:21,.,2e-06,0.3,0.002,False
lr2e-6_dr0.3_wd5e-4_focal_focal_focal,77,2e-06,0.3,0.0005,61.72,66.06,-4.34,1,2025-08-13 03:58:36,.,2e-06,0.3,0.0005,True
lr2e-6_dr0.3_wd1e-3_focal_focal_focal,43,2e-06,0.3,0.001,58.94,63.54,-4.6,1,2025-08-13 03:58:46,.,2e-06,0.3,0.001,True
lr5e-6_dr0.5_wd5e-4,84,5e-06,0.5,0.0005,79.36,67.03,12.33,0,2025-08-13 03:58:53,.,5e-06,0.5,0.0005,False
lr2e-6_dr0.3_wd5e-4,33,2e-06,0.3,0.0005,62.43,66.24,-3.81,0,2025-08-13 03:59:21,.,2e-06,0.3,0.0005,False
lr5e-6_dr0.5_wd1e-3_focal_focal_focal,75,5e-06,0.5,0.001,66.86,69.63,-2.77,1,2025-08-13 03:59:26,.,5e-06,0.5,0.001,True
lr2e-6_dr0.3_wd1e-3,5,2e-06,0.3,0.001,58.75,61.95,-3.2,0,2025-08-13 03:59:54,.,2e-06,0.3,0.001,False
lr2e-6_dr0.3_wd2e-3_focal_focal_focal,3,2e-06,0.3,0.002,54.75,57.63,-2.88,1,2025-08-13 04:00:13,.,2e-06,0.3,0.002,True
lr2e-6_dr0.3_wd2e-3,3,2e-06,0.3,0.002,56.57,59.32,-2.75,0,2025-08-13 04:00:24,.,2e-06,0.3,0.002,False
lr2e-6_dr0.3_wd5e-4_focal_focal_focal,78,2e-06,0.3,0.0005,61.72,66.26,-4.54,1,2025-08-13 04:00:37,.,2e-06,0.3,0.0005,True
lr2e-6_dr0.3_wd1e-3_focal_focal_focal,44,2e-06,0.3,0.001,59.73,63.18,-3.45,1,2025-08-13 04:00:45,.,2e-06,0.3,0.001,True
lr2e-6_dr0.3_wd2e-3_focal_focal_focal,4,2e-06,0.3,0.002,55.04,58.64,-3.6,1,2025-08-13 04:02:14,.,2e-06,0.3,0.002,True
lr2e-6_dr0.3_wd2e-3,4,2e-06,0.3,0.002,57.84,60.86,-3.01,0,2025-08-13 04:02:26,.,2e-06,0.3,0.002,False
lr5e-6_dr0.5_wd5e-4,85,5e-06,0.5,0.0005,79.57,65.58,13.99,0,2025-08-13 04:02:33,.,5e-06,0.5,0.0005,False
lr2e-6_dr0.3_wd5e-4_focal_focal_focal,79,2e-06,0.3,0.0005,61.91,66.63,-4.72,1,2025-08-13 04:02:38,.,2e-06,0.3,0.0005,True
lr2e-6_dr0.3_wd1e-3_focal_focal_focal,45,2e-06,0.3,0.001,59.04,63.54,-4.49,1,2025-08-13 04:02:46,.,2e-06,0.3,0.001,True
lr2e-6_dr0.3_wd5e-4,34,2e-06,0.3,0.0005,62.71,66.93,-4.22,0,2025-08-13 04:03:04,.,2e-06,0.3,0.0005,False
lr5e-6_dr0.5_wd1e-3_focal_focal_focal,76,5e-06,0.5,0.001,67.06,69.65,-2.59,1,2025-08-13 04:03:05,.,5e-06,0.5,0.001,True
lr2e-6_dr0.3_wd1e-3,6,2e-06,0.3,0.001,59.27,62.47,-3.2,0,2025-08-13 04:03:37,.,2e-06,0.3,0.001,False
lr2e-6_dr0.3_wd2e-3_focal_focal_focal,5,2e-06,0.3,0.002,55.84,59.1,-3.26,1,2025-08-13 04:04:15,.,2e-06,0.3,0.002,True
lr2e-6_dr0.3_wd2e-3,5,2e-06,0.3,0.002,58.53,60.67,-2.14,0,2025-08-13 04:04:27,.,2e-06,0.3,0.002,False
lr2e-6_dr0.3_wd5e-4_focal_focal_focal,80,2e-06,0.3,0.0005,62.28,66.49,-4.2,1,2025-08-13 04:04:38,.,2e-06,0.3,0.0005,True
lr2e-6_dr0.3_wd1e-3_focal_focal_focal,46,2e-06,0.3,0.001,58.44,63.76,-5.32,1,2025-08-13 04:04:48,.,2e-06,0.3,0.001,True
lr5e-6_dr0.5_wd5e-4,86,5e-06,0.5,0.0005,80.84,67.98,12.86,0,2025-08-13 04:06:12,.,5e-06,0.5,0.0005,False
lr2e-6_dr0.3_wd2e-3_focal_focal_focal,6,2e-06,0.3,0.002,55.62,59.67,-4.05,1,2025-08-13 04:06:16,.,2e-06,0.3,0.002,True
lr2e-6_dr0.3_wd2e-3,6,2e-06,0.3,0.002,58.69,61.0,-2.31,0,2025-08-13 04:06:29,.,2e-06,0.3,0.002,False
lr2e-6_dr0.3_wd5e-4_focal_focal_focal,81,2e-06,0.3,0.0005,61.89,66.99,-5.1,1,2025-08-13 04:06:37,.,2e-06,0.3,0.0005,True
lr5e-6_dr0.5_wd1e-3_focal_focal_focal,77,5e-06,0.5,0.001,67.67,69.59,-1.92,1,2025-08-13 04:06:44,.,5e-06,0.5,0.001,True
lr2e-6_dr0.3_wd5e-4,35,2e-06,0.3,0.0005,62.8,66.4,-3.61,0,2025-08-13 04:06:48,.,2e-06,0.3,0.0005,False
lr2e-6_dr0.3_wd1e-3_focal_focal_focal,47,2e-06,0.3,0.001,59.39,63.5,-4.11,1,2025-08-13 04:06:49,.,2e-06,0.3,0.001,True
lr2e-6_dr0.3_wd1e-3,7,2e-06,0.3,0.001,59.45,62.59,-3.14,0,2025-08-13 04:07:20,.,2e-06,0.3,0.001,False
lr2e-6_dr0.3_wd2e-3_focal_focal_focal,7,2e-06,0.3,0.002,56.04,59.89,-3.84,1,2025-08-13 04:08:17,.,2e-06,0.3,0.002,True
lr2e-6_dr0.3_wd2e-3,7,2e-06,0.3,0.002,59.19,61.28,-2.09,0,2025-08-13 04:08:31,.,2e-06,0.3,0.002,False
lr2e-6_dr0.3_wd5e-4_focal_focal_focal,82,2e-06,0.3,0.0005,62.52,66.75,-4.23,1,2025-08-13 04:08:38,.,2e-06,0.3,0.0005,True
lr2e-6_dr0.3_wd1e-3_focal_focal_focal,48,2e-06,0.3,0.001,59.11,63.94,-4.83,1,2025-08-13 04:08:50,.,2e-06,0.3,0.001,True
lr5e-6_dr0.5_wd5e-4,87,5e-06,0.5,0.0005,81.57,66.73,14.85,0,2025-08-13 04:09:50,.,5e-06,0.5,0.0005,False
lr2e-6_dr0.3_wd2e-3_focal_focal_focal,8,2e-06,0.3,0.002,55.94,60.57,-4.64,1,2025-08-13 04:10:17,.,2e-06,0.3,0.002,True
lr5e-6_dr0.5_wd1e-3_focal_focal_focal,78,5e-06,0.5,0.001,68.23,69.67,-1.44,1,2025-08-13 04:10:21,.,5e-06,0.5,0.001,True
lr2e-6_dr0.3_wd5e-4,36,2e-06,0.3,0.0005,63.37,66.51,-3.14,0,2025-08-13 04:10:32,.,2e-06,0.3,0.0005,False
lr2e-6_dr0.3_wd2e-3,8,2e-06,0.3,0.002,58.74,61.24,-2.5,0,2025-08-13 04:10:32,.,2e-06,0.3,0.002,False
lr2e-6_dr0.3_wd5e-4_focal_focal_focal,83,2e-06,0.3,0.0005,62.58,66.77,-4.19,1,2025-08-13 04:10:39,.,2e-06,0.3,0.0005,True
lr2e-6_dr0.3_wd1e-3_focal_focal_focal,49,2e-06,0.3,0.001,59.35,63.8,-4.45,1,2025-08-13 04:10:50,.,2e-06,0.3,0.001,True
lr2e-6_dr0.3_wd1e-3,8,2e-06,0.3,0.001,59.16,62.79,-3.63,0,2025-08-13 04:11:03,.,2e-06,0.3,0.001,False
lr2e-6_dr0.3_wd2e-3_focal_focal_focal,9,2e-06,0.3,0.002,55.89,59.83,-3.93,1,2025-08-13 04:12:18,.,2e-06,0.3,0.002,True
lr2e-6_dr0.3_wd2e-3,9,2e-06,0.3,0.002,59.49,61.46,-1.97,0,2025-08-13 04:12:35,.,2e-06,0.3,0.002,False
lr2e-6_dr0.3_wd5e-4_focal_focal_focal,84,2e-06,0.3,0.0005,62.91,66.49,-3.58,1,2025-08-13 04:12:40,.,2e-06,0.3,0.0005,True
lr2e-6_dr0.3_wd1e-3_focal_focal_focal,50,2e-06,0.3,0.001,59.48,64.25,-4.76,1,2025-08-13 04:12:51,.,2e-06,0.3,0.001,True
lr5e-6_dr0.5_wd5e-4,88,5e-06,0.5,0.0005,81.55,67.07,14.48,0,2025-08-13 04:13:30,.,5e-06,0.5,0.0005,False
lr5e-6_dr0.5_wd1e-3_focal_focal_focal,79,5e-06,0.5,0.001,69.25,69.73,-0.48,1,2025-08-13 04:13:59,.,5e-06,0.5,0.001,True
lr2e-6_dr0.3_wd5e-4,37,2e-06,0.3,0.0005,62.89,66.61,-3.71,0,2025-08-13 04:14:15,.,2e-06,0.3,0.0005,False
lr2e-6_dr0.3_wd2e-3_focal_focal_focal,10,2e-06,0.3,0.002,55.64,60.37,-4.73,1,2025-08-13 04:14:17,.,2e-06,0.3,0.002,True
lr2e-6_dr0.3_wd2e-3,10,2e-06,0.3,0.002,59.12,61.28,-2.16,0,2025-08-13 04:14:37,.,2e-06,0.3,0.002,False
lr2e-6_dr0.3_wd5e-4_focal_focal_focal,85,2e-06,0.3,0.0005,63.16,67.07,-3.91,1,2025-08-13 04:14:41,.,2e-06,0.3,0.0005,True
lr2e-6_dr0.3_wd1e-3,9,2e-06,0.3,0.001,59.55,62.91,-3.36,0,2025-08-13 04:14:45,.,2e-06,0.3,0.001,False
lr2e-6_dr0.3_wd1e-3_focal_focal_focal,51,2e-06,0.3,0.001,59.67,63.88,-4.21,1,2025-08-13 04:14:52,.,2e-06,0.3,0.001,True
lr2e-6_dr0.3_wd2e-3_focal_focal_focal,11,2e-06,0.3,0.002,56.38,60.23,-3.85,1,2025-08-13 04:16:17,.,2e-06,0.3,0.002,True
lr2e-6_dr0.3_wd2e-3,11,2e-06,0.3,0.002,59.69,61.9,-2.22,0,2025-08-13 04:16:38,.,2e-06,0.3,0.002,False
lr2e-6_dr0.3_wd5e-4_focal_focal_focal,86,2e-06,0.3,0.0005,63.1,66.4,-3.3,1,2025-08-13 04:16:42,.,2e-06,0.3,0.0005,True
lr2e-6_dr0.3_wd1e-3_focal_focal_focal,52,2e-06,0.3,0.001,59.81,64.21,-4.39,1,2025-08-13 04:16:51,.,2e-06,0.3,0.001,True
lr5e-6_dr0.5_wd1e-3_focal_focal_focal,80,5e-06,0.5,0.001,69.13,68.34,0.79,1,2025-08-13 04:17:37,.,5e-06,0.5,0.001,True
lr2e-6_dr0.3_wd5e-4,38,2e-06,0.3,0.0005,63.31,67.11,-3.8,0,2025-08-13 04:17:58,.,2e-06,0.3,0.0005,False
lr2e-6_dr0.3_wd2e-3_focal_focal_focal,12,2e-06,0.3,0.002,56.23,60.43,-4.2,1,2025-08-13 04:18:17,.,2e-06,0.3,0.002,True
lr2e-6_dr0.3_wd1e-3,10,2e-06,0.3,0.001,60.55,63.32,-2.76,0,2025-08-13 04:18:28,.,2e-06,0.3,0.001,False
lr2e-6_dr0.4_wd5e-4_focal_focal_focal,1,2e-06,0.4,0.0005,52.09,56.88,-4.79,1,2025-08-13 04:18:37,.,2e-06,0.4,0.0005,True
lr2e-6_dr0.3_wd2e-3,12,2e-06,0.3,0.002,59.64,62.21,-2.56,0,2025-08-13 04:18:39,.,2e-06,0.3,0.002,False
lr2e-6_dr0.3_wd5e-4_focal_focal_focal,87,2e-06,0.3,0.0005,62.91,67.29,-4.38,1,2025-08-13 04:18:43,.,2e-06,0.3,0.0005,True
lr2e-6_dr0.3_wd1e-3_focal_focal_focal,53,2e-06,0.3,0.001,59.39,63.72,-4.33,1,2025-08-13 04:18:51,.,2e-06,0.3,0.001,True
lr2e-6_dr0.3_wd2e-3_focal_focal_focal,13,2e-06,0.3,0.002,56.68,61.28,-4.6,1,2025-08-13 04:20:18,.,2e-06,0.3,0.002,True
lr2e-6_dr0.3_wd2e-3,13,2e-06,0.3,0.002,60.02,62.49,-2.47,0,2025-08-13 04:20:42,.,2e-06,0.3,0.002,False
lr2e-6_dr0.3_wd5e-4_focal_focal_focal,88,2e-06,0.3,0.0005,63.35,66.91,-3.56,1,2025-08-13 04:20:44,.,2e-06,0.3,0.0005,True
lr2e-6_dr0.3_wd1e-3_focal_focal_focal,54,2e-06,0.3,0.001,59.07,63.2,-4.13,1,2025-08-13 04:20:50,.,2e-06,0.3,0.001,True
lr5e-6_dr0.5_wd1e-3_focal_focal_focal,81,5e-06,0.5,0.001,69.38,69.45,-0.08,1,2025-08-13 04:21:14,.,5e-06,0.5,0.001,True
lr2e-6_dr0.3_wd5e-4,39,2e-06,0.3,0.0005,62.77,67.27,-4.5,0,2025-08-13 04:21:41,.,2e-06,0.3,0.0005,False
lr2e-6_dr0.3_wd1e-3,11,2e-06,0.3,0.001,60.29,63.36,-3.07,0,2025-08-13 04:22:12,.,2e-06,0.3,0.001,False
lr2e-6_dr0.4_wd5e-4_focal_focal_focal,2,2e-06,0.4,0.0005,53.59,57.43,-3.84,1,2025-08-13 04:22:17,.,2e-06,0.4,0.0005,True
lr2e-6_dr0.3_wd2e-3_focal_focal_focal,14,2e-06,0.3,0.002,56.52,61.08,-4.56,1,2025-08-13 04:22:18,.,2e-06,0.3,0.002,True
lr2e-6_dr0.3_wd2e-3,14,2e-06,0.3,0.002,59.96,62.57,-2.61,0,2025-08-13 04:22:44,.,2e-06,0.3,0.002,False
lr2e-6_dr0.3_wd5e-4_focal_focal_focal,89,2e-06,0.3,0.0005,63.23,67.13,-3.9,1,2025-08-13 04:22:45,.,2e-06,0.3,0.0005,True
lr2e-6_dr0.3_wd1e-3_focal_focal_focal,55,2e-06,0.3,0.001,59.38,63.86,-4.48,1,2025-08-13 04:22:49,.,2e-06,0.3,0.001,True
lr2e-6_dr0.3_wd2e-3_focal_focal_focal,15,2e-06,0.3,0.002,56.34,60.96,-4.62,1,2025-08-13 04:24:18,.,2e-06,0.3,0.002,True
lr2e-6_dr0.3_wd5e-4_focal_focal_focal,90,2e-06,0.3,0.0005,63.58,67.37,-3.79,1,2025-08-13 04:24:46,.,2e-06,0.3,0.0005,True
lr2e-6_dr0.3_wd2e-3,15,2e-06,0.3,0.002,59.62,62.57,-2.95,0,2025-08-13 04:24:46,.,2e-06,0.3,0.002,False
lr2e-6_dr0.3_wd1e-3_focal_focal_focal,56,2e-06,0.3,0.001,59.5,64.29,-4.79,1,2025-08-13 04:24:50,.,2e-06,0.3,0.001,True
lr5e-6_dr0.5_wd1e-3_focal_focal_focal,82,5e-06,0.5,0.001,69.74,69.51,0.23,1,2025-08-13 04:24:52,.,5e-06,0.5,0.001,True
lr2e-6_dr0.3_wd5e-4,40,2e-06,0.3,0.0005,63.56,67.03,-3.47,0,2025-08-13 04:25:24,.,2e-06,0.3,0.0005,False
lr2e-6_dr0.3_wd1e-3,12,2e-06,0.3,0.001,59.67,63.66,-4.0,0,2025-08-13 04:25:54,.,2e-06,0.3,0.001,False
lr2e-6_dr0.4_wd5e-4_focal_focal_focal,3,2e-06,0.4,0.0005,54.56,58.8,-4.24,1,2025-08-13 04:25:58,.,2e-06,0.4,0.0005,True
lr2e-6_dr0.3_wd2e-3_focal_focal_focal,16,2e-06,0.3,0.002,56.21,61.3,-5.08,1,2025-08-13 04:26:18,.,2e-06,0.3,0.002,True
lr2e-6_dr0.3_wd5e-4_focal_focal_focal,91,2e-06,0.3,0.0005,63.78,67.21,-3.44,1,2025-08-13 04:26:47,.,2e-06,0.3,0.0005,True
lr2e-6_dr0.3_wd2e-3,16,2e-06,0.3,0.002,59.26,62.99,-3.74,0,2025-08-13 04:26:49,.,2e-06,0.3,0.002,False
lr2e-6_dr0.3_wd1e-3_focal_focal_focal,57,2e-06,0.3,0.001,59.48,64.67,-5.19,1,2025-08-13 04:26:52,.,2e-06,0.3,0.001,True
lr2e-6_dr0.3_wd2e-3_focal_focal_focal,17,2e-06,0.3,0.002,56.72,60.19,-3.47,1,2025-08-13 04:28:19,.,2e-06,0.3,0.002,True
lr5e-6_dr0.5_wd1e-3_focal_focal_focal,83,5e-06,0.5,0.001,70.73,69.87,0.86,1,2025-08-13 04:28:29,.,5e-06,0.5,0.001,True
lr2e-6_dr0.3_wd5e-4_focal_focal_focal,92,2e-06,0.3,0.0005,63.69,67.29,-3.6,1,2025-08-13 04:28:45,.,2e-06,0.3,0.0005,True
lr2e-6_dr0.3_wd2e-3,17,2e-06,0.3,0.002,60.46,62.61,-2.15,0,2025-08-13 04:28:50,.,2e-06,0.3,0.002,False
lr2e-6_dr0.3_wd1e-3_focal_focal_focal,58,2e-06,0.3,0.001,59.37,64.18,-4.82,1,2025-08-13 04:28:53,.,2e-06,0.3,0.001,True
lr2e-6_dr0.3_wd5e-4,41,2e-06,0.3,0.0005,63.58,67.9,-4.31,0,2025-08-13 04:29:07,.,2e-06,0.3,0.0005,False
lr2e-6_dr0.3_wd1e-3,13,2e-06,0.3,0.001,60.68,63.86,-3.18,0,2025-08-13 04:29:38,.,2e-06,0.3,0.001,False
lr2e-6_dr0.4_wd5e-4_focal_focal_focal,4,2e-06,0.4,0.0005,54.97,59.44,-4.47,1,2025-08-13 04:29:38,.,2e-06,0.4,0.0005,True
lr2e-6_dr0.3_wd2e-3_focal_focal_focal,18,2e-06,0.3,0.002,57.15,61.26,-4.11,1,2025-08-13 04:30:19,.,2e-06,0.3,0.002,True
lr2e-6_dr0.3_wd5e-4_focal_focal_focal,93,2e-06,0.3,0.0005,63.67,67.57,-3.91,1,2025-08-13 04:30:46,.,2e-06,0.3,0.0005,True
lr2e-6_dr0.3_wd2e-3,18,2e-06,0.3,0.002,60.34,62.81,-2.48,0,2025-08-13 04:30:51,.,2e-06,0.3,0.002,False
lr2e-6_dr0.3_wd1e-3_focal_focal_focal,59,2e-06,0.3,0.001,59.38,64.25,-4.87,1,2025-08-13 04:30:53,.,2e-06,0.3,0.001,True
lr5e-6_dr0.5_wd1e-3_focal_focal_focal,84,5e-06,0.5,0.001,71.02,70.26,0.76,1,2025-08-13 04:32:07,.,5e-06,0.5,0.001,True
lr2e-6_dr0.3_wd2e-3_focal_focal_focal,19,2e-06,0.3,0.002,56.39,60.86,-4.46,1,2025-08-13 04:32:18,.,2e-06,0.3,0.002,True
lr2e-6_dr0.3_wd5e-4_focal_focal_focal,94,2e-06,0.3,0.0005,63.7,66.97,-3.27,1,2025-08-13 04:32:46,.,2e-06,0.3,0.0005,True
lr2e-6_dr0.3_wd5e-4,42,2e-06,0.3,0.0005,63.62,67.86,-4.23,0,2025-08-13 04:32:50,.,2e-06,0.3,0.0005,False
lr2e-6_dr0.3_wd2e-3,19,2e-06,0.3,0.002,59.95,62.83,-2.88,0,2025-08-13 04:32:52,.,2e-06,0.3,0.002,False
lr2e-6_dr0.3_wd1e-3_focal_focal_focal,60,2e-06,0.3,0.001,58.89,64.21,-5.31,1,2025-08-13 04:32:52,.,2e-06,0.3,0.001,True
lr2e-6_dr0.4_wd5e-4_focal_focal_focal,5,2e-06,0.4,0.0005,54.89,58.84,-3.95,1,2025-08-13 04:33:20,.,2e-06,0.4,0.0005,True
lr2e-6_dr0.3_wd1e-3,14,2e-06,0.3,0.001,60.39,64.51,-4.12,0,2025-08-13 04:33:21,.,2e-06,0.3,0.001,False
lr2e-6_dr0.3_wd2e-3_focal_focal_focal,20,2e-06,0.3,0.002,56.86,60.88,-4.02,1,2025-08-13 04:34:18,.,2e-06,0.3,0.002,True
lr2e-6_dr0.3_wd5e-4_focal_focal_focal,95,2e-06,0.3,0.0005,63.32,67.62,-4.29,1,2025-08-13 04:34:46,.,2e-06,0.3,0.0005,True
lr2e-6_dr0.3_wd1e-3_focal_focal_focal,61,2e-06,0.3,0.001,59.89,64.08,-4.19,1,2025-08-13 04:34:52,.,2e-06,0.3,0.001,True
lr2e-6_dr0.3_wd2e-3,20,2e-06,0.3,0.002,59.75,62.35,-2.6,0,2025-08-13 04:34:53,.,2e-06,0.3,0.002,False
lr5e-6_dr0.5_wd1e-3_focal_focal_focal,85,5e-06,0.5,0.001,71.75,69.03,2.72,1,2025-08-13 04:35:46,.,5e-06,0.5,0.001,True
lr2e-6_dr0.3_wd2e-3_focal_focal_focal,21,2e-06,0.3,0.002,56.76,60.86,-4.09,1,2025-08-13 04:36:17,.,2e-06,0.3,0.002,True
lr2e-6_dr0.3_wd5e-4,43,2e-06,0.3,0.0005,63.82,67.7,-3.87,0,2025-08-13 04:36:33,.,2e-06,0.3,0.0005,False
lr2e-6_dr0.3_wd5e-4_focal_focal_focal,96,2e-06,0.3,0.0005,63.95,67.43,-3.48,1,2025-08-13 04:36:45,.,2e-06,0.3,0.0005,True
lr2e-6_dr0.3_wd2e-3,21,2e-06,0.3,0.002,59.85,63.38,-3.53,0,2025-08-13 04:36:52,.,2e-06,0.3,0.002,False
lr2e-6_dr0.3_wd1e-3_focal_focal_focal,62,2e-06,0.3,0.001,59.33,63.68,-4.35,1,2025-08-13 04:36:54,.,2e-06,0.3,0.001,True
lr2e-6_dr0.4_wd5e-4_focal_focal_focal,6,2e-06,0.4,0.0005,55.24,58.66,-3.42,1,2025-08-13 04:37:00,.,2e-06,0.4,0.0005,True
lr2e-6_dr0.3_wd1e-3,15,2e-06,0.3,0.001,60.43,63.92,-3.49,0,2025-08-13 04:37:06,.,2e-06,0.3,0.001,False
lr2e-6_dr0.3_wd2e-3_focal_focal_focal,22,2e-06,0.3,0.002,56.56,60.61,-4.06,1,2025-08-13 04:38:16,.,2e-06,0.3,0.002,True
lr2e-6_dr0.3_wd5e-4_focal_focal_focal,97,2e-06,0.3,0.0005,64.37,67.62,-3.24,1,2025-08-13 04:38:45,.,2e-06,0.3,0.0005,True
lr2e-6_dr0.3_wd1e-3_focal_focal_focal,63,2e-06,0.3,0.001,59.39,64.23,-4.84,1,2025-08-13 04:38:54,.,2e-06,0.3,0.001,True
lr2e-6_dr0.3_wd2e-3,22,2e-06,0.3,0.002,60.58,63.08,-2.5,0,2025-08-13 04:38:54,.,2e-06,0.3,0.002,False
lr5e-6_dr0.5_wd1e-3_focal_focal_focal,86,5e-06,0.5,0.001,72.77,69.35,3.42,1,2025-08-13 04:39:23,.,5e-06,0.5,0.001,True
lr2e-6_dr0.3_wd5e-4,44,2e-06,0.3,0.0005,63.99,67.41,-3.42,0,2025-08-13 04:40:14,.,2e-06,0.3,0.0005,False
lr2e-6_dr0.3_wd2e-3_focal_focal_focal,23,2e-06,0.3,0.002,56.58,61.24,-4.66,1,2025-08-13 04:40:16,.,2e-06,0.3,0.002,True
lr2e-6_dr0.4_wd5e-4_focal_focal_focal,7,2e-06,0.4,0.0005,55.58,59.67,-4.09,1,2025-08-13 04:40:38,.,2e-06,0.4,0.0005,True
lr2e-6_dr0.3_wd5e-4_focal_focal_focal,98,2e-06,0.3,0.0005,64.31,67.7,-3.39,1,2025-08-13 04:40:45,.,2e-06,0.3,0.0005,True
lr2e-6_dr0.3_wd1e-3,16,2e-06,0.3,0.001,60.68,64.29,-3.61,0,2025-08-13 04:40:47,.,2e-06,0.3,0.001,False
lr2e-6_dr0.3_wd2e-3,23,2e-06,0.3,0.002,60.52,63.36,-2.84,0,2025-08-13 04:40:55,.,2e-06,0.3,0.002,False
lr2e-6_dr0.3_wd1e-3_focal_focal_focal,64,2e-06,0.3,0.001,60.01,64.63,-4.62,1,2025-08-13 04:40:56,.,2e-06,0.3,0.001,True
lr2e-6_dr0.3_wd2e-3_focal_focal_focal,24,2e-06,0.3,0.002,56.81,61.4,-4.59,1,2025-08-13 04:42:15,.,2e-06,0.3,0.002,True
lr2e-6_dr0.3_wd5e-4_focal_focal_focal,99,2e-06,0.3,0.0005,64.14,67.57,-3.43,1,2025-08-13 04:42:43,.,2e-06,0.3,0.0005,True
lr2e-6_dr0.3_wd2e-3,24,2e-06,0.3,0.002,60.54,63.28,-2.74,0,2025-08-13 04:42:57,.,2e-06,0.3,0.002,False
lr2e-6_dr0.3_wd1e-3_focal_focal_focal,65,2e-06,0.3,0.001,60.07,65.19,-5.13,1,2025-08-13 04:42:58,.,2e-06,0.3,0.001,True
lr5e-6_dr0.5_wd1e-3_focal_focal_focal,87,5e-06,0.5,0.001,73.65,69.63,4.02,1,2025-08-13 04:43:00,.,5e-06,0.5,0.001,True
lr2e-6_dr0.3_wd5e-4,45,2e-06,0.3,0.0005,64.11,67.72,-3.61,0,2025-08-13 04:43:57,.,2e-06,0.3,0.0005,False
lr2e-6_dr0.3_wd2e-3_focal_focal_focal,25,2e-06,0.3,0.002,57.52,61.26,-3.74,1,2025-08-13 04:44:16,.,2e-06,0.3,0.002,True
lr2e-6_dr0.4_wd5e-4_focal_focal_focal,8,2e-06,0.4,0.0005,54.95,60.33,-5.38,1,2025-08-13 04:44:17,.,2e-06,0.4,0.0005,True
lr2e-6_dr0.3_wd1e-3,17,2e-06,0.3,0.001,60.46,64.12,-3.66,0,2025-08-13 04:44:29,.,2e-06,0.3,0.001,False
lr2e-6_dr0.3_wd5e-4_focal_focal_focal,100,2e-06,0.3,0.0005,64.16,68.24,-4.08,1,2025-08-13 04:44:43,.,2e-06,0.3,0.0005,True
lr2e-6_dr0.3_wd2e-3,25,2e-06,0.3,0.002,61.0,63.94,-2.95,0,2025-08-13 04:44:57,.,2e-06,0.3,0.002,False
lr2e-6_dr0.3_wd1e-3_focal_focal_focal,66,2e-06,0.3,0.001,60.04,65.6,-5.55,1,2025-08-13 04:44:59,.,2e-06,0.3,0.001,True
lr2e-6_dr0.3_wd2e-3_focal_focal_focal,26,2e-06,0.3,0.002,57.16,61.08,-3.91,1,2025-08-13 04:46:17,.,2e-06,0.3,0.002,True
lr5e-6_dr0.5_wd1e-3_focal_focal_focal,88,5e-06,0.5,0.001,73.44,68.48,4.96,1,2025-08-13 04:46:37,.,5e-06,0.5,0.001,True
lr2e-6_dr0.3_wd5e-4_focal_focal_focal,101,2e-06,0.3,0.0005,64.56,67.88,-3.31,1,2025-08-13 04:46:43,.,2e-06,0.3,0.0005,True
lr2e-6_dr0.3_wd2e-3,26,2e-06,0.3,0.002,61.26,64.1,-2.85,0,2025-08-13 04:46:59,.,2e-06,0.3,0.002,False
lr2e-6_dr0.3_wd1e-3_focal_focal_focal,67,2e-06,0.3,0.001,60.17,65.09,-4.92,1,2025-08-13 04:47:00,.,2e-06,0.3,0.001,True
lr2e-6_dr0.3_wd5e-4,46,2e-06,0.3,0.0005,63.99,67.88,-3.88,0,2025-08-13 04:47:41,.,2e-06,0.3,0.0005,False
lr2e-6_dr0.4_wd5e-4_focal_focal_focal,9,2e-06,0.4,0.0005,55.63,60.09,-4.46,1,2025-08-13 04:47:57,.,2e-06,0.4,0.0005,True
lr2e-6_dr0.3_wd1e-3,18,2e-06,0.3,0.001,60.49,64.37,-3.88,0,2025-08-13 04:48:12,.,2e-06,0.3,0.001,False
lr2e-6_dr0.3_wd2e-3_focal_focal_focal,27,2e-06,0.3,0.002,56.57,61.72,-5.15,1,2025-08-13 04:48:17,.,2e-06,0.3,0.002,True
lr2e-6_dr0.3_wd5e-4_focal_focal_focal,102,2e-06,0.3,0.0005,64.58,68.16,-3.58,1,2025-08-13 04:48:44,.,2e-06,0.3,0.0005,True
lr2e-6_dr0.3_wd1e-3_focal_focal_focal,68,2e-06,0.3,0.001,60.07,65.44,-5.37,1,2025-08-13 04:49:00,.,2e-06,0.3,0.001,True
lr2e-6_dr0.3_wd2e-3,27,2e-06,0.3,0.002,61.2,64.85,-3.65,0,2025-08-13 04:49:01,.,2e-06,0.3,0.002,False
lr5e-6_dr0.5_wd1e-3_focal_focal_focal,89,5e-06,0.5,0.001,74.11,67.7,6.41,1,2025-08-13 04:50:13,.,5e-06,0.5,0.001,True
lr2e-6_dr0.3_wd2e-3_focal_focal_focal,28,2e-06,0.3,0.002,56.8,62.05,-5.25,1,2025-08-13 04:50:17,.,2e-06,0.3,0.002,True
lr2e-6_dr0.3_wd5e-4_focal_focal_focal,103,2e-06,0.3,0.0005,64.52,68.1,-3.58,1,2025-08-13 04:50:44,.,2e-06,0.3,0.0005,True
lr2e-6_dr0.3_wd1e-3_focal_focal_focal,69,2e-06,0.3,0.001,60.35,65.23,-4.89,1,2025-08-13 04:51:00,.,2e-06,0.3,0.001,True
lr2e-6_dr0.3_wd2e-3,28,2e-06,0.3,0.002,61.23,64.14,-2.92,0,2025-08-13 04:51:03,.,2e-06,0.3,0.002,False
lr2e-6_dr0.3_wd5e-4,47,2e-06,0.3,0.0005,63.82,67.9,-4.08,0,2025-08-13 04:51:23,.,2e-06,0.3,0.0005,False
lr2e-6_dr0.4_wd5e-4_focal_focal_focal,10,2e-06,0.4,0.0005,55.94,59.46,-3.53,1,2025-08-13 04:51:37,.,2e-06,0.4,0.0005,True
lr2e-6_dr0.3_wd1e-3,19,2e-06,0.3,0.001,61.15,64.27,-3.12,0,2025-08-13 04:51:54,.,2e-06,0.3,0.001,False
lr2e-6_dr0.3_wd2e-3_focal_focal_focal,29,2e-06,0.3,0.002,57.23,61.54,-4.31,1,2025-08-13 04:52:18,.,2e-06,0.3,0.002,True
lr2e-6_dr0.3_wd5e-4_focal_focal_focal,104,2e-06,0.3,0.0005,64.85,67.43,-2.59,1,2025-08-13 04:52:44,.,2e-06,0.3,0.0005,True
lr2e-6_dr0.3_wd1e-3_focal_focal_focal,70,2e-06,0.3,0.001,60.74,65.07,-4.33,1,2025-08-13 04:53:02,.,2e-06,0.3,0.001,True
lr2e-6_dr0.3_wd2e-3,29,2e-06,0.3,0.002,61.53,64.45,-2.92,0,2025-08-13 04:53:03,.,2e-06,0.3,0.002,False
lr5e-6_dr0.5_wd1e-3_focal_focal_focal,90,5e-06,0.5,0.001,74.49,68.77,5.72,1,2025-08-13 04:53:50,.,5e-06,0.5,0.001,True
lr2e-6_dr0.3_wd2e-3_focal_focal_focal,30,2e-06,0.3,0.002,57.49,61.88,-4.39,1,2025-08-13 04:54:18,.,2e-06,0.3,0.002,True
lr2e-6_dr0.3_wd5e-4_focal_focal_focal,105,2e-06,0.3,0.0005,64.94,67.94,-3.0,1,2025-08-13 04:54:43,.,2e-06,0.3,0.0005,True
lr2e-6_dr0.3_wd1e-3_focal_focal_focal,71,2e-06,0.3,0.001,60.93,65.94,-5.01,1,2025-08-13 04:55:03,.,2e-06,0.3,0.001,True
lr2e-6_dr0.3_wd2e-3,30,2e-06,0.3,0.002,61.17,64.71,-3.54,0,2025-08-13 04:55:05,.,2e-06,0.3,0.002,False
lr2e-6_dr0.3_wd5e-4,48,2e-06,0.3,0.0005,63.92,67.59,-3.67,0,2025-08-13 04:55:07,.,2e-06,0.3,0.0005,False
lr2e-6_dr0.4_wd5e-4_focal_focal_focal,11,2e-06,0.4,0.0005,56.07,59.83,-3.75,1,2025-08-13 04:55:15,.,2e-06,0.4,0.0005,True
lr2e-6_dr0.3_wd1e-3,20,2e-06,0.3,0.001,60.33,63.76,-3.43,0,2025-08-13 04:55:35,.,2e-06,0.3,0.001,False
lr2e-6_dr0.3_wd2e-3_focal_focal_focal,31,2e-06,0.3,0.002,57.96,61.95,-3.99,1,2025-08-13 04:56:19,.,2e-06,0.3,0.002,True
lr2e-6_dr0.3_wd5e-4_focal_focal_focal,106,2e-06,0.3,0.0005,64.54,67.57,-3.04,1,2025-08-13 04:56:41,.,2e-06,0.3,0.0005,True
lr2e-6_dr0.3_wd1e-3_focal_focal_focal,72,2e-06,0.3,0.001,60.74,64.59,-3.85,1,2025-08-13 04:57:05,.,2e-06,0.3,0.001,True
lr2e-6_dr0.3_wd2e-3,31,2e-06,0.3,0.002,62.55,64.63,-2.08,0,2025-08-13 04:57:08,.,2e-06,0.3,0.002,False
lr5e-6_dr0.5_wd1e-3_focal_focal_focal,91,5e-06,0.5,0.001,75.22,68.77,6.46,1,2025-08-13 04:57:27,.,5e-06,0.5,0.001,True
lr2e-6_dr0.3_wd2e-3_focal_focal_focal,32,2e-06,0.3,0.002,57.68,61.9,-4.23,1,2025-08-13 04:58:20,.,2e-06,0.3,0.002,True
lr2e-6_dr0.3_wd5e-4_focal_focal_focal,107,2e-06,0.3,0.0005,64.65,67.55,-2.91,1,2025-08-13 04:58:40,.,2e-06,0.3,0.0005,True
lr2e-6_dr0.3_wd5e-4,49,2e-06,0.3,0.0005,63.65,68.04,-4.39,0,2025-08-13 04:58:49,.,2e-06,0.3,0.0005,False
lr2e-6_dr0.4_wd5e-4_focal_focal_focal,12,2e-06,0.4,0.0005,55.97,60.75,-4.79,1,2025-08-13 04:58:53,.,2e-06,0.4,0.0005,True
lr2e-6_dr0.3_wd1e-3_focal_focal_focal,73,2e-06,0.3,0.001,61.34,65.84,-4.49,1,2025-08-13 04:59:05,.,2e-06,0.3,0.001,True
lr2e-6_dr0.3_wd2e-3,32,2e-06,0.3,0.002,61.62,65.48,-3.85,0,2025-08-13 04:59:08,.,2e-06,0.3,0.002,False
lr2e-6_dr0.3_wd1e-3,21,2e-06,0.3,0.001,60.86,63.84,-2.99,0,2025-08-13 04:59:16,.,2e-06,0.3,0.001,False
lr2e-6_dr0.3_wd2e-3_focal_focal_focal,33,2e-06,0.3,0.002,57.93,62.15,-4.21,1,2025-08-13 05:00:22,.,2e-06,0.3,0.002,True
lr2e-6_dr0.3_wd5e-4_focal_focal_focal,108,2e-06,0.3,0.0005,64.85,67.88,-3.03,1,2025-08-13 05:00:38,.,2e-06,0.3,0.0005,True
lr5e-6_dr0.5_wd1e-3_focal_focal_focal,92,5e-06,0.5,0.001,76.08,68.68,7.4,1,2025-08-13 05:01:04,.,5e-06,0.5,0.001,True
lr2e-6_dr0.3_wd1e-3_focal_focal_focal,74,2e-06,0.3,0.001,61.08,65.6,-4.52,1,2025-08-13 05:01:06,.,2e-06,0.3,0.001,True
lr2e-6_dr0.3_wd2e-3,33,2e-06,0.3,0.002,62.0,65.58,-3.58,0,2025-08-13 05:01:11,.,2e-06,0.3,0.002,False
lr2e-6_dr0.3_wd2e-3_focal_focal_focal,34,2e-06,0.3,0.002,58.02,62.23,-4.21,1,2025-08-13 05:02:23,.,2e-06,0.3,0.002,True
lr2e-6_dr0.3_wd5e-4,50,2e-06,0.3,0.0005,64.13,67.37,-3.24,0,2025-08-13 05:02:32,.,2e-06,0.3,0.0005,False
lr2e-6_dr0.4_wd5e-4_focal_focal_focal,13,2e-06,0.4,0.0005,55.84,61.36,-5.52,1,2025-08-13 05:02:33,.,2e-06,0.4,0.0005,True
lr2e-6_dr0.3_wd5e-4_focal_focal_focal,109,2e-06,0.3,0.0005,64.97,67.47,-2.51,1,2025-08-13 05:02:36,.,2e-06,0.3,0.0005,True
lr2e-6_dr0.3_wd1e-3,22,2e-06,0.3,0.001,60.28,63.48,-3.2,0,2025-08-13 05:02:59,.,2e-06,0.3,0.001,False
lr2e-6_dr0.3_wd1e-3_focal_focal_focal,75,2e-06,0.3,0.001,61.34,66.16,-4.82,1,2025-08-13 05:03:06,.,2e-06,0.3,0.001,True
lr2e-6_dr0.3_wd2e-3,34,2e-06,0.3,0.002,62.1,65.52,-3.42,0,2025-08-13 05:03:13,.,2e-06,0.3,0.002,False
lr2e-6_dr0.3_wd2e-3_focal_focal_focal,35,2e-06,0.3,0.002,58.1,62.27,-4.17,1,2025-08-13 05:04:24,.,2e-06,0.3,0.002,True
lr2e-6_dr0.3_wd5e-4_focal_focal_focal,110,2e-06,0.3,0.0005,65.31,67.64,-2.32,1,2025-08-13 05:04:34,.,2e-06,0.3,0.0005,True
lr5e-6_dr0.5_wd1e-3_focal_focal_focal,93,5e-06,0.5,0.001,76.54,66.91,9.63,1,2025-08-13 05:04:41,.,5e-06,0.5,0.001,True
lr2e-6_dr0.3_wd1e-3_focal_focal_focal,76,2e-06,0.3,0.001,61.56,65.74,-4.18,1,2025-08-13 05:05:07,.,2e-06,0.3,0.001,True
lr2e-6_dr0.3_wd2e-3,35,2e-06,0.3,0.002,61.92,65.07,-3.15,0,2025-08-13 05:05:15,.,2e-06,0.3,0.002,False
lr2e-6_dr0.3_wd5e-4,51,2e-06,0.3,0.0005,64.3,67.8,-3.5,0,2025-08-13 05:06:14,.,2e-06,0.3,0.0005,False
lr2e-6_dr0.4_wd5e-4_focal_focal_focal,14,2e-06,0.4,0.0005,56.46,60.73,-4.27,1,2025-08-13 05:06:14,.,2e-06,0.4,0.0005,True
lr2e-6_dr0.3_wd2e-3_focal_focal_focal,36,2e-06,0.3,0.002,58.18,62.95,-4.77,1,2025-08-13 05:06:25,.,2e-06,0.3,0.002,True
lr2e-6_dr0.3_wd5e-4_focal_focal_focal,111,2e-06,0.3,0.0005,65.52,68.06,-2.54,1,2025-08-13 05:06:32,.,2e-06,0.3,0.0005,True
lr2e-6_dr0.3_wd1e-3,23,2e-06,0.3,0.001,61.03,64.47,-3.44,0,2025-08-13 05:06:41,.,2e-06,0.3,0.001,False
lr2e-6_dr0.3_wd1e-3_focal_focal_focal,77,2e-06,0.3,0.001,61.17,66.2,-5.03,1,2025-08-13 05:07:06,.,2e-06,0.3,0.001,True
lr2e-6_dr0.3_wd2e-3,36,2e-06,0.3,0.002,61.79,65.78,-3.99,0,2025-08-13 05:07:17,.,2e-06,0.3,0.002,False
lr5e-6_dr0.5_wd1e-3_focal_focal_focal,94,5e-06,0.5,0.001,76.9,68.56,8.33,1,2025-08-13 05:08:18,.,5e-06,0.5,0.001,True
lr2e-6_dr0.3_wd2e-3_focal_focal_focal,37,2e-06,0.3,0.002,58.6,62.91,-4.32,1,2025-08-13 05:08:27,.,2e-06,0.3,0.002,True
lr2e-6_dr0.3_wd5e-4_focal_focal_focal,112,2e-06,0.3,0.0005,64.99,68.54,-3.55,1,2025-08-13 05:08:31,.,2e-06,0.3,0.0005,True
lr2e-6_dr0.3_wd1e-3_focal_focal_focal,78,2e-06,0.3,0.001,61.94,65.9,-3.96,1,2025-08-13 05:09:08,.,2e-06,0.3,0.001,True
lr2e-6_dr0.3_wd2e-3,37,2e-06,0.3,0.002,62.37,65.74,-3.37,0,2025-08-13 05:09:19,.,2e-06,0.3,0.002,False
lr2e-6_dr0.4_wd5e-4_focal_focal_focal,15,2e-06,0.4,0.0005,56.39,60.19,-3.8,1,2025-08-13 05:09:53,.,2e-06,0.4,0.0005,True
lr2e-6_dr0.3_wd5e-4,52,2e-06,0.3,0.0005,63.72,67.51,-3.79,0,2025-08-13 05:09:55,.,2e-06,0.3,0.0005,False
lr2e-6_dr0.3_wd1e-3,24,2e-06,0.3,0.001,60.61,64.37,-3.75,0,2025-08-13 05:10:23,.,2e-06,0.3,0.001,False
lr2e-6_dr0.3_wd2e-3_focal_focal_focal,38,2e-06,0.3,0.002,58.08,63.84,-5.77,1,2025-08-13 05:10:28,.,2e-06,0.3,0.002,True
lr2e-6_dr0.3_wd5e-4_focal_focal_focal,113,2e-06,0.3,0.0005,65.26,67.9,-2.63,1,2025-08-13 05:10:31,.,2e-06,0.3,0.0005,True
lr2e-6_dr0.3_wd1e-3_focal_focal_focal,79,2e-06,0.3,0.001,62.02,66.08,-4.07,1,2025-08-13 05:11:09,.,2e-06,0.3,0.001,True
lr2e-6_dr0.3_wd2e-3,38,2e-06,0.3,0.002,62.45,65.9,-3.45,0,2025-08-13 05:11:20,.,2e-06,0.3,0.002,False
lr5e-6_dr0.5_wd1e-3_focal_focal_focal,95,5e-06,0.5,0.001,77.43,68.74,8.68,1,2025-08-13 05:11:54,.,5e-06,0.5,0.001,True
lr2e-6_dr0.3_wd2e-3_focal_focal_focal,39,2e-06,0.3,0.002,58.54,63.54,-5.0,1,2025-08-13 05:12:29,.,2e-06,0.3,0.002,True
lr2e-6_dr0.3_wd5e-4_focal_focal_focal,114,2e-06,0.3,0.0005,65.76,68.52,-2.76,1,2025-08-13 05:12:32,.,2e-06,0.3,0.0005,True
lr2e-6_dr0.3_wd1e-3_focal_focal_focal,80,2e-06,0.3,0.001,62.25,66.12,-3.87,1,2025-08-13 05:13:11,.,2e-06,0.3,0.001,True
lr2e-6_dr0.3_wd2e-3,39,2e-06,0.3,0.002,62.55,65.66,-3.11,0,2025-08-13 05:13:22,.,2e-06,0.3,0.002,False
lr2e-6_dr0.4_wd5e-4_focal_focal_focal,16,2e-06,0.4,0.0005,56.46,60.01,-3.55,1,2025-08-13 05:13:31,.,2e-06,0.4,0.0005,True
lr2e-6_dr0.3_wd5e-4,53,2e-06,0.3,0.0005,64.05,67.82,-3.77,0,2025-08-13 05:13:36,.,2e-06,0.3,0.0005,False
lr2e-6_dr0.3_wd1e-3,25,2e-06,0.3,0.001,61.23,64.1,-2.87,0,2025-08-13 05:14:07,.,2e-06,0.3,0.001,False
lr2e-6_dr0.3_wd2e-3_focal_focal_focal,40,2e-06,0.3,0.002,58.66,63.76,-5.1,1,2025-08-13 05:14:30,.,2e-06,0.3,0.002,True
lr2e-6_dr0.3_wd5e-4_focal_focal_focal,115,2e-06,0.3,0.0005,65.66,68.14,-2.48,1,2025-08-13 05:14:32,.,2e-06,0.3,0.0005,True
lr2e-6_dr0.3_wd1e-3_focal_focal_focal,81,2e-06,0.3,0.001,61.78,66.22,-4.44,1,2025-08-13 05:15:12,.,2e-06,0.3,0.001,True
lr2e-6_dr0.3_wd2e-3,40,2e-06,0.3,0.002,62.52,66.24,-3.73,0,2025-08-13 05:15:22,.,2e-06,0.3,0.002,False
lr5e-6_dr0.5_wd1e-3_focal_focal_focal,96,5e-06,0.5,0.001,78.16,69.43,8.73,1,2025-08-13 05:15:30,.,5e-06,0.5,0.001,True
lr2e-6_dr0.3_wd5e-4_focal_focal_focal,116,2e-06,0.3,0.0005,65.33,67.7,-2.36,1,2025-08-13 05:16:30,.,2e-06,0.3,0.0005,True
lr2e-6_dr0.3_wd2e-3_focal_focal_focal,41,2e-06,0.3,0.002,59.01,63.56,-4.54,1,2025-08-13 05:16:31,.,2e-06,0.3,0.002,True
lr2e-6_dr0.4_wd5e-4_focal_focal_focal,17,2e-06,0.4,0.0005,56.08,60.53,-4.45,1,2025-08-13 05:17:10,.,2e-06,0.4,0.0005,True
lr2e-6_dr0.3_wd1e-3_focal_focal_focal,82,2e-06,0.3,0.001,61.98,66.18,-4.21,1,2025-08-13 05:17:13,.,2e-06,0.3,0.001,True
lr2e-6_dr0.3_wd5e-4,54,2e-06,0.3,0.0005,64.04,68.02,-3.97,0,2025-08-13 05:17:20,.,2e-06,0.3,0.0005,False
lr2e-6_dr0.3_wd2e-3,41,2e-06,0.3,0.002,62.88,66.26,-3.38,0,2025-08-13 05:17:24,.,2e-06,0.3,0.002,False
lr2e-6_dr0.3_wd1e-3,26,2e-06,0.3,0.001,61.13,65.09,-3.96,0,2025-08-13 05:17:50,.,2e-06,0.3,0.001,False
lr2e-6_dr0.3_wd5e-4_focal_focal_focal,117,2e-06,0.3,0.0005,65.32,67.72,-2.39,1,2025-08-13 05:18:31,.,2e-06,0.3,0.0005,True
lr2e-6_dr0.3_wd2e-3_focal_focal_focal,42,2e-06,0.3,0.002,58.98,63.4,-4.42,1,2025-08-13 05:18:31,.,2e-06,0.3,0.002,True
lr5e-6_dr0.5_wd1e-3_focal_focal_focal,97,5e-06,0.5,0.001,78.66,68.54,10.12,1,2025-08-13 05:19:08,.,5e-06,0.5,0.001,True
lr2e-6_dr0.3_wd1e-3_focal_focal_focal,83,2e-06,0.3,0.001,62.09,66.69,-4.6,1,2025-08-13 05:19:14,.,2e-06,0.3,0.001,True
lr2e-6_dr0.3_wd2e-3,42,2e-06,0.3,0.002,62.57,66.28,-3.72,0,2025-08-13 05:19:26,.,2e-06,0.3,0.002,False
lr2e-6_dr0.3_wd5e-4_focal_focal_focal,118,2e-06,0.3,0.0005,65.0,68.0,-3.0,1,2025-08-13 05:20:31,.,2e-06,0.3,0.0005,True
lr2e-6_dr0.3_wd2e-3_focal_focal_focal,43,2e-06,0.3,0.002,59.33,63.96,-4.63,1,2025-08-13 05:20:33,.,2e-06,0.3,0.002,True
lr2e-6_dr0.4_wd5e-4_focal_focal_focal,18,2e-06,0.4,0.0005,56.98,60.41,-3.43,1,2025-08-13 05:20:50,.,2e-06,0.4,0.0005,True
lr2e-6_dr0.3_wd5e-4,55,2e-06,0.3,0.0005,63.89,67.86,-3.96,0,2025-08-13 05:21:03,.,2e-06,0.3,0.0005,False
lr2e-6_dr0.3_wd1e-3_focal_focal_focal,84,2e-06,0.3,0.001,62.35,66.81,-4.46,1,2025-08-13 05:21:15,.,2e-06,0.3,0.001,True
lr2e-6_dr0.3_wd2e-3,43,2e-06,0.3,0.002,62.96,66.2,-3.24,0,2025-08-13 05:21:28,.,2e-06,0.3,0.002,False
lr2e-6_dr0.3_wd1e-3,27,2e-06,0.3,0.001,61.66,64.55,-2.89,0,2025-08-13 05:21:33,.,2e-06,0.3,0.001,False
lr2e-6_dr0.3_wd5e-4_focal_focal_focal,119,2e-06,0.3,0.0005,65.49,68.1,-2.61,1,2025-08-13 05:22:31,.,2e-06,0.3,0.0005,True
lr2e-6_dr0.3_wd2e-3_focal_focal_focal,44,2e-06,0.3,0.002,59.02,62.97,-3.95,1,2025-08-13 05:22:34,.,2e-06,0.3,0.002,True
lr5e-6_dr0.5_wd1e-3_focal_focal_focal,98,5e-06,0.5,0.001,79.71,67.98,11.73,1,2025-08-13 05:22:44,.,5e-06,0.5,0.001,True
lr2e-6_dr0.3_wd1e-3_focal_focal_focal,85,2e-06,0.3,0.001,62.9,66.73,-3.83,1,2025-08-13 05:23:17,.,2e-06,0.3,0.001,True
lr2e-6_dr0.3_wd2e-3,44,2e-06,0.3,0.002,62.69,66.46,-3.78,0,2025-08-13 05:23:30,.,2e-06,0.3,0.002,False
lr2e-6_dr0.4_wd5e-4_focal_focal_focal,19,2e-06,0.4,0.0005,56.46,61.02,-4.56,1,2025-08-13 05:24:28,.,2e-06,0.4,0.0005,True
lr2e-6_dr0.3_wd5e-4_focal_focal_focal,120,2e-06,0.3,0.0005,65.76,67.49,-1.74,1,2025-08-13 05:24:32,.,2e-06,0.3,0.0005,True
lr2e-6_dr0.3_wd2e-3_focal_focal_focal,45,2e-06,0.3,0.002,58.88,63.2,-4.31,1,2025-08-13 05:24:34,.,2e-06,0.3,0.002,True
lr2e-6_dr0.3_wd5e-4,56,2e-06,0.3,0.0005,64.1,67.7,-3.6,0,2025-08-13 05:24:46,.,2e-06,0.3,0.0005,False
lr2e-6_dr0.3_wd1e-3,28,2e-06,0.3,0.001,62.02,65.42,-3.39,0,2025-08-13 05:25:15,.,2e-06,0.3,0.001,False
lr2e-6_dr0.3_wd1e-3_focal_focal_focal,86,2e-06,0.3,0.001,62.68,67.05,-4.37,1,2025-08-13 05:25:16,.,2e-06,0.3,0.001,True
lr2e-6_dr0.3_wd2e-3,45,2e-06,0.3,0.002,62.97,65.84,-2.87,0,2025-08-13 05:25:32,.,2e-06,0.3,0.002,False
lr5e-6_dr0.5_wd1e-3_focal_focal_focal,99,5e-06,0.5,0.001,79.88,68.36,11.52,1,2025-08-13 05:26:21,.,5e-06,0.5,0.001,True
lr2e-6_dr0.3_wd5e-4_focal_focal_focal,121,2e-06,0.3,0.0005,65.82,68.28,-2.46,1,2025-08-13 05:26:31,.,2e-06,0.3,0.0005,True
lr2e-6_dr0.3_wd2e-3_focal_focal_focal,46,2e-06,0.3,0.002,58.66,63.36,-4.7,1,2025-08-13 05:26:33,.,2e-06,0.3,0.002,True
lr2e-6_dr0.3_wd1e-3_focal_focal_focal,87,2e-06,0.3,0.001,62.99,66.93,-3.93,1,2025-08-13 05:27:17,.,2e-06,0.3,0.001,True
lr2e-6_dr0.3_wd2e-3,46,2e-06,0.3,0.002,63.07,66.57,-3.5,0,2025-08-13 05:27:32,.,2e-06,0.3,0.002,False
lr2e-6_dr0.4_wd5e-4_focal_focal_focal,20,2e-06,0.4,0.0005,56.04,60.55,-4.51,1,2025-08-13 05:28:07,.,2e-06,0.4,0.0005,True
lr2e-6_dr0.3_wd5e-4,57,2e-06,0.3,0.0005,64.29,67.51,-3.22,0,2025-08-13 05:28:26,.,2e-06,0.3,0.0005,False
lr2e-6_dr0.3_wd5e-4_focal_focal_focal,122,2e-06,0.3,0.0005,65.76,67.59,-1.84,1,2025-08-13 05:28:31,.,2e-06,0.3,0.0005,True
lr2e-6_dr0.3_wd2e-3_focal_focal_focal,47,2e-06,0.3,0.002,59.55,63.34,-3.78,1,2025-08-13 05:28:32,.,2e-06,0.3,0.002,True
lr2e-6_dr0.3_wd1e-3,29,2e-06,0.3,0.001,61.56,64.51,-2.95,0,2025-08-13 05:28:57,.,2e-06,0.3,0.001,False
lr2e-6_dr0.3_wd1e-3_focal_focal_focal,88,2e-06,0.3,0.001,63.52,66.85,-3.32,1,2025-08-13 05:29:17,.,2e-06,0.3,0.001,True
lr2e-6_dr0.3_wd2e-3,47,2e-06,0.3,0.002,63.45,66.08,-2.63,0,2025-08-13 05:29:34,.,2e-06,0.3,0.002,False
lr2e-6_dr0.3_wd2e-3_focal_focal_focal,48,2e-06,0.3,0.002,59.11,64.1,-5.0,1,2025-08-13 05:30:32,.,2e-06,0.3,0.002,True
lr2e-6_dr0.3_wd5e-4_focal_focal_focal,123,2e-06,0.3,0.0005,66.12,67.86,-1.74,1,2025-08-13 05:30:33,.,2e-06,0.3,0.0005,True
lr2e-6_dr0.3_wd1e-3_focal_focal_focal,89,2e-06,0.3,0.001,62.48,67.41,-4.93,1,2025-08-13 05:31:16,.,2e-06,0.3,0.001,True
lr2e-6_dr0.4_wd5e-4,1,2e-06,0.4,0.0005,52.47,58.13,-5.66,0,2025-08-13 05:31:33,.,2e-06,0.4,0.0005,False
lr2e-6_dr0.3_wd2e-3,48,2e-06,0.3,0.002,63.4,66.24,-2.85,0,2025-08-13 05:31:34,.,2e-06,0.3,0.002,False
lr2e-6_dr0.4_wd5e-4_focal_focal_focal,21,2e-06,0.4,0.0005,56.66,60.92,-4.25,1,2025-08-13 05:31:48,.,2e-06,0.4,0.0005,True
lr2e-6_dr0.3_wd5e-4,58,2e-06,0.3,0.0005,64.28,67.84,-3.56,0,2025-08-13 05:32:08,.,2e-06,0.3,0.0005,False
lr2e-6_dr0.3_wd5e-4_focal_focal_focal,124,2e-06,0.3,0.0005,65.47,68.14,-2.67,1,2025-08-13 05:32:32,.,2e-06,0.3,0.0005,True
lr2e-6_dr0.3_wd2e-3_focal_focal_focal,49,2e-06,0.3,0.002,59.31,63.94,-4.64,1,2025-08-13 05:32:33,.,2e-06,0.3,0.002,True
lr2e-6_dr0.3_wd1e-3,30,2e-06,0.3,0.001,62.11,65.6,-3.49,0,2025-08-13 05:32:39,.,2e-06,0.3,0.001,False
lr2e-6_dr0.3_wd1e-3_focal_focal_focal,90,2e-06,0.3,0.001,62.91,66.85,-3.94,1,2025-08-13 05:33:17,.,2e-06,0.3,0.001,True
lr2e-6_dr0.3_wd2e-3,49,2e-06,0.3,0.002,63.6,66.12,-2.52,0,2025-08-13 05:33:35,.,2e-06,0.3,0.002,False
lr2e-6_dr0.3_wd5e-4_focal_focal_focal,125,2e-06,0.3,0.0005,65.28,68.0,-2.71,1,2025-08-13 05:34:32,.,2e-06,0.3,0.0005,True
lr2e-6_dr0.3_wd2e-3_focal_focal_focal,50,2e-06,0.3,0.002,59.26,63.92,-4.67,1,2025-08-13 05:34:36,.,2e-06,0.3,0.002,True
lr2e-6_dr0.4_wd5e-4,2,2e-06,0.4,0.0005,55.11,59.44,-4.33,0,2025-08-13 05:35:13,.,2e-06,0.4,0.0005,False
lr2e-6_dr0.3_wd1e-3_focal_focal_focal,91,2e-06,0.3,0.001,62.87,67.15,-4.28,1,2025-08-13 05:35:17,.,2e-06,0.3,0.001,True
lr2e-6_dr0.4_wd5e-4_focal_focal_focal,22,2e-06,0.4,0.0005,56.91,60.53,-3.62,1,2025-08-13 05:35:29,.,2e-06,0.4,0.0005,True
lr2e-6_dr0.3_wd2e-3,50,2e-06,0.3,0.002,63.27,66.55,-3.28,0,2025-08-13 05:35:36,.,2e-06,0.3,0.002,False
lr2e-6_dr0.3_wd5e-4,59,2e-06,0.3,0.0005,64.45,67.78,-3.33,0,2025-08-13 05:35:49,.,2e-06,0.3,0.0005,False
lr2e-6_dr0.3_wd1e-3,31,2e-06,0.3,0.001,61.95,65.33,-3.38,0,2025-08-13 05:36:23,.,2e-06,0.3,0.001,False
lr2e-6_dr0.3_wd5e-4_focal_focal_focal,126,2e-06,0.3,0.0005,65.82,68.3,-2.48,1,2025-08-13 05:36:32,.,2e-06,0.3,0.0005,True
lr2e-6_dr0.3_wd2e-3_focal_focal_focal,51,2e-06,0.3,0.002,59.49,64.14,-4.65,1,2025-08-13 05:36:37,.,2e-06,0.3,0.002,True
lr2e-6_dr0.3_wd1e-3_focal_focal_focal,92,2e-06,0.3,0.001,63.4,66.67,-3.26,1,2025-08-13 05:37:17,.,2e-06,0.3,0.001,True
lr2e-6_dr0.3_wd2e-3,51,2e-06,0.3,0.002,62.74,66.81,-4.07,0,2025-08-13 05:37:38,.,2e-06,0.3,0.002,False
lr2e-6_dr0.3_wd5e-4_focal_focal_focal,127,2e-06,0.3,0.0005,65.61,68.12,-2.51,1,2025-08-13 05:38:32,.,2e-06,0.3,0.0005,True
lr2e-6_dr0.3_wd2e-3_focal_focal_focal,52,2e-06,0.3,0.002,59.61,63.98,-4.37,1,2025-08-13 05:38:38,.,2e-06,0.3,0.002,True
lr2e-6_dr0.4_wd5e-4,3,2e-06,0.4,0.0005,56.77,60.69,-3.92,0,2025-08-13 05:38:54,.,2e-06,0.4,0.0005,False
lr2e-6_dr0.4_wd5e-4_focal_focal_focal,23,2e-06,0.4,0.0005,56.84,60.59,-3.76,1,2025-08-13 05:39:09,.,2e-06,0.4,0.0005,True
lr2e-6_dr0.3_wd1e-3_focal_focal_focal,93,2e-06,0.3,0.001,63.12,66.1,-2.99,1,2025-08-13 05:39:17,.,2e-06,0.3,0.001,True
lr2e-6_dr0.3_wd5e-4,60,2e-06,0.3,0.0005,64.0,67.74,-3.74,0,2025-08-13 05:39:30,.,2e-06,0.3,0.0005,False
lr2e-6_dr0.3_wd2e-3,52,2e-06,0.3,0.002,63.2,66.59,-3.39,0,2025-08-13 05:39:40,.,2e-06,0.3,0.002,False
lr2e-6_dr0.3_wd1e-3,32,2e-06,0.3,0.001,62.21,65.9,-3.69,0,2025-08-13 05:40:06,.,2e-06,0.3,0.001,False
lr2e-6_dr0.3_wd5e-4_focal_focal_focal,128,2e-06,0.3,0.0005,66.04,68.06,-2.02,1,2025-08-13 05:40:32,.,2e-06,0.3,0.0005,True
lr2e-6_dr0.3_wd2e-3_focal_focal_focal,53,2e-06,0.3,0.002,59.23,63.72,-4.49,1,2025-08-13 05:40:38,.,2e-06,0.3,0.002,True
lr2e-6_dr0.3_wd1e-3_focal_focal_focal,94,2e-06,0.3,0.001,63.74,67.15,-3.42,1,2025-08-13 05:41:16,.,2e-06,0.3,0.001,True
lr2e-6_dr0.3_wd2e-3,53,2e-06,0.3,0.002,63.06,66.3,-3.24,0,2025-08-13 05:41:40,.,2e-06,0.3,0.002,False
lr2e-6_dr0.3_wd5e-4_focal_focal_focal,129,2e-06,0.3,0.0005,65.84,67.86,-2.01,1,2025-08-13 05:42:30,.,2e-06,0.3,0.0005,True
lr2e-6_dr0.4_wd5e-4,4,2e-06,0.4,0.0005,57.39,61.08,-3.69,0,2025-08-13 05:42:34,.,2e-06,0.4,0.0005,False
lr2e-6_dr0.3_wd2e-3_focal_focal_focal,54,2e-06,0.3,0.002,59.5,64.08,-4.58,1,2025-08-13 05:42:39,.,2e-06,0.3,0.002,True
lr2e-6_dr0.4_wd5e-4_focal_focal_focal,24,2e-06,0.4,0.0005,56.51,61.22,-4.71,1,2025-08-13 05:42:50,.,2e-06,0.4,0.0005,True
lr2e-6_dr0.3_wd5e-4,61,2e-06,0.3,0.0005,64.28,67.59,-3.32,0,2025-08-13 05:43:10,.,2e-06,0.3,0.0005,False
lr2e-6_dr0.3_wd1e-3_focal_focal_focal,95,2e-06,0.3,0.001,63.46,67.11,-3.65,1,2025-08-13 05:43:17,.,2e-06,0.3,0.001,True
lr2e-6_dr0.3_wd2e-3,54,2e-06,0.3,0.002,63.35,66.04,-2.69,0,2025-08-13 05:43:40,.,2e-06,0.3,0.002,False
lr2e-6_dr0.3_wd1e-3,33,2e-06,0.3,0.001,62.58,66.14,-3.56,0,2025-08-13 05:43:49,.,2e-06,0.3,0.001,False
lr2e-6_dr0.3_wd5e-4_focal_focal_focal,130,2e-06,0.3,0.0005,65.9,67.92,-2.02,1,2025-08-13 05:44:30,.,2e-06,0.3,0.0005,True
lr2e-6_dr0.3_wd2e-3_focal_focal_focal,55,2e-06,0.3,0.002,59.12,63.42,-4.3,1,2025-08-13 05:44:40,.,2e-06,0.3,0.002,True
lr2e-6_dr0.3_wd1e-3_focal_focal_focal,96,2e-06,0.3,0.001,63.59,67.35,-3.76,1,2025-08-13 05:45:17,.,2e-06,0.3,0.001,True
lr2e-6_dr0.3_wd2e-3,55,2e-06,0.3,0.002,63.25,66.08,-2.83,0,2025-08-13 05:45:41,.,2e-06,0.3,0.002,False
lr2e-6_dr0.4_wd5e-4,5,2e-06,0.4,0.0005,57.78,61.62,-3.84,0,2025-08-13 05:46:14,.,2e-06,0.4,0.0005,False
lr2e-6_dr0.4_wd5e-4_focal_focal_focal,25,2e-06,0.4,0.0005,56.1,61.06,-4.96,1,2025-08-13 05:46:30,.,2e-06,0.4,0.0005,True
lr2e-6_dr0.3_wd5e-4_focal_focal_focal,131,2e-06,0.3,0.0005,66.15,67.88,-1.73,1,2025-08-13 05:46:30,.,2e-06,0.3,0.0005,True
lr2e-6_dr0.3_wd2e-3_focal_focal_focal,56,2e-06,0.3,0.002,60.16,63.84,-3.68,1,2025-08-13 05:46:40,.,2e-06,0.3,0.002,True
lr2e-6_dr0.3_wd5e-4,62,2e-06,0.3,0.0005,64.13,67.72,-3.58,0,2025-08-13 05:46:51,.,2e-06,0.3,0.0005,False
lr2e-6_dr0.3_wd1e-3_focal_focal_focal,97,2e-06,0.3,0.001,63.75,67.49,-3.75,1,2025-08-13 05:47:18,.,2e-06,0.3,0.001,True
lr2e-6_dr0.3_wd1e-3,34,2e-06,0.3,0.001,61.8,66.36,-4.56,0,2025-08-13 05:47:33,.,2e-06,0.3,0.001,False
lr2e-6_dr0.3_wd2e-3,56,2e-06,0.3,0.002,63.49,66.59,-3.1,0,2025-08-13 05:47:41,.,2e-06,0.3,0.002,False
lr2e-6_dr0.3_wd5e-4_focal_focal_focal,132,2e-06,0.3,0.0005,65.89,67.59,-1.71,1,2025-08-13 05:48:29,.,2e-06,0.3,0.0005,True
lr2e-6_dr0.3_wd2e-3_focal_focal_focal,57,2e-06,0.3,0.002,59.82,63.1,-3.27,1,2025-08-13 05:48:39,.,2e-06,0.3,0.002,True
lr2e-6_dr0.3_wd1e-3_focal_focal_focal,98,2e-06,0.3,0.001,63.37,67.92,-4.55,1,2025-08-13 05:49:20,.,2e-06,0.3,0.001,True
lr2e-6_dr0.3_wd2e-3,57,2e-06,0.3,0.002,63.05,66.95,-3.89,0,2025-08-13 05:49:42,.,2e-06,0.3,0.002,False
lr2e-6_dr0.4_wd5e-4,6,2e-06,0.4,0.0005,58.29,62.19,-3.9,0,2025-08-13 05:49:55,.,2e-06,0.4,0.0005,False
lr2e-6_dr0.4_wd5e-4_focal_focal_focal,26,2e-06,0.4,0.0005,56.62,61.56,-4.94,1,2025-08-13 05:50:10,.,2e-06,0.4,0.0005,True
lr2e-6_dr0.3_wd5e-4_focal_focal_focal,133,2e-06,0.3,0.0005,66.03,68.12,-2.09,1,2025-08-13 05:50:28,.,2e-06,0.3,0.0005,True
lr2e-6_dr0.3_wd5e-4,63,2e-06,0.3,0.0005,64.67,68.26,-3.59,0,2025-08-13 05:50:32,.,2e-06,0.3,0.0005,False
lr2e-6_dr0.3_wd2e-3_focal_focal_focal,58,2e-06,0.3,0.002,59.56,63.03,-3.48,1,2025-08-13 05:50:38,.,2e-06,0.3,0.002,True
lr2e-6_dr0.3_wd1e-3,35,2e-06,0.3,0.001,62.4,66.67,-4.26,0,2025-08-13 05:51:16,.,2e-06,0.3,0.001,False
lr2e-6_dr0.3_wd1e-3_focal_focal_focal,99,2e-06,0.3,0.001,63.82,67.76,-3.94,1,2025-08-13 05:51:21,.,2e-06,0.3,0.001,True
lr2e-6_dr0.3_wd2e-3,58,2e-06,0.3,0.002,63.43,66.53,-3.09,0,2025-08-13 05:51:44,.,2e-06,0.3,0.002,False
lr2e-6_dr0.3_wd5e-4_focal_focal_focal,134,2e-06,0.3,0.0005,65.99,68.16,-2.17,1,2025-08-13 05:52:28,.,2e-06,0.3,0.0005,True
lr2e-6_dr0.3_wd2e-3_focal_focal_focal,59,2e-06,0.3,0.002,59.39,63.72,-4.33,1,2025-08-13 05:52:38,.,2e-06,0.3,0.002,True
lr2e-6_dr0.3_wd1e-3_focal_focal_focal,100,2e-06,0.3,0.001,63.71,67.76,-4.05,1,2025-08-13 05:53:20,.,2e-06,0.3,0.001,True
lr2e-6_dr0.4_wd5e-4,7,2e-06,0.4,0.0005,58.78,61.88,-3.1,0,2025-08-13 05:53:35,.,2e-06,0.4,0.0005,False
lr2e-6_dr0.3_wd2e-3,59,2e-06,0.3,0.002,63.3,66.75,-3.45,0,2025-08-13 05:53:44,.,2e-06,0.3,0.002,False
lr2e-6_dr0.4_wd5e-4_focal_focal_focal,27,2e-06,0.4,0.0005,56.73,61.68,-4.95,1,2025-08-13 05:53:51,.,2e-06,0.4,0.0005,True
lr2e-6_dr0.3_wd5e-4,64,2e-06,0.3,0.0005,64.57,67.68,-3.11,0,2025-08-13 05:54:14,.,2e-06,0.3,0.0005,False
lr2e-6_dr0.3_wd5e-4_focal_focal_focal,135,2e-06,0.3,0.0005,65.97,68.16,-2.19,1,2025-08-13 05:54:28,.,2e-06,0.3,0.0005,True
lr2e-6_dr0.3_wd2e-3_focal_focal_focal,60,2e-06,0.3,0.002,59.47,63.92,-4.45,1,2025-08-13 05:54:39,.,2e-06,0.3,0.002,True
lr2e-6_dr0.3_wd1e-3,36,2e-06,0.3,0.001,63.41,65.05,-1.64,0,2025-08-13 05:54:59,.,2e-06,0.3,0.001,False
lr2e-6_dr0.3_wd1e-3_focal_focal_focal,101,2e-06,0.3,0.001,64.35,68.02,-3.67,1,2025-08-13 05:55:22,.,2e-06,0.3,0.001,True
lr2e-6_dr0.3_wd2e-3,60,2e-06,0.3,0.002,63.21,65.94,-2.73,0,2025-08-13 05:55:46,.,2e-06,0.3,0.002,False
lr2e-6_dr0.3_wd5e-4_focal_focal_focal,136,2e-06,0.3,0.0005,66.34,68.04,-1.69,1,2025-08-13 05:56:26,.,2e-06,0.3,0.0005,True
lr2e-6_dr0.3_wd2e-3_focal_focal_focal,61,2e-06,0.3,0.002,59.99,63.36,-3.36,1,2025-08-13 05:56:41,.,2e-06,0.3,0.002,True
lr2e-6_dr0.4_wd5e-4,8,2e-06,0.4,0.0005,59.2,62.13,-2.93,0,2025-08-13 05:57:15,.,2e-06,0.4,0.0005,False
lr2e-6_dr0.3_wd1e-3_focal_focal_focal,102,2e-06,0.3,0.001,64.31,68.02,-3.71,1,2025-08-13 05:57:23,.,2e-06,0.3,0.001,True
lr2e-6_dr0.4_wd5e-4_focal_focal_focal,28,2e-06,0.4,0.0005,57.16,61.54,-4.38,1,2025-08-13 05:57:31,.,2e-06,0.4,0.0005,True
lr2e-6_dr0.3_wd2e-3,61,2e-06,0.3,0.002,63.45,66.16,-2.71,0,2025-08-13 05:57:46,.,2e-06,0.3,0.002,False
lr2e-6_dr0.3_wd5e-4,65,2e-06,0.3,0.0005,64.84,67.88,-3.04,0,2025-08-13 05:57:56,.,2e-06,0.3,0.0005,False
lr2e-6_dr0.3_wd5e-4_focal_focal_focal,137,2e-06,0.3,0.0005,66.16,68.16,-2.0,1,2025-08-13 05:58:26,.,2e-06,0.3,0.0005,True
lr2e-6_dr0.3_wd2e-3_focal_focal_focal,62,2e-06,0.3,0.002,59.81,63.6,-3.79,1,2025-08-13 05:58:40,.,2e-06,0.3,0.002,True
lr2e-6_dr0.3_wd1e-3,37,2e-06,0.3,0.001,62.73,65.9,-3.17,0,2025-08-13 05:58:41,.,2e-06,0.3,0.001,False
lr2e-6_dr0.3_wd1e-3_focal_focal_focal,103,2e-06,0.3,0.001,64.1,67.9,-3.79,1,2025-08-13 05:59:25,.,2e-06,0.3,0.001,True
lr2e-6_dr0.3_wd2e-3,62,2e-06,0.3,0.002,63.62,66.22,-2.6,0,2025-08-13 05:59:47,.,2e-06,0.3,0.002,False
lr2e-6_dr0.3_wd5e-4_focal_focal_focal,138,2e-06,0.3,0.0005,66.21,68.32,-2.11,1,2025-08-13 06:00:27,.,2e-06,0.3,0.0005,True
lr2e-6_dr0.3_wd2e-3_focal_focal_focal,63,2e-06,0.3,0.002,59.73,64.33,-4.6,1,2025-08-13 06:00:40,.,2e-06,0.3,0.002,True
lr2e-6_dr0.4_wd5e-4,9,2e-06,0.4,0.0005,58.82,62.49,-3.67,0,2025-08-13 06:00:56,.,2e-06,0.4,0.0005,False
lr2e-6_dr0.4_wd5e-4_focal_focal_focal,29,2e-06,0.4,0.0005,56.41,61.95,-5.53,1,2025-08-13 06:01:12,.,2e-06,0.4,0.0005,True
lr2e-6_dr0.3_wd1e-3_focal_focal_focal,104,2e-06,0.3,0.001,64.67,67.74,-3.07,1,2025-08-13 06:01:25,.,2e-06,0.3,0.001,True
lr2e-6_dr0.3_wd5e-4,66,2e-06,0.3,0.0005,64.51,68.22,-3.71,0,2025-08-13 06:01:38,.,2e-06,0.3,0.0005,False
lr2e-6_dr0.3_wd2e-3,63,2e-06,0.3,0.002,63.45,66.46,-3.01,0,2025-08-13 06:01:47,.,2e-06,0.3,0.002,False
lr2e-6_dr0.3_wd1e-3,38,2e-06,0.3,0.001,63.16,66.0,-2.84,0,2025-08-13 06:02:24,.,2e-06,0.3,0.001,False
lr2e-6_dr0.3_wd5e-4_focal_focal_focal,139,2e-06,0.3,0.0005,66.07,67.8,-1.73,1,2025-08-13 06:02:27,.,2e-06,0.3,0.0005,True
lr2e-6_dr0.3_wd2e-3_focal_focal_focal,64,2e-06,0.3,0.002,60.54,64.18,-3.64,1,2025-08-13 06:02:41,.,2e-06,0.3,0.002,True
lr2e-6_dr0.3_wd1e-3_focal_focal_focal,105,2e-06,0.3,0.001,64.44,68.0,-3.56,1,2025-08-13 06:03:25,.,2e-06,0.3,0.001,True
lr2e-6_dr0.3_wd2e-3,64,2e-06,0.3,0.002,63.37,66.49,-3.11,0,2025-08-13 06:03:49,.,2e-06,0.3,0.002,False
lr2e-6_dr0.3_wd5e-4_focal_focal_focal,140,2e-06,0.3,0.0005,65.93,68.12,-2.19,1,2025-08-13 06:04:25,.,2e-06,0.3,0.0005,True
lr2e-6_dr0.4_wd5e-4,10,2e-06,0.4,0.0005,59.03,62.13,-3.09,0,2025-08-13 06:04:36,.,2e-06,0.4,0.0005,False
lr2e-6_dr0.3_wd2e-3_focal_focal_focal,65,2e-06,0.3,0.002,60.1,65.46,-5.36,1,2025-08-13 06:04:43,.,2e-06,0.3,0.002,True
lr2e-6_dr0.4_wd5e-4_focal_focal_focal,30,2e-06,0.4,0.0005,57.31,62.13,-4.82,1,2025-08-13 06:04:53,.,2e-06,0.4,0.0005,True
lr2e-6_dr0.3_wd5e-4,67,2e-06,0.3,0.0005,64.96,67.96,-3.0,0,2025-08-13 06:05:20,.,2e-06,0.3,0.0005,False
lr2e-6_dr0.3_wd1e-3_focal_focal_focal,106,2e-06,0.3,0.001,63.98,67.72,-3.74,1,2025-08-13 06:05:25,.,2e-06,0.3,0.001,True
lr2e-6_dr0.3_wd2e-3,65,2e-06,0.3,0.002,63.92,67.49,-3.58,0,2025-08-13 06:05:51,.,2e-06,0.3,0.002,False
lr2e-6_dr0.3_wd1e-3,39,2e-06,0.3,0.001,63.45,66.73,-3.28,0,2025-08-13 06:06:08,.,2e-06,0.3,0.001,False
lr2e-6_dr0.3_wd5e-4_focal_focal_focal,141,2e-06,0.3,0.0005,65.58,67.78,-2.2,1,2025-08-13 06:06:23,.,2e-06,0.3,0.0005,True
lr2e-6_dr0.3_wd2e-3_focal_focal_focal,66,2e-06,0.3,0.002,59.29,64.91,-5.62,1,2025-08-13 06:06:44,.,2e-06,0.3,0.002,True
lr2e-6_dr0.3_wd1e-3_focal_focal_focal,107,2e-06,0.3,0.001,64.13,68.56,-4.43,1,2025-08-13 06:07:25,.,2e-06,0.3,0.001,True
lr2e-6_dr0.3_wd2e-3,66,2e-06,0.3,0.002,63.75,67.51,-3.76,0,2025-08-13 06:07:53,.,2e-06,0.3,0.002,False
lr2e-6_dr0.4_wd5e-4,11,2e-06,0.4,0.0005,59.44,62.53,-3.09,0,2025-08-13 06:08:17,.,2e-06,0.4,0.0005,False
lr2e-6_dr0.3_wd5e-4_focal_focal_focal,142,2e-06,0.3,0.0005,65.9,67.57,-1.67,1,2025-08-13 06:08:22,.,2e-06,0.3,0.0005,True
lr2e-6_dr0.4_wd5e-4_focal_focal_focal,31,2e-06,0.4,0.0005,57.46,62.37,-4.91,1,2025-08-13 06:08:33,.,2e-06,0.4,0.0005,True
lr2e-6_dr0.3_wd2e-3_focal_focal_focal,67,2e-06,0.3,0.002,59.68,64.57,-4.89,1,2025-08-13 06:08:43,.,2e-06,0.3,0.002,True
lr2e-6_dr0.3_wd5e-4,68,2e-06,0.3,0.0005,65.3,68.4,-3.1,0,2025-08-13 06:09:01,.,2e-06,0.3,0.0005,False
lr2e-6_dr0.3_wd1e-3_focal_focal_focal,108,2e-06,0.3,0.001,64.56,67.66,-3.1,1,2025-08-13 06:09:26,.,2e-06,0.3,0.001,True
lr2e-6_dr0.3_wd1e-3,40,2e-06,0.3,0.001,63.53,66.75,-3.21,0,2025-08-13 06:09:52,.,2e-06,0.3,0.001,False
lr2e-6_dr0.3_wd2e-3,67,2e-06,0.3,0.002,64.03,66.63,-2.6,0,2025-08-13 06:09:55,.,2e-06,0.3,0.002,False
lr2e-6_dr0.3_wd5e-4_focal_focal_focal,143,2e-06,0.3,0.0005,66.22,68.08,-1.86,1,2025-08-13 06:10:20,.,2e-06,0.3,0.0005,True
lr2e-6_dr0.3_wd2e-3_focal_focal_focal,68,2e-06,0.3,0.002,59.91,64.27,-4.35,1,2025-08-13 06:10:43,.,2e-06,0.3,0.002,True
lr2e-6_dr0.3_wd1e-3_focal_focal_focal,109,2e-06,0.3,0.001,64.22,67.9,-3.68,1,2025-08-13 06:11:27,.,2e-06,0.3,0.001,True
lr2e-6_dr0.3_wd2e-3,68,2e-06,0.3,0.002,64.45,67.11,-2.66,0,2025-08-13 06:11:56,.,2e-06,0.3,0.002,False
lr2e-6_dr0.4_wd5e-4,12,2e-06,0.4,0.0005,59.37,63.56,-4.19,0,2025-08-13 06:11:56,.,2e-06,0.4,0.0005,False
lr2e-6_dr0.4_wd5e-4_focal_focal_focal,32,2e-06,0.4,0.0005,57.35,62.13,-4.77,1,2025-08-13 06:12:13,.,2e-06,0.4,0.0005,True
lr2e-6_dr0.3_wd5e-4_focal_focal_focal,144,2e-06,0.3,0.0005,66.17,67.78,-1.61,1,2025-08-13 06:12:18,.,2e-06,0.3,0.0005,True
lr2e-6_dr0.3_wd2e-3_focal_focal_focal,69,2e-06,0.3,0.002,60.07,64.81,-4.74,1,2025-08-13 06:12:42,.,2e-06,0.3,0.002,True
lr2e-6_dr0.3_wd5e-4,69,2e-06,0.3,0.0005,64.86,68.52,-3.66,0,2025-08-13 06:12:43,.,2e-06,0.3,0.0005,False
lr2e-6_dr0.3_wd1e-3_focal_focal_focal,110,2e-06,0.3,0.001,64.68,68.2,-3.52,1,2025-08-13 06:13:28,.,2e-06,0.3,0.001,True
lr2e-6_dr0.3_wd1e-3,41,2e-06,0.3,0.001,63.19,66.81,-3.62,0,2025-08-13 06:13:35,.,2e-06,0.3,0.001,False
lr2e-6_dr0.3_wd2e-3,69,2e-06,0.3,0.002,64.51,67.35,-2.84,0,2025-08-13 06:13:57,.,2e-06,0.3,0.002,False
lr2e-6_dr0.3_wd5e-4_focal_focal_focal,145,2e-06,0.3,0.0005,66.17,67.84,-1.66,1,2025-08-13 06:14:19,.,2e-06,0.3,0.0005,True
lr2e-6_dr0.3_wd2e-3_focal_focal_focal,70,2e-06,0.3,0.002,60.79,64.59,-3.8,1,2025-08-13 06:14:42,.,2e-06,0.3,0.002,True
lr2e-6_dr0.3_wd1e-3_focal_focal_focal,111,2e-06,0.3,0.001,64.68,67.94,-3.26,1,2025-08-13 06:15:30,.,2e-06,0.3,0.001,True
lr2e-6_dr0.4_wd5e-4,13,2e-06,0.4,0.0005,59.41,63.9,-4.49,0,2025-08-13 06:15:37,.,2e-06,0.4,0.0005,False
lr2e-6_dr0.4_wd5e-4_focal_focal_focal,33,2e-06,0.4,0.0005,57.82,62.53,-4.71,1,2025-08-13 06:15:52,.,2e-06,0.4,0.0005,True
lr2e-6_dr0.3_wd2e-3,70,2e-06,0.3,0.002,64.58,67.74,-3.15,0,2025-08-13 06:15:59,.,2e-06,0.3,0.002,False
lr2e-6_dr0.3_wd5e-4_focal_focal_focal,146,2e-06,0.3,0.0005,66.4,68.22,-1.82,1,2025-08-13 06:16:19,.,2e-06,0.3,0.0005,True
lr2e-6_dr0.3_wd5e-4,70,2e-06,0.3,0.0005,65.32,68.44,-3.12,0,2025-08-13 06:16:25,.,2e-06,0.3,0.0005,False
lr2e-6_dr0.3_wd2e-3_focal_focal_focal,71,2e-06,0.3,0.002,60.36,64.89,-4.53,1,2025-08-13 06:16:42,.,2e-06,0.3,0.002,True
lr2e-6_dr0.3_wd1e-3,42,2e-06,0.3,0.001,63.22,66.02,-2.8,0,2025-08-13 06:17:19,.,2e-06,0.3,0.001,False
lr2e-6_dr0.3_wd1e-3_focal_focal_focal,112,2e-06,0.3,0.001,64.58,67.78,-3.19,1,2025-08-13 06:17:29,.,2e-06,0.3,0.001,True
lr2e-6_dr0.3_wd2e-3,71,2e-06,0.3,0.002,64.75,67.68,-2.92,0,2025-08-13 06:18:01,.,2e-06,0.3,0.002,False
lr2e-6_dr0.3_wd5e-4_focal_focal_focal,147,2e-06,0.3,0.0005,66.83,68.2,-1.37,1,2025-08-13 06:18:18,.,2e-06,0.3,0.0005,True
lr2e-6_dr0.3_wd2e-3_focal_focal_focal,72,2e-06,0.3,0.002,60.6,64.87,-4.27,1,2025-08-13 06:18:44,.,2e-06,0.3,0.002,True
lr2e-6_dr0.4_wd5e-4,14,2e-06,0.4,0.0005,60.04,63.38,-3.33,0,2025-08-13 06:19:17,.,2e-06,0.4,0.0005,False
lr2e-6_dr0.3_wd1e-3_focal_focal_focal,113,2e-06,0.3,0.001,64.67,67.96,-3.28,1,2025-08-13 06:19:29,.,2e-06,0.3,0.001,True
lr2e-6_dr0.4_wd5e-4_focal_focal_focal,34,2e-06,0.4,0.0005,57.68,62.41,-4.73,1,2025-08-13 06:19:32,.,2e-06,0.4,0.0005,True
lr2e-6_dr0.3_wd2e-3,72,2e-06,0.3,0.002,64.43,66.73,-2.3,0,2025-08-13 06:20:03,.,2e-06,0.3,0.002,False
lr2e-6_dr0.3_wd5e-4,71,2e-06,0.3,0.0005,65.49,67.94,-2.45,0,2025-08-13 06:20:07,.,2e-06,0.3,0.0005,False
lr2e-6_dr0.3_wd5e-4_focal_focal_focal,148,2e-06,0.3,0.0005,67.1,67.66,-0.55,1,2025-08-13 06:20:18,.,2e-06,0.3,0.0005,True
lr2e-6_dr0.3_wd2e-3_focal_focal_focal,73,2e-06,0.3,0.002,60.77,64.79,-4.02,1,2025-08-13 06:20:43,.,2e-06,0.3,0.002,True
lr2e-6_dr0.3_wd1e-3,43,2e-06,0.3,0.001,63.4,66.85,-3.45,0,2025-08-13 06:21:00,.,2e-06,0.3,0.001,False
lr2e-6_dr0.3_wd1e-3_focal_focal_focal,114,2e-06,0.3,0.001,65.19,66.83,-1.64,1,2025-08-13 06:21:28,.,2e-06,0.3,0.001,True
lr2e-6_dr0.3_wd2e-3,73,2e-06,0.3,0.002,64.99,67.64,-2.64,0,2025-08-13 06:22:03,.,2e-06,0.3,0.002,False
lr2e-6_dr0.3_wd5e-4_focal_focal_focal,149,2e-06,0.3,0.0005,66.8,67.82,-1.01,1,2025-08-13 06:22:17,.,2e-06,0.3,0.0005,True
lr2e-6_dr0.3_wd2e-3_focal_focal_focal,74,2e-06,0.3,0.002,61.47,64.85,-3.38,1,2025-08-13 06:22:43,.,2e-06,0.3,0.002,True
lr2e-6_dr0.4_wd5e-4,15,2e-06,0.4,0.0005,59.6,63.3,-3.7,0,2025-08-13 06:22:58,.,2e-06,0.4,0.0005,False
lr2e-6_dr0.4_wd5e-4_focal_focal_focal,35,2e-06,0.4,0.0005,57.6,62.29,-4.69,1,2025-08-13 06:23:11,.,2e-06,0.4,0.0005,True
lr2e-6_dr0.3_wd1e-3_focal_focal_focal,115,2e-06,0.3,0.001,64.83,66.93,-2.1,1,2025-08-13 06:23:28,.,2e-06,0.3,0.001,True
lr2e-6_dr0.3_wd5e-4,72,2e-06,0.3,0.0005,65.65,68.83,-3.18,0,2025-08-13 06:23:48,.,2e-06,0.3,0.0005,False
lr2e-6_dr0.3_wd2e-3,74,2e-06,0.3,0.002,64.61,67.23,-2.62,0,2025-08-13 06:24:05,.,2e-06,0.3,0.002,False
lr2e-6_dr0.3_wd5e-4_focal_focal_focal,150,2e-06,0.3,0.0005,67.29,68.56,-1.28,1,2025-08-13 06:24:15,.,2e-06,0.3,0.0005,True
lr2e-6_dr0.3_wd2e-3_focal_focal_focal,75,2e-06,0.3,0.002,61.24,65.92,-4.68,1,2025-08-13 06:24:40,.,2e-06,0.3,0.002,True
lr2e-6_dr0.3_wd1e-3,44,2e-06,0.3,0.001,63.43,66.24,-2.81,0,2025-08-13 06:24:43,.,2e-06,0.3,0.001,False
lr2e-6_dr0.3_wd1e-3_focal_focal_focal,116,2e-06,0.3,0.001,65.18,68.18,-3.0,1,2025-08-13 06:25:22,.,2e-06,0.3,0.001,True
lr2e-6_dr0.3_wd2e-3,75,2e-06,0.3,0.002,65.05,67.25,-2.2,0,2025-08-13 06:25:59,.,2e-06,0.3,0.002,False
lr2e-6_dr0.3_wd2e-3_focal_focal_focal,76,2e-06,0.3,0.002,61.52,65.07,-3.56,1,2025-08-13 06:26:37,.,2e-06,0.3,0.002,True
lr2e-6_dr0.4_wd5e-4,16,2e-06,0.4,0.0005,59.69,63.3,-3.61,0,2025-08-13 06:26:39,.,2e-06,0.4,0.0005,False
lr2e-6_dr0.4_wd5e-4_focal_focal_focal,36,2e-06,0.4,0.0005,57.67,62.89,-5.23,1,2025-08-13 06:26:50,.,2e-06,0.4,0.0005,True
lr2e-6_dr0.3_wd1e-3_focal_focal_focal,117,2e-06,0.3,0.001,64.73,67.82,-3.09,1,2025-08-13 06:27:22,.,2e-06,0.3,0.001,True
lr2e-6_dr0.3_wd5e-4,73,2e-06,0.3,0.0005,65.41,68.66,-3.26,0,2025-08-13 06:27:30,.,2e-06,0.3,0.0005,False
lr2e-6_dr0.4_wd1e-3_focal_focal_focal,1,2e-06,0.4,0.001,51.63,54.9,-3.27,1,2025-08-13 06:27:44,.,2e-06,0.4,0.001,True
lr2e-6_dr0.3_wd2e-3,76,2e-06,0.3,0.002,65.46,68.0,-2.54,0,2025-08-13 06:28:01,.,2e-06,0.3,0.002,False
lr2e-6_dr0.3_wd1e-3,45,2e-06,0.3,0.001,64.28,66.75,-2.47,0,2025-08-13 06:28:24,.,2e-06,0.3,0.001,False
lr2e-6_dr0.3_wd2e-3_focal_focal_focal,77,2e-06,0.3,0.002,61.57,65.92,-4.35,1,2025-08-13 06:28:36,.,2e-06,0.3,0.002,True
lr2e-6_dr0.3_wd1e-3_focal_focal_focal,118,2e-06,0.3,0.001,64.93,68.12,-3.19,1,2025-08-13 06:29:22,.,2e-06,0.3,0.001,True
lr2e-6_dr0.4_wd1e-3_focal_focal_focal,2,2e-06,0.4,0.001,53.83,57.24,-3.41,1,2025-08-13 06:29:45,.,2e-06,0.4,0.001,True
lr2e-6_dr0.3_wd2e-3,77,2e-06,0.3,0.002,65.17,67.88,-2.7,0,2025-08-13 06:30:02,.,2e-06,0.3,0.002,False
lr2e-6_dr0.4_wd5e-4,17,2e-06,0.4,0.0005,59.77,63.7,-3.93,0,2025-08-13 06:30:20,.,2e-06,0.4,0.0005,False
lr2e-6_dr0.4_wd5e-4_focal_focal_focal,37,2e-06,0.4,0.0005,57.72,63.4,-5.67,1,2025-08-13 06:30:30,.,2e-06,0.4,0.0005,True
lr2e-6_dr0.3_wd2e-3_focal_focal_focal,78,2e-06,0.3,0.002,61.6,66.04,-4.44,1,2025-08-13 06:30:37,.,2e-06,0.3,0.002,True
lr2e-6_dr0.3_wd5e-4,74,2e-06,0.3,0.0005,66.08,68.36,-2.29,0,2025-08-13 06:31:12,.,2e-06,0.3,0.0005,False
lr2e-6_dr0.3_wd1e-3_focal_focal_focal,119,2e-06,0.3,0.001,64.96,68.72,-3.76,1,2025-08-13 06:31:22,.,2e-06,0.3,0.001,True
lr2e-6_dr0.4_wd1e-3_focal_focal_focal,3,2e-06,0.4,0.001,54.95,57.59,-2.63,1,2025-08-13 06:31:47,.,2e-06,0.4,0.001,True
lr2e-6_dr0.3_wd2e-3,78,2e-06,0.3,0.002,65.18,67.94,-2.76,0,2025-08-13 06:32:03,.,2e-06,0.3,0.002,False
lr2e-6_dr0.3_wd1e-3,46,2e-06,0.3,0.001,63.55,66.44,-2.89,0,2025-08-13 06:32:07,.,2e-06,0.3,0.001,False
lr2e-6_dr0.3_wd2e-3_focal_focal_focal,79,2e-06,0.3,0.002,61.88,65.84,-3.95,1,2025-08-13 06:32:38,.,2e-06,0.3,0.002,True
lr2e-6_dr0.3_wd1e-3_focal_focal_focal,120,2e-06,0.3,0.001,65.13,68.22,-3.09,1,2025-08-13 06:33:23,.,2e-06,0.3,0.001,True
lr2e-6_dr0.4_wd1e-3_focal_focal_focal,4,2e-06,0.4,0.001,55.22,59.38,-4.17,1,2025-08-13 06:33:49,.,2e-06,0.4,0.001,True
lr2e-6_dr0.4_wd5e-4,18,2e-06,0.4,0.0005,59.9,63.26,-3.36,0,2025-08-13 06:34:02,.,2e-06,0.4,0.0005,False
lr2e-6_dr0.3_wd2e-3,79,2e-06,0.3,0.002,65.92,68.5,-2.59,0,2025-08-13 06:34:04,.,2e-06,0.3,0.002,False
lr2e-6_dr0.4_wd5e-4_focal_focal_focal,38,2e-06,0.4,0.0005,57.97,63.52,-5.55,1,2025-08-13 06:34:11,.,2e-06,0.4,0.0005,True
lr2e-6_dr0.3_wd2e-3_focal_focal_focal,80,2e-06,0.3,0.002,62.05,65.94,-3.89,1,2025-08-13 06:34:37,.,2e-06,0.3,0.002,True
lr2e-6_dr0.3_wd5e-4,75,2e-06,0.3,0.0005,65.95,68.79,-2.84,0,2025-08-13 06:34:53,.,2e-06,0.3,0.0005,False
lr2e-6_dr0.3_wd1e-3_focal_focal_focal,121,2e-06,0.3,0.001,65.08,68.06,-2.98,1,2025-08-13 06:35:21,.,2e-06,0.3,0.001,True
lr2e-6_dr0.3_wd1e-3,47,2e-06,0.3,0.001,63.76,66.85,-3.09,0,2025-08-13 06:35:49,.,2e-06,0.3,0.001,False
lr2e-6_dr0.4_wd1e-3_focal_focal_focal,5,2e-06,0.4,0.001,54.97,58.62,-3.65,1,2025-08-13 06:35:50,.,2e-06,0.4,0.001,True
lr2e-6_dr0.3_wd2e-3,80,2e-06,0.3,0.002,65.34,68.36,-3.02,0,2025-08-13 06:36:05,.,2e-06,0.3,0.002,False
lr2e-6_dr0.3_wd2e-3_focal_focal_focal,81,2e-06,0.3,0.002,61.6,65.86,-4.26,1,2025-08-13 06:36:37,.,2e-06,0.3,0.002,True
lr2e-6_dr0.3_wd1e-3_focal_focal_focal,122,2e-06,0.3,0.001,64.99,68.1,-3.11,1,2025-08-13 06:37:19,.,2e-06,0.3,0.001,True
lr2e-6_dr0.4_wd5e-4,19,2e-06,0.4,0.0005,60.12,63.48,-3.35,0,2025-08-13 06:37:41,.,2e-06,0.4,0.0005,False
lr2e-6_dr0.4_wd1e-3_focal_focal_focal,6,2e-06,0.4,0.001,55.14,59.22,-4.09,1,2025-08-13 06:37:50,.,2e-06,0.4,0.001,True
lr2e-6_dr0.4_wd5e-4_focal_focal_focal,39,2e-06,0.4,0.0005,57.76,63.66,-5.9,1,2025-08-13 06:37:51,.,2e-06,0.4,0.0005,True
lr2e-6_dr0.3_wd2e-3,81,2e-06,0.3,0.002,65.65,68.54,-2.9,0,2025-08-13 06:38:06,.,2e-06,0.3,0.002,False
lr2e-6_dr0.3_wd5e-4,76,2e-06,0.3,0.0005,66.02,68.72,-2.7,0,2025-08-13 06:38:35,.,2e-06,0.3,0.0005,False
lr2e-6_dr0.3_wd2e-3_focal_focal_focal,82,2e-06,0.3,0.002,62.2,66.12,-3.92,1,2025-08-13 06:38:36,.,2e-06,0.3,0.002,True
lr2e-6_dr0.3_wd1e-3_focal_focal_focal,123,2e-06,0.3,0.001,65.39,67.57,-2.18,1,2025-08-13 06:39:19,.,2e-06,0.3,0.001,True
lr2e-6_dr0.3_wd1e-3,48,2e-06,0.3,0.001,63.94,66.85,-2.91,0,2025-08-13 06:39:32,.,2e-06,0.3,0.001,False
lr2e-6_dr0.4_wd1e-3_focal_focal_focal,7,2e-06,0.4,0.001,56.02,60.13,-4.11,1,2025-08-13 06:39:51,.,2e-06,0.4,0.001,True
lr2e-6_dr0.3_wd2e-3,82,2e-06,0.3,0.002,65.81,68.04,-2.22,0,2025-08-13 06:40:07,.,2e-06,0.3,0.002,False
lr2e-6_dr0.3_wd2e-3_focal_focal_focal,83,2e-06,0.3,0.002,61.88,67.15,-5.27,1,2025-08-13 06:40:37,.,2e-06,0.3,0.002,True
lr2e-6_dr0.3_wd1e-3_focal_focal_focal,124,2e-06,0.3,0.001,64.63,68.2,-3.57,1,2025-08-13 06:41:18,.,2e-06,0.3,0.001,True
lr2e-6_dr0.4_wd5e-4,20,2e-06,0.4,0.0005,59.61,63.4,-3.79,0,2025-08-13 06:41:21,.,2e-06,0.4,0.0005,False
lr2e-6_dr0.4_wd5e-4_focal_focal_focal,40,2e-06,0.4,0.0005,58.87,63.24,-4.36,1,2025-08-13 06:41:31,.,2e-06,0.4,0.0005,True
lr2e-6_dr0.4_wd1e-3_focal_focal_focal,8,2e-06,0.4,0.001,55.45,59.54,-4.09,1,2025-08-13 06:41:52,.,2e-06,0.4,0.001,True
lr2e-6_dr0.3_wd2e-3,83,2e-06,0.3,0.002,65.68,68.4,-2.72,0,2025-08-13 06:42:09,.,2e-06,0.3,0.002,False
lr2e-6_dr0.3_wd5e-4,77,2e-06,0.3,0.0005,65.68,68.93,-3.24,0,2025-08-13 06:42:18,.,2e-06,0.3,0.0005,False
lr2e-6_dr0.3_wd2e-3_focal_focal_focal,84,2e-06,0.3,0.002,62.8,66.24,-3.45,1,2025-08-13 06:42:38,.,2e-06,0.3,0.002,True
lr2e-6_dr0.3_wd1e-3,49,2e-06,0.3,0.001,63.99,66.67,-2.68,0,2025-08-13 06:43:15,.,2e-06,0.3,0.001,False
lr2e-6_dr0.3_wd1e-3_focal_focal_focal,125,2e-06,0.3,0.001,64.88,67.9,-3.02,1,2025-08-13 06:43:17,.,2e-06,0.3,0.001,True
lr2e-6_dr0.4_wd1e-3_focal_focal_focal,9,2e-06,0.4,0.001,55.26,59.08,-3.82,1,2025-08-13 06:43:52,.,2e-06,0.4,0.001,True
lr2e-6_dr0.3_wd2e-3,84,2e-06,0.3,0.002,66.15,67.53,-1.38,0,2025-08-13 06:44:11,.,2e-06,0.3,0.002,False
lr2e-6_dr0.3_wd2e-3_focal_focal_focal,85,2e-06,0.3,0.002,62.69,66.79,-4.1,1,2025-08-13 06:44:38,.,2e-06,0.3,0.002,True
lr2e-6_dr0.4_wd5e-4,21,2e-06,0.4,0.0005,59.92,63.84,-3.92,0,2025-08-13 06:45:00,.,2e-06,0.4,0.0005,False
lr2e-6_dr0.4_wd5e-4_focal_focal_focal,41,2e-06,0.4,0.0005,58.04,63.64,-5.6,1,2025-08-13 06:45:10,.,2e-06,0.4,0.0005,True
lr2e-6_dr0.3_wd1e-3_focal_focal_focal,126,2e-06,0.3,0.001,65.18,68.12,-2.94,1,2025-08-13 06:45:15,.,2e-06,0.3,0.001,True
lr2e-6_dr0.4_wd1e-3_focal_focal_focal,10,2e-06,0.4,0.001,55.39,59.28,-3.89,1,2025-08-13 06:45:52,.,2e-06,0.4,0.001,True
lr2e-6_dr0.3_wd5e-4,78,2e-06,0.3,0.0005,66.41,69.13,-2.72,0,2025-08-13 06:46:00,.,2e-06,0.3,0.0005,False
lr2e-6_dr0.3_wd2e-3,85,2e-06,0.3,0.002,66.7,68.5,-1.8,0,2025-08-13 06:46:12,.,2e-06,0.3,0.002,False
lr2e-6_dr0.3_wd2e-3_focal_focal_focal,86,2e-06,0.3,0.002,62.63,66.34,-3.71,1,2025-08-13 06:46:37,.,2e-06,0.3,0.002,True
lr2e-6_dr0.3_wd1e-3,50,2e-06,0.3,0.001,64.12,67.07,-2.95,0,2025-08-13 06:46:57,.,2e-06,0.3,0.001,False
lr2e-6_dr0.3_wd1e-3_focal_focal_focal,127,2e-06,0.3,0.001,64.9,68.0,-3.1,1,2025-08-13 06:47:14,.,2e-06,0.3,0.001,True
lr2e-6_dr0.4_wd1e-3_focal_focal_focal,11,2e-06,0.4,0.001,55.7,58.78,-3.08,1,2025-08-13 06:47:52,.,2e-06,0.4,0.001,True
lr2e-6_dr0.3_wd2e-3,86,2e-06,0.3,0.002,66.25,68.1,-1.85,0,2025-08-13 06:48:14,.,2e-06,0.3,0.002,False
lr2e-6_dr0.3_wd2e-3_focal_focal_focal,87,2e-06,0.3,0.002,62.58,66.63,-4.05,1,2025-08-13 06:48:37,.,2e-06,0.3,0.002,True
lr2e-6_dr0.4_wd5e-4,22,2e-06,0.4,0.0005,59.92,63.92,-4.0,0,2025-08-13 06:48:40,.,2e-06,0.4,0.0005,False
lr2e-6_dr0.4_wd5e-4_focal_focal_focal,42,2e-06,0.4,0.0005,58.34,64.49,-6.14,1,2025-08-13 06:48:48,.,2e-06,0.4,0.0005,True
lr2e-6_dr0.3_wd1e-3_focal_focal_focal,128,2e-06,0.3,0.001,65.39,67.7,-2.31,1,2025-08-13 06:49:13,.,2e-06,0.3,0.001,True
lr2e-6_dr0.3_wd5e-4,79,2e-06,0.3,0.0005,66.33,68.93,-2.6,0,2025-08-13 06:49:42,.,2e-06,0.3,0.0005,False
lr2e-6_dr0.4_wd1e-3_focal_focal_focal,12,2e-06,0.4,0.001,55.66,60.03,-4.37,1,2025-08-13 06:49:52,.,2e-06,0.4,0.001,True
lr2e-6_dr0.3_wd2e-3,87,2e-06,0.3,0.002,66.31,68.06,-1.75,0,2025-08-13 06:50:14,.,2e-06,0.3,0.002,False
lr2e-6_dr0.3_wd2e-3_focal_focal_focal,88,2e-06,0.3,0.002,62.79,66.89,-4.1,1,2025-08-13 06:50:37,.,2e-06,0.3,0.002,True
lr2e-6_dr0.3_wd1e-3,51,2e-06,0.3,0.001,64.27,66.83,-2.56,0,2025-08-13 06:50:40,.,2e-06,0.3,0.001,False
lr2e-6_dr0.3_wd1e-3_focal_focal_focal,129,2e-06,0.3,0.001,65.45,68.24,-2.79,1,2025-08-13 06:51:11,.,2e-06,0.3,0.001,True
lr2e-6_dr0.4_wd1e-3_focal_focal_focal,13,2e-06,0.4,0.001,56.05,60.03,-3.97,1,2025-08-13 06:51:51,.,2e-06,0.4,0.001,True
lr2e-6_dr0.3_wd2e-3,88,2e-06,0.3,0.002,66.64,68.24,-1.6,0,2025-08-13 06:52:15,.,2e-06,0.3,0.002,False
lr2e-6_dr0.4_wd5e-4,23,2e-06,0.4,0.0005,59.96,63.92,-3.96,0,2025-08-13 06:52:20,.,2e-06,0.4,0.0005,False
lr2e-6_dr0.4_wd5e-4_focal_focal_focal,43,2e-06,0.4,0.0005,58.0,63.26,-5.26,1,2025-08-13 06:52:29,.,2e-06,0.4,0.0005,True
lr2e-6_dr0.3_wd2e-3_focal_focal_focal,89,2e-06,0.3,0.002,62.66,67.25,-4.6,1,2025-08-13 06:52:37,.,2e-06,0.3,0.002,True
lr2e-6_dr0.3_wd1e-3_focal_focal_focal,130,2e-06,0.3,0.001,65.27,68.2,-2.93,1,2025-08-13 06:53:10,.,2e-06,0.3,0.001,True
lr2e-6_dr0.3_wd5e-4,80,2e-06,0.3,0.0005,66.62,68.34,-1.72,0,2025-08-13 06:53:24,.,2e-06,0.3,0.0005,False
lr2e-6_dr0.4_wd1e-3_focal_focal_focal,14,2e-06,0.4,0.001,55.87,59.83,-3.95,1,2025-08-13 06:53:53,.,2e-06,0.4,0.001,True
lr2e-6_dr0.3_wd2e-3,89,2e-06,0.3,0.002,66.45,68.5,-2.05,0,2025-08-13 06:54:17,.,2e-06,0.3,0.002,False
lr2e-6_dr0.3_wd1e-3,52,2e-06,0.3,0.001,63.96,67.01,-3.05,0,2025-08-13 06:54:23,.,2e-06,0.3,0.001,False
lr2e-6_dr0.3_wd2e-3_focal_focal_focal,90,2e-06,0.3,0.002,62.89,66.79,-3.9,1,2025-08-13 06:54:38,.,2e-06,0.3,0.002,True
lr2e-6_dr0.3_wd1e-3_focal_focal_focal,131,2e-06,0.3,0.001,64.83,68.26,-3.43,1,2025-08-13 06:55:07,.,2e-06,0.3,0.001,True
lr2e-6_dr0.4_wd1e-3_focal_focal_focal,15,2e-06,0.4,0.001,55.78,60.39,-4.61,1,2025-08-13 06:55:54,.,2e-06,0.4,0.001,True
lr2e-6_dr0.4_wd5e-4,24,2e-06,0.4,0.0005,60.21,63.32,-3.1,0,2025-08-13 06:56:01,.,2e-06,0.4,0.0005,False
lr2e-6_dr0.4_wd5e-4_focal_focal_focal,44,2e-06,0.4,0.0005,58.35,63.86,-5.51,1,2025-08-13 06:56:07,.,2e-06,0.4,0.0005,True
lr2e-6_dr0.3_wd2e-3,90,2e-06,0.3,0.002,67.15,68.48,-1.33,0,2025-08-13 06:56:19,.,2e-06,0.3,0.002,False
lr2e-6_dr0.3_wd2e-3_focal_focal_focal,91,2e-06,0.3,0.002,63.02,66.57,-3.54,1,2025-08-13 06:56:38,.,2e-06,0.3,0.002,True
lr2e-6_dr0.3_wd5e-4,81,2e-06,0.3,0.0005,66.51,69.01,-2.5,0,2025-08-13 06:57:05,.,2e-06,0.3,0.0005,False
lr2e-6_dr0.3_wd1e-3_focal_focal_focal,132,2e-06,0.3,0.001,65.09,68.58,-3.49,1,2025-08-13 06:57:08,.,2e-06,0.3,0.001,True
lr2e-6_dr0.4_wd1e-3_focal_focal_focal,16,2e-06,0.4,0.001,55.51,59.24,-3.73,1,2025-08-13 06:57:55,.,2e-06,0.4,0.001,True
lr2e-6_dr0.3_wd1e-3,53,2e-06,0.3,0.001,64.06,67.43,-3.37,0,2025-08-13 06:58:06,.,2e-06,0.3,0.001,False
lr2e-6_dr0.3_wd2e-3,91,2e-06,0.3,0.002,67.44,67.92,-0.47,0,2025-08-13 06:58:21,.,2e-06,0.3,0.002,False
lr2e-6_dr0.3_wd2e-3_focal_focal_focal,92,2e-06,0.3,0.002,62.9,66.67,-3.76,1,2025-08-13 06:58:37,.,2e-06,0.3,0.002,True
lr2e-6_dr0.3_wd1e-3_focal_focal_focal,133,2e-06,0.3,0.001,65.12,67.98,-2.86,1,2025-08-13 06:59:08,.,2e-06,0.3,0.001,True
lr2e-6_dr0.4_wd5e-4,25,2e-06,0.4,0.0005,60.5,64.06,-3.56,0,2025-08-13 06:59:39,.,2e-06,0.4,0.0005,False
lr2e-6_dr0.4_wd5e-4_focal_focal_focal,45,2e-06,0.4,0.0005,58.54,63.66,-5.12,1,2025-08-13 06:59:47,.,2e-06,0.4,0.0005,True
lr2e-6_dr0.4_wd1e-3_focal_focal_focal,17,2e-06,0.4,0.001,56.36,59.64,-3.29,1,2025-08-13 06:59:55,.,2e-06,0.4,0.001,True
lr2e-6_dr0.3_wd2e-3,92,2e-06,0.3,0.002,67.03,68.04,-1.0,0,2025-08-13 07:00:21,.,2e-06,0.3,0.002,False
lr2e-6_dr0.3_wd2e-3_focal_focal_focal,93,2e-06,0.3,0.002,63.04,67.66,-4.62,1,2025-08-13 07:00:37,.,2e-06,0.3,0.002,True
lr2e-6_dr0.3_wd5e-4,82,2e-06,0.3,0.0005,66.73,69.21,-2.48,0,2025-08-13 07:00:47,.,2e-06,0.3,0.0005,False
lr2e-6_dr0.3_wd1e-3_focal_focal_focal,134,2e-06,0.3,0.001,65.17,68.32,-3.15,1,2025-08-13 07:01:07,.,2e-06,0.3,0.001,True
lr2e-6_dr0.3_wd1e-3,54,2e-06,0.3,0.001,63.75,66.79,-3.04,0,2025-08-13 07:01:50,.,2e-06,0.3,0.001,False
lr2e-6_dr0.4_wd1e-3_focal_focal_focal,18,2e-06,0.4,0.001,55.92,59.81,-3.89,1,2025-08-13 07:01:55,.,2e-06,0.4,0.001,True
lr2e-6_dr0.3_wd2e-3,93,2e-06,0.3,0.002,67.4,68.36,-0.96,0,2025-08-13 07:02:21,.,2e-06,0.3,0.002,False
lr2e-6_dr0.3_wd2e-3_focal_focal_focal,94,2e-06,0.3,0.002,63.44,66.93,-3.49,1,2025-08-13 07:02:38,.,2e-06,0.3,0.002,True
lr2e-6_dr0.3_wd1e-3_focal_focal_focal,135,2e-06,0.3,0.001,65.58,67.84,-2.26,1,2025-08-13 07:03:07,.,2e-06,0.3,0.001,True
lr2e-6_dr0.4_wd5e-4,26,2e-06,0.4,0.0005,60.18,64.55,-4.37,0,2025-08-13 07:03:20,.,2e-06,0.4,0.0005,False
lr2e-6_dr0.4_wd5e-4_focal_focal_focal,46,2e-06,0.4,0.0005,58.64,63.36,-4.72,1,2025-08-13 07:03:28,.,2e-06,0.4,0.0005,True
lr2e-6_dr0.4_wd1e-3_focal_focal_focal,19,2e-06,0.4,0.001,55.93,59.5,-3.58,1,2025-08-13 07:03:55,.,2e-06,0.4,0.001,True
lr2e-6_dr0.3_wd2e-3,94,2e-06,0.3,0.002,67.58,68.0,-0.42,0,2025-08-13 07:04:23,.,2e-06,0.3,0.002,False
lr2e-6_dr0.3_wd5e-4,83,2e-06,0.3,0.0005,67.06,69.47,-2.42,0,2025-08-13 07:04:29,.,2e-06,0.3,0.0005,False
lr2e-6_dr0.3_wd2e-3_focal_focal_focal,95,2e-06,0.3,0.002,63.22,67.21,-3.99,1,2025-08-13 07:04:39,.,2e-06,0.3,0.002,True
lr2e-6_dr0.3_wd1e-3_focal_focal_focal,136,2e-06,0.3,0.001,65.48,68.6,-3.12,1,2025-08-13 07:05:05,.,2e-06,0.3,0.001,True
lr2e-6_dr0.3_wd1e-3,55,2e-06,0.3,0.001,63.61,66.93,-3.32,0,2025-08-13 07:05:31,.,2e-06,0.3,0.001,False
lr2e-6_dr0.4_wd1e-3_focal_focal_focal,20,2e-06,0.4,0.001,56.31,60.03,-3.72,1,2025-08-13 07:05:55,.,2e-06,0.4,0.001,True
lr2e-6_dr0.3_wd2e-3,95,2e-06,0.3,0.002,67.21,68.28,-1.07,0,2025-08-13 07:06:23,.,2e-06,0.3,0.002,False
lr2e-6_dr0.3_wd2e-3_focal_focal_focal,96,2e-06,0.3,0.002,63.76,67.43,-3.67,1,2025-08-13 07:06:42,.,2e-06,0.3,0.002,True
lr2e-6_dr0.4_wd5e-4,27,2e-06,0.4,0.0005,60.96,64.59,-3.63,0,2025-08-13 07:07:00,.,2e-06,0.4,0.0005,False
lr2e-6_dr0.3_wd1e-3_focal_focal_focal,137,2e-06,0.3,0.001,65.41,68.06,-2.65,1,2025-08-13 07:07:05,.,2e-06,0.3,0.001,True
lr2e-6_dr0.4_wd5e-4_focal_focal_focal,47,2e-06,0.4,0.0005,58.55,63.6,-5.05,1,2025-08-13 07:07:06,.,2e-06,0.4,0.0005,True
lr2e-6_dr0.4_wd1e-3_focal_focal_focal,21,2e-06,0.4,0.001,56.06,60.05,-3.99,1,2025-08-13 07:07:55,.,2e-06,0.4,0.001,True
lr2e-6_dr0.3_wd5e-4,84,2e-06,0.3,0.0005,67.25,69.83,-2.59,0,2025-08-13 07:08:11,.,2e-06,0.3,0.0005,False
lr2e-6_dr0.3_wd2e-3,96,2e-06,0.3,0.002,67.41,68.04,-0.63,0,2025-08-13 07:08:24,.,2e-06,0.3,0.002,False
lr2e-6_dr0.3_wd2e-3_focal_focal_focal,97,2e-06,0.3,0.002,63.95,67.53,-3.59,1,2025-08-13 07:08:43,.,2e-06,0.3,0.002,True
lr2e-6_dr0.3_wd1e-3_focal_focal_focal,138,2e-06,0.3,0.001,65.55,68.54,-2.99,1,2025-08-13 07:09:03,.,2e-06,0.3,0.001,True
lr2e-6_dr0.3_wd1e-3,56,2e-06,0.3,0.001,64.09,66.81,-2.72,0,2025-08-13 07:09:12,.,2e-06,0.3,0.001,False
lr2e-6_dr0.4_wd1e-3_focal_focal_focal,22,2e-06,0.4,0.001,56.1,59.32,-3.22,1,2025-08-13 07:09:55,.,2e-06,0.4,0.001,True
lr2e-6_dr0.3_wd2e-3,97,2e-06,0.3,0.002,67.47,68.58,-1.11,0,2025-08-13 07:10:24,.,2e-06,0.3,0.002,False
lr2e-6_dr0.4_wd5e-4,28,2e-06,0.4,0.0005,61.18,65.01,-3.83,0,2025-08-13 07:10:40,.,2e-06,0.4,0.0005,False
lr2e-6_dr0.3_wd2e-3_focal_focal_focal,98,2e-06,0.3,0.002,63.87,67.64,-3.76,1,2025-08-13 07:10:44,.,2e-06,0.3,0.002,True
lr2e-6_dr0.4_wd5e-4_focal_focal_focal,48,2e-06,0.4,0.0005,58.19,63.18,-4.98,1,2025-08-13 07:10:45,.,2e-06,0.4,0.0005,True
lr2e-6_dr0.3_wd1e-3_focal_focal_focal,139,2e-06,0.3,0.001,65.65,68.52,-2.88,1,2025-08-13 07:11:02,.,2e-06,0.3,0.001,True
lr2e-6_dr0.3_wd5e-4,85,2e-06,0.3,0.0005,67.22,69.65,-2.44,0,2025-08-13 07:11:53,.,2e-06,0.3,0.0005,False
lr2e-6_dr0.4_wd1e-3_focal_focal_focal,23,2e-06,0.4,0.001,56.48,59.18,-2.7,1,2025-08-13 07:11:56,.,2e-06,0.4,0.001,True
lr2e-6_dr0.3_wd2e-3,98,2e-06,0.3,0.002,67.67,68.42,-0.75,0,2025-08-13 07:12:26,.,2e-06,0.3,0.002,False
lr2e-6_dr0.3_wd2e-3_focal_focal_focal,99,2e-06,0.3,0.002,64.07,67.37,-3.3,1,2025-08-13 07:12:46,.,2e-06,0.3,0.002,True
lr2e-6_dr0.3_wd1e-3,57,2e-06,0.3,0.001,63.9,67.13,-3.23,0,2025-08-13 07:12:54,.,2e-06,0.3,0.001,False
lr2e-6_dr0.3_wd1e-3_focal_focal_focal,140,2e-06,0.3,0.001,65.21,68.83,-3.62,1,2025-08-13 07:13:00,.,2e-06,0.3,0.001,True
lr2e-6_dr0.4_wd1e-3_focal_focal_focal,24,2e-06,0.4,0.001,55.9,60.23,-4.33,1,2025-08-13 07:13:56,.,2e-06,0.4,0.001,True
lr2e-6_dr0.4_wd5e-4,29,2e-06,0.4,0.0005,60.65,64.31,-3.66,0,2025-08-13 07:14:21,.,2e-06,0.4,0.0005,False
lr2e-6_dr0.4_wd5e-4_focal_focal_focal,49,2e-06,0.4,0.0005,58.97,63.92,-4.95,1,2025-08-13 07:14:23,.,2e-06,0.4,0.0005,True
lr2e-6_dr0.3_wd2e-3,99,2e-06,0.3,0.002,68.02,68.04,-0.02,0,2025-08-13 07:14:28,.,2e-06,0.3,0.002,False
lr2e-6_dr0.3_wd2e-3_focal_focal_focal,100,2e-06,0.3,0.002,63.58,67.76,-4.17,1,2025-08-13 07:14:47,.,2e-06,0.3,0.002,True
lr2e-6_dr0.3_wd1e-3_focal_focal_focal,141,2e-06,0.3,0.001,65.38,67.98,-2.6,1,2025-08-13 07:15:00,.,2e-06,0.3,0.001,True
lr2e-6_dr0.3_wd5e-4,86,2e-06,0.3,0.0005,67.66,69.53,-1.87,0,2025-08-13 07:15:34,.,2e-06,0.3,0.0005,False
lr2e-6_dr0.4_wd1e-3_focal_focal_focal,25,2e-06,0.4,0.001,56.49,59.75,-3.25,1,2025-08-13 07:15:57,.,2e-06,0.4,0.001,True
lr2e-6_dr0.3_wd2e-3,100,2e-06,0.3,0.002,68.01,68.52,-0.51,0,2025-08-13 07:16:28,.,2e-06,0.3,0.002,False
lr2e-6_dr0.3_wd1e-3,58,2e-06,0.3,0.001,64.51,66.87,-2.36,0,2025-08-13 07:16:37,.,2e-06,0.3,0.001,False
lr2e-6_dr0.3_wd2e-3_focal_focal_focal,101,2e-06,0.3,0.002,63.37,67.41,-4.04,1,2025-08-13 07:16:48,.,2e-06,0.3,0.002,True
lr2e-6_dr0.3_wd1e-3_focal_focal_focal,142,2e-06,0.3,0.001,65.6,68.16,-2.56,1,2025-08-13 07:16:58,.,2e-06,0.3,0.001,True
lr2e-6_dr0.4_wd1e-3_focal_focal_focal,26,2e-06,0.4,0.001,56.16,59.26,-3.1,1,2025-08-13 07:17:57,.,2e-06,0.4,0.001,True
lr2e-6_dr0.4_wd5e-4,30,2e-06,0.4,0.0005,61.26,64.59,-3.32,0,2025-08-13 07:17:59,.,2e-06,0.4,0.0005,False
lr2e-6_dr0.4_wd5e-4_focal_focal_focal,50,2e-06,0.4,0.0005,58.47,64.02,-5.55,1,2025-08-13 07:18:03,.,2e-06,0.4,0.0005,True
lr2e-6_dr0.3_wd2e-3,101,2e-06,0.3,0.002,68.62,68.4,0.22,0,2025-08-13 07:18:30,.,2e-06,0.3,0.002,False
lr2e-6_dr0.3_wd2e-3_focal_focal_focal,102,2e-06,0.3,0.002,63.8,67.57,-3.77,1,2025-08-13 07:18:47,.,2e-06,0.3,0.002,True
lr2e-6_dr0.3_wd1e-3_focal_focal_focal,143,2e-06,0.3,0.001,65.46,67.64,-2.18,1,2025-08-13 07:18:55,.,2e-06,0.3,0.001,True
lr2e-6_dr0.3_wd5e-4,87,2e-06,0.3,0.0005,67.97,69.07,-1.1,0,2025-08-13 07:19:15,.,2e-06,0.3,0.0005,False
lr2e-6_dr0.4_wd1e-3_focal_focal_focal,27,2e-06,0.4,0.001,56.35,59.91,-3.56,1,2025-08-13 07:19:57,.,2e-06,0.4,0.001,True
lr2e-6_dr0.3_wd1e-3,59,2e-06,0.3,0.001,63.47,67.05,-3.58,0,2025-08-13 07:20:18,.,2e-06,0.3,0.001,False
lr2e-6_dr0.3_wd2e-3,102,2e-06,0.3,0.002,68.72,68.22,0.5,0,2025-08-13 07:20:30,.,2e-06,0.3,0.002,False
lr2e-6_dr0.3_wd2e-3_focal_focal_focal,103,2e-06,0.3,0.002,63.94,67.37,-3.44,1,2025-08-13 07:20:48,.,2e-06,0.3,0.002,True
lr2e-6_dr0.3_wd1e-3_focal_focal_focal,144,2e-06,0.3,0.001,65.94,68.44,-2.51,1,2025-08-13 07:20:54,.,2e-06,0.3,0.001,True
lr2e-6_dr0.4_wd5e-4,31,2e-06,0.4,0.0005,61.49,64.73,-3.24,0,2025-08-13 07:21:38,.,2e-06,0.4,0.0005,False
lr2e-6_dr0.4_wd5e-4_focal_focal_focal,51,2e-06,0.4,0.0005,58.79,63.94,-5.15,1,2025-08-13 07:21:43,.,2e-06,0.4,0.0005,True
lr2e-6_dr0.4_wd1e-3_focal_focal_focal,28,2e-06,0.4,0.001,56.06,61.32,-5.26,1,2025-08-13 07:22:00,.,2e-06,0.4,0.001,True
lr2e-6_dr0.3_wd2e-3,103,2e-06,0.3,0.002,68.53,68.26,0.27,0,2025-08-13 07:22:30,.,2e-06,0.3,0.002,False
lr2e-6_dr0.3_wd2e-3_focal_focal_focal,104,2e-06,0.3,0.002,64.74,67.76,-3.01,1,2025-08-13 07:22:48,.,2e-06,0.3,0.002,True
lr2e-6_dr0.3_wd1e-3_focal_focal_focal,145,2e-06,0.3,0.001,65.94,68.48,-2.55,1,2025-08-13 07:22:53,.,2e-06,0.3,0.001,True
lr2e-6_dr0.3_wd5e-4,88,2e-06,0.3,0.0005,68.1,69.05,-0.94,0,2025-08-13 07:22:56,.,2e-06,0.3,0.0005,False
lr2e-6_dr0.3_wd1e-3,60,2e-06,0.3,0.001,64.51,66.85,-2.34,0,2025-08-13 07:24:01,.,2e-06,0.3,0.001,False
lr2e-6_dr0.4_wd1e-3_focal_focal_focal,29,2e-06,0.4,0.001,56.79,60.88,-4.09,1,2025-08-13 07:24:02,.,2e-06,0.4,0.001,True
lr2e-6_dr0.3_wd2e-3,104,2e-06,0.3,0.002,68.56,68.2,0.36,0,2025-08-13 07:24:30,.,2e-06,0.3,0.002,False
lr2e-6_dr0.3_wd2e-3_focal_focal_focal,105,2e-06,0.3,0.002,64.6,67.57,-2.98,1,2025-08-13 07:24:48,.,2e-06,0.3,0.002,True
lr2e-6_dr0.3_wd1e-3_focal_focal_focal,146,2e-06,0.3,0.001,65.84,67.62,-1.77,1,2025-08-13 07:24:53,.,2e-06,0.3,0.001,True
lr2e-6_dr0.4_wd5e-4,32,2e-06,0.4,0.0005,61.38,64.89,-3.52,0,2025-08-13 07:25:18,.,2e-06,0.4,0.0005,False
lr2e-6_dr0.4_wd5e-4_focal_focal_focal,52,2e-06,0.4,0.0005,58.44,63.22,-4.77,1,2025-08-13 07:25:23,.,2e-06,0.4,0.0005,True
lr2e-6_dr0.4_wd1e-3_focal_focal_focal,30,2e-06,0.4,0.001,56.15,61.74,-5.59,1,2025-08-13 07:26:04,.,2e-06,0.4,0.001,True
lr2e-6_dr0.3_wd2e-3,105,2e-06,0.3,0.002,68.53,68.44,0.09,0,2025-08-13 07:26:31,.,2e-06,0.3,0.002,False
lr2e-6_dr0.3_wd5e-4,89,2e-06,0.3,0.0005,67.99,69.33,-1.34,0,2025-08-13 07:26:37,.,2e-06,0.3,0.0005,False
lr2e-6_dr0.3_wd2e-3_focal_focal_focal,106,2e-06,0.3,0.002,64.3,67.9,-3.6,1,2025-08-13 07:26:50,.,2e-06,0.3,0.002,True
lr2e-6_dr0.3_wd1e-3_focal_focal_focal,147,2e-06,0.3,0.001,66.1,68.44,-2.35,1,2025-08-13 07:26:51,.,2e-06,0.3,0.001,True
lr2e-6_dr0.3_wd1e-3,61,2e-06,0.3,0.001,63.9,67.41,-3.51,0,2025-08-13 07:27:42,.,2e-06,0.3,0.001,False
lr2e-6_dr0.4_wd1e-3_focal_focal_focal,31,2e-06,0.4,0.001,57.11,60.05,-2.94,1,2025-08-13 07:28:05,.,2e-06,0.4,0.001,True
lr2e-6_dr0.3_wd2e-3,106,2e-06,0.3,0.002,68.8,67.66,1.14,0,2025-08-13 07:28:33,.,2e-06,0.3,0.002,False
lr2e-6_dr0.3_wd1e-3_focal_focal_focal,148,2e-06,0.3,0.001,66.08,68.1,-2.02,1,2025-08-13 07:28:49,.,2e-06,0.3,0.001,True
lr2e-6_dr0.3_wd2e-3_focal_focal_focal,107,2e-06,0.3,0.002,64.24,67.55,-3.31,1,2025-08-13 07:28:51,.,2e-06,0.3,0.002,True
lr2e-6_dr0.4_wd5e-4,33,2e-06,0.4,0.0005,61.91,64.49,-2.58,0,2025-08-13 07:28:59,.,2e-06,0.4,0.0005,False
lr2e-6_dr0.4_wd5e-4_focal_focal_focal,53,2e-06,0.4,0.0005,58.7,63.36,-4.66,1,2025-08-13 07:29:01,.,2e-06,0.4,0.0005,True
lr2e-6_dr0.4_wd1e-3_focal_focal_focal,32,2e-06,0.4,0.001,57.47,60.94,-3.47,1,2025-08-13 07:30:06,.,2e-06,0.4,0.001,True
lr2e-6_dr0.3_wd5e-4,90,2e-06,0.3,0.0005,68.23,69.47,-1.24,0,2025-08-13 07:30:18,.,2e-06,0.3,0.0005,False
lr2e-6_dr0.3_wd2e-3,107,2e-06,0.3,0.002,68.89,67.74,1.16,0,2025-08-13 07:30:33,.,2e-06,0.3,0.002,False
lr2e-6_dr0.3_wd1e-3_focal_focal_focal,149,2e-06,0.3,0.001,66.24,68.36,-2.12,1,2025-08-13 07:30:48,.,2e-06,0.3,0.001,True
lr2e-6_dr0.3_wd2e-3_focal_focal_focal,108,2e-06,0.3,0.002,64.19,67.82,-3.62,1,2025-08-13 07:30:50,.,2e-06,0.3,0.002,True
lr2e-6_dr0.3_wd1e-3,62,2e-06,0.3,0.001,63.78,66.97,-3.19,0,2025-08-13 07:31:27,.,2e-06,0.3,0.001,False
lr2e-6_dr0.4_wd1e-3_focal_focal_focal,33,2e-06,0.4,0.001,56.58,61.46,-4.88,1,2025-08-13 07:32:06,.,2e-06,0.4,0.001,True
lr2e-6_dr0.3_wd2e-3,108,2e-06,0.3,0.002,68.51,68.16,0.35,0,2025-08-13 07:32:32,.,2e-06,0.3,0.002,False
lr2e-6_dr0.4_wd5e-4,34,2e-06,0.4,0.0005,61.76,64.91,-3.15,0,2025-08-13 07:32:40,.,2e-06,0.4,0.0005,False
lr2e-6_dr0.4_wd5e-4_focal_focal_focal,54,2e-06,0.4,0.0005,59.14,63.58,-4.44,1,2025-08-13 07:32:41,.,2e-06,0.4,0.0005,True
lr2e-6_dr0.3_wd1e-3_focal_focal_focal,150,2e-06,0.3,0.001,66.98,68.28,-1.3,1,2025-08-13 07:32:47,.,2e-06,0.3,0.001,True
lr2e-6_dr0.3_wd2e-3_focal_focal_focal,109,2e-06,0.3,0.002,64.6,67.74,-3.13,1,2025-08-13 07:32:51,.,2e-06,0.3,0.002,True
lr2e-6_dr0.4_wd1e-3_focal_focal_focal,34,2e-06,0.4,0.001,56.99,61.34,-4.35,1,2025-08-13 07:34:01,.,2e-06,0.4,0.001,True
lr2e-6_dr0.3_wd5e-4,91,2e-06,0.3,0.0005,68.91,69.47,-0.56,0,2025-08-13 07:34:03,.,2e-06,0.3,0.0005,False
lr2e-6_dr0.3_wd2e-3,109,2e-06,0.3,0.002,68.81,68.24,0.56,0,2025-08-13 07:34:28,.,2e-06,0.3,0.002,False
lr2e-6_dr0.3_wd2e-3_focal_focal_focal,110,2e-06,0.3,0.002,64.94,68.22,-3.28,1,2025-08-13 07:34:45,.,2e-06,0.3,0.002,True
lr2e-6_dr0.3_wd1e-3,63,2e-06,0.3,0.001,64.39,67.27,-2.89,0,2025-08-13 07:35:09,.,2e-06,0.3,0.001,False
lr2e-6_dr0.4_wd1e-3_focal_focal_focal,35,2e-06,0.4,0.001,57.03,62.05,-5.01,1,2025-08-13 07:36:02,.,2e-06,0.4,0.001,True
lr2e-6_dr0.4_wd1e-3,1,2e-06,0.4,0.001,52.36,55.71,-3.35,0,2025-08-13 07:36:17,.,2e-06,0.4,0.001,False
lr2e-6_dr0.4_wd5e-4_focal_focal_focal,55,2e-06,0.4,0.0005,58.58,64.27,-5.69,1,2025-08-13 07:36:20,.,2e-06,0.4,0.0005,True
lr2e-6_dr0.4_wd5e-4,35,2e-06,0.4,0.0005,61.8,65.03,-3.23,0,2025-08-13 07:36:22,.,2e-06,0.4,0.0005,False
lr2e-6_dr0.3_wd2e-3,110,2e-06,0.3,0.002,69.2,68.14,1.06,0,2025-08-13 07:36:29,.,2e-06,0.3,0.002,False
lr2e-6_dr0.3_wd2e-3_focal_focal_focal,111,2e-06,0.3,0.002,64.52,67.68,-3.16,1,2025-08-13 07:36:46,.,2e-06,0.3,0.002,True
lr2e-6_dr0.3_wd5e-4,92,2e-06,0.3,0.0005,68.62,69.51,-0.89,0,2025-08-13 07:37:46,.,2e-06,0.3,0.0005,False
lr2e-6_dr0.4_wd1e-3_focal_focal_focal,36,2e-06,0.4,0.001,57.34,62.33,-4.98,1,2025-08-13 07:38:04,.,2e-06,0.4,0.001,True
lr2e-6_dr0.4_wd1e-3,2,2e-06,0.4,0.001,54.87,58.15,-3.28,0,2025-08-13 07:38:19,.,2e-06,0.4,0.001,False
lr2e-6_dr0.3_wd2e-3,111,2e-06,0.3,0.002,69.42,68.08,1.34,0,2025-08-13 07:38:28,.,2e-06,0.3,0.002,False
lr2e-6_dr0.3_wd2e-3_focal_focal_focal,112,2e-06,0.3,0.002,64.52,67.68,-3.16,1,2025-08-13 07:38:45,.,2e-06,0.3,0.002,True
lr2e-6_dr0.3_wd1e-3,64,2e-06,0.3,0.001,63.98,67.57,-3.6,0,2025-08-13 07:38:52,.,2e-06,0.3,0.001,False
lr2e-6_dr0.4_wd5e-4_focal_focal_focal,56,2e-06,0.4,0.0005,58.65,64.04,-5.4,1,2025-08-13 07:39:59,.,2e-06,0.4,0.0005,True
lr2e-6_dr0.4_wd5e-4,36,2e-06,0.4,0.0005,62.34,64.71,-2.37,0,2025-08-13 07:40:02,.,2e-06,0.4,0.0005,False
lr2e-6_dr0.4_wd1e-3_focal_focal_focal,37,2e-06,0.4,0.001,57.34,62.17,-4.82,1,2025-08-13 07:40:05,.,2e-06,0.4,0.001,True
lr2e-6_dr0.4_wd1e-3,3,2e-06,0.4,0.001,56.5,59.3,-2.8,0,2025-08-13 07:40:20,.,2e-06,0.4,0.001,False
lr2e-6_dr0.3_wd2e-3,112,2e-06,0.3,0.002,69.18,68.3,0.88,0,2025-08-13 07:40:30,.,2e-06,0.3,0.002,False
lr2e-6_dr0.3_wd2e-3_focal_focal_focal,113,2e-06,0.3,0.002,64.75,67.96,-3.2,1,2025-08-13 07:40:45,.,2e-06,0.3,0.002,True
lr2e-6_dr0.3_wd5e-4,93,2e-06,0.3,0.0005,68.17,69.43,-1.26,0,2025-08-13 07:41:28,.,2e-06,0.3,0.0005,False
lr2e-6_dr0.4_wd1e-3_focal_focal_focal,38,2e-06,0.4,0.001,57.22,62.13,-4.91,1,2025-08-13 07:42:07,.,2e-06,0.4,0.001,True
lr2e-6_dr0.4_wd1e-3,4,2e-06,0.4,0.001,57.28,60.86,-3.58,0,2025-08-13 07:42:22,.,2e-06,0.4,0.001,False
lr2e-6_dr0.3_wd2e-3,113,2e-06,0.3,0.002,69.49,68.4,1.08,0,2025-08-13 07:42:32,.,2e-06,0.3,0.002,False
lr2e-6_dr0.3_wd1e-3,65,2e-06,0.3,0.001,64.65,67.59,-2.95,0,2025-08-13 07:42:34,.,2e-06,0.3,0.001,False
lr2e-6_dr0.3_wd2e-3_focal_focal_focal,114,2e-06,0.3,0.002,65.11,67.7,-2.58,1,2025-08-13 07:42:44,.,2e-06,0.3,0.002,True
lr2e-6_dr0.4_wd5e-4_focal_focal_focal,57,2e-06,0.4,0.0005,58.77,63.16,-4.38,1,2025-08-13 07:43:38,.,2e-06,0.4,0.0005,True
lr2e-6_dr0.4_wd5e-4,37,2e-06,0.4,0.0005,62.14,65.9,-3.76,0,2025-08-13 07:43:40,.,2e-06,0.4,0.0005,False
lr2e-6_dr0.4_wd1e-3_focal_focal_focal,39,2e-06,0.4,0.001,57.69,61.92,-4.24,1,2025-08-13 07:44:06,.,2e-06,0.4,0.001,True
lr2e-6_dr0.4_wd1e-3,5,2e-06,0.4,0.001,57.73,60.88,-3.15,0,2025-08-13 07:44:24,.,2e-06,0.4,0.001,False
lr2e-6_dr0.3_wd2e-3,114,2e-06,0.3,0.002,69.47,68.18,1.29,0,2025-08-13 07:44:34,.,2e-06,0.3,0.002,False
lr2e-6_dr0.3_wd2e-3_focal_focal_focal,115,2e-06,0.3,0.002,64.68,67.57,-2.89,1,2025-08-13 07:44:43,.,2e-06,0.3,0.002,True
lr2e-6_dr0.3_wd5e-4,94,2e-06,0.3,0.0005,69.08,69.33,-0.25,0,2025-08-13 07:45:09,.,2e-06,0.3,0.0005,False
lr2e-6_dr0.4_wd1e-3_focal_focal_focal,40,2e-06,0.4,0.001,57.03,62.09,-5.06,1,2025-08-13 07:46:06,.,2e-06,0.4,0.001,True
lr2e-6_dr0.3_wd1e-3,66,2e-06,0.3,0.001,64.29,67.94,-3.65,0,2025-08-13 07:46:16,.,2e-06,0.3,0.001,False
lr2e-6_dr0.4_wd1e-3,6,2e-06,0.4,0.001,58.29,61.78,-3.49,0,2025-08-13 07:46:25,.,2e-06,0.4,0.001,False
lr2e-6_dr0.3_wd2e-3,115,2e-06,0.3,0.002,69.58,68.5,1.07,0,2025-08-13 07:46:35,.,2e-06,0.3,0.002,False
lr2e-6_dr0.3_wd2e-3_focal_focal_focal,116,2e-06,0.3,0.002,64.55,67.43,-2.88,1,2025-08-13 07:46:42,.,2e-06,0.3,0.002,True
lr2e-6_dr0.4_wd5e-4_focal_focal_focal,58,2e-06,0.4,0.0005,58.75,64.08,-5.33,1,2025-08-13 07:47:17,.,2e-06,0.4,0.0005,True
lr2e-6_dr0.4_wd5e-4,38,2e-06,0.4,0.0005,62.85,65.46,-2.61,0,2025-08-13 07:47:21,.,2e-06,0.4,0.0005,False
lr2e-6_dr0.4_wd1e-3_focal_focal_focal,41,2e-06,0.4,0.001,57.52,62.55,-5.03,1,2025-08-13 07:48:07,.,2e-06,0.4,0.001,True
lr2e-6_dr0.4_wd1e-3,7,2e-06,0.4,0.001,58.18,62.11,-3.92,0,2025-08-13 07:48:27,.,2e-06,0.4,0.001,False
lr2e-6_dr0.3_wd2e-3,116,2e-06,0.3,0.002,69.36,68.14,1.22,0,2025-08-13 07:48:37,.,2e-06,0.3,0.002,False
lr2e-6_dr0.3_wd2e-3_focal_focal_focal,117,2e-06,0.3,0.002,64.59,67.62,-3.03,1,2025-08-13 07:48:41,.,2e-06,0.3,0.002,True
lr2e-6_dr0.3_wd5e-4,95,2e-06,0.3,0.0005,69.02,68.83,0.2,0,2025-08-13 07:48:49,.,2e-06,0.3,0.0005,False
lr2e-6_dr0.3_wd1e-3,67,2e-06,0.3,0.001,64.95,67.09,-2.14,0,2025-08-13 07:49:59,.,2e-06,0.3,0.001,False
lr2e-6_dr0.4_wd1e-3_focal_focal_focal,42,2e-06,0.4,0.001,57.83,61.54,-3.71,1,2025-08-13 07:50:09,.,2e-06,0.4,0.001,True
lr2e-6_dr0.4_wd1e-3,8,2e-06,0.4,0.001,58.81,62.09,-3.27,0,2025-08-13 07:50:29,.,2e-06,0.4,0.001,False
lr2e-6_dr0.3_wd2e-3,117,2e-06,0.3,0.002,69.82,68.42,1.4,0,2025-08-13 07:50:37,.,2e-06,0.3,0.002,False
lr2e-6_dr0.3_wd2e-3_focal_focal_focal,118,2e-06,0.3,0.002,65.23,67.33,-2.1,1,2025-08-13 07:50:42,.,2e-06,0.3,0.002,True
lr2e-6_dr0.4_wd5e-4_focal_focal_focal,59,2e-06,0.4,0.0005,57.88,64.1,-6.22,1,2025-08-13 07:50:55,.,2e-06,0.4,0.0005,True
lr2e-6_dr0.4_wd5e-4,39,2e-06,0.4,0.0005,62.57,65.52,-2.95,0,2025-08-13 07:51:00,.,2e-06,0.4,0.0005,False
lr2e-6_dr0.4_wd1e-3_focal_focal_focal,43,2e-06,0.4,0.001,58.07,61.84,-3.77,1,2025-08-13 07:52:10,.,2e-06,0.4,0.001,True
lr2e-6_dr0.3_wd5e-4,96,2e-06,0.3,0.0005,68.94,69.55,-0.61,0,2025-08-13 07:52:29,.,2e-06,0.3,0.0005,False
lr2e-6_dr0.4_wd1e-3,9,2e-06,0.4,0.001,58.83,62.21,-3.37,0,2025-08-13 07:52:31,.,2e-06,0.4,0.001,False
lr2e-6_dr0.3_wd2e-3,118,2e-06,0.3,0.002,69.87,68.22,1.65,0,2025-08-13 07:52:38,.,2e-06,0.3,0.002,False
lr2e-6_dr0.3_wd2e-3_focal_focal_focal,119,2e-06,0.3,0.002,65.3,67.55,-2.25,1,2025-08-13 07:52:40,.,2e-06,0.3,0.002,True
lr2e-6_dr0.3_wd1e-3,68,2e-06,0.3,0.001,65.02,67.94,-2.92,0,2025-08-13 07:53:39,.,2e-06,0.3,0.001,False
lr2e-6_dr0.4_wd1e-3_focal_focal_focal,44,2e-06,0.4,0.001,58.05,60.98,-2.93,1,2025-08-13 07:54:10,.,2e-06,0.4,0.001,True
lr2e-6_dr0.4_wd1e-3,10,2e-06,0.4,0.001,58.48,61.97,-3.48,0,2025-08-13 07:54:34,.,2e-06,0.4,0.001,False
lr2e-6_dr0.4_wd5e-4_focal_focal_focal,60,2e-06,0.4,0.0005,58.79,64.49,-5.7,1,2025-08-13 07:54:34,.,2e-06,0.4,0.0005,True
lr2e-6_dr0.3_wd2e-3,119,2e-06,0.3,0.002,69.54,68.14,1.4,0,2025-08-13 07:54:38,.,2e-06,0.3,0.002,False
lr2e-6_dr0.3_wd2e-3_focal_focal_focal,120,2e-06,0.3,0.002,65.29,67.78,-2.49,1,2025-08-13 07:54:39,.,2e-06,0.3,0.002,True
lr2e-6_dr0.4_wd5e-4,40,2e-06,0.4,0.0005,63.03,65.92,-2.89,0,2025-08-13 07:54:41,.,2e-06,0.4,0.0005,False
lr2e-6_dr0.3_wd5e-4,97,2e-06,0.3,0.0005,69.12,69.83,-0.71,0,2025-08-13 07:56:11,.,2e-06,0.3,0.0005,False
lr2e-6_dr0.4_wd1e-3_focal_focal_focal,45,2e-06,0.4,0.001,57.84,62.59,-4.75,1,2025-08-13 07:56:11,.,2e-06,0.4,0.001,True
lr2e-6_dr0.4_wd1e-3,11,2e-06,0.4,0.001,58.78,61.92,-3.15,0,2025-08-13 07:56:35,.,2e-06,0.4,0.001,False
lr2e-6_dr0.3_wd2e-3_focal_focal_focal,121,2e-06,0.3,0.002,65.22,67.59,-2.38,1,2025-08-13 07:56:38,.,2e-06,0.3,0.002,True
lr2e-6_dr0.3_wd2e-3,120,2e-06,0.3,0.002,70.01,68.26,1.75,0,2025-08-13 07:56:39,.,2e-06,0.3,0.002,False
lr2e-6_dr0.3_wd1e-3,69,2e-06,0.3,0.001,65.17,67.57,-2.41,0,2025-08-13 07:57:19,.,2e-06,0.3,0.001,False
lr2e-6_dr0.4_wd1e-3_focal_focal_focal,46,2e-06,0.4,0.001,57.92,62.37,-4.45,1,2025-08-13 07:58:13,.,2e-06,0.4,0.001,True
lr2e-6_dr0.4_wd5e-4_focal_focal_focal,61,2e-06,0.4,0.0005,58.74,63.05,-4.32,1,2025-08-13 07:58:15,.,2e-06,0.4,0.0005,True
lr2e-6_dr0.4_wd5e-4,41,2e-06,0.4,0.0005,62.6,66.0,-3.4,0,2025-08-13 07:58:21,.,2e-06,0.4,0.0005,False
lr2e-6_dr0.3_wd2e-3_focal_focal_focal,122,2e-06,0.3,0.002,65.04,67.74,-2.7,1,2025-08-13 07:58:36,.,2e-06,0.3,0.002,True
lr2e-6_dr0.4_wd1e-3,12,2e-06,0.4,0.001,59.26,61.99,-2.73,0,2025-08-13 07:58:37,.,2e-06,0.4,0.001,False
lr2e-6_dr0.3_wd2e-3,121,2e-06,0.3,0.002,69.74,68.18,1.56,0,2025-08-13 07:58:40,.,2e-06,0.3,0.002,False
lr2e-6_dr0.3_wd5e-4,98,2e-06,0.3,0.0005,69.42,69.41,0.01,0,2025-08-13 07:59:54,.,2e-06,0.3,0.0005,False
lr2e-6_dr0.4_wd1e-3_focal_focal_focal,47,2e-06,0.4,0.001,57.67,62.63,-4.96,1,2025-08-13 08:00:13,.,2e-06,0.4,0.001,True
lr2e-6_dr0.3_wd2e-3_focal_focal_focal,123,2e-06,0.3,0.002,65.43,67.49,-2.06,1,2025-08-13 08:00:35,.,2e-06,0.3,0.002,True
lr2e-6_dr0.4_wd1e-3,13,2e-06,0.4,0.001,59.31,61.88,-2.58,0,2025-08-13 08:00:39,.,2e-06,0.4,0.001,False
lr2e-6_dr0.3_wd2e-3,122,2e-06,0.3,0.002,70.07,68.28,1.79,0,2025-08-13 08:00:40,.,2e-06,0.3,0.002,False
lr2e-6_dr0.3_wd1e-3,70,2e-06,0.3,0.001,65.35,67.8,-2.45,0,2025-08-13 08:01:00,.,2e-06,0.3,0.001,False
lr2e-6_dr0.4_wd5e-4_focal_focal_focal,62,2e-06,0.4,0.0005,58.58,64.39,-5.81,1,2025-08-13 08:01:54,.,2e-06,0.4,0.0005,True
lr2e-6_dr0.4_wd5e-4,42,2e-06,0.4,0.0005,62.96,66.24,-3.28,0,2025-08-13 08:02:02,.,2e-06,0.4,0.0005,False
lr2e-6_dr0.4_wd1e-3_focal_focal_focal,48,2e-06,0.4,0.001,57.87,62.29,-4.42,1,2025-08-13 08:02:15,.,2e-06,0.4,0.001,True
lr2e-6_dr0.3_wd2e-3_focal_focal_focal,124,2e-06,0.3,0.002,64.46,67.59,-3.13,1,2025-08-13 08:02:33,.,2e-06,0.3,0.002,True
lr2e-6_dr0.4_wd1e-3,14,2e-06,0.4,0.001,59.05,61.92,-2.87,0,2025-08-13 08:02:39,.,2e-06,0.4,0.001,False
lr2e-6_dr0.3_wd2e-3,123,2e-06,0.3,0.002,70.48,68.56,1.92,0,2025-08-13 08:02:40,.,2e-06,0.3,0.002,False
lr2e-6_dr0.3_wd5e-4,99,2e-06,0.3,0.0005,69.78,69.9,-0.12,0,2025-08-13 08:03:34,.,2e-06,0.3,0.0005,False
lr2e-6_dr0.4_wd1e-3_focal_focal_focal,49,2e-06,0.4,0.001,58.35,62.81,-4.46,1,2025-08-13 08:04:14,.,2e-06,0.4,0.001,True
lr2e-6_dr0.3_wd2e-3_focal_focal_focal,125,2e-06,0.3,0.002,65.36,67.76,-2.4,1,2025-08-13 08:04:31,.,2e-06,0.3,0.002,True
lr2e-6_dr0.4_wd1e-3,15,2e-06,0.4,0.001,59.71,62.31,-2.6,0,2025-08-13 08:04:40,.,2e-06,0.4,0.001,False
lr2e-6_dr0.3_wd1e-3,71,2e-06,0.3,0.001,65.18,67.51,-2.33,0,2025-08-13 08:04:41,.,2e-06,0.3,0.001,False
lr2e-6_dr0.3_wd2e-3,124,2e-06,0.3,0.002,70.07,68.32,1.75,0,2025-08-13 08:04:41,.,2e-06,0.3,0.002,False
lr2e-6_dr0.4_wd5e-4_focal_focal_focal,63,2e-06,0.4,0.0005,59.11,64.37,-5.26,1,2025-08-13 08:05:33,.,2e-06,0.4,0.0005,True
lr2e-6_dr0.4_wd5e-4,43,2e-06,0.4,0.0005,63.25,66.49,-3.24,0,2025-08-13 08:05:43,.,2e-06,0.4,0.0005,False
lr2e-6_dr0.4_wd1e-3_focal_focal_focal,50,2e-06,0.4,0.001,57.84,62.53,-4.69,1,2025-08-13 08:06:09,.,2e-06,0.4,0.001,True
lr2e-6_dr0.3_wd2e-3,125,2e-06,0.3,0.002,70.46,68.26,2.2,0,2025-08-13 08:06:36,.,2e-06,0.3,0.002,False
lr2e-6_dr0.4_wd1e-3,16,2e-06,0.4,0.001,58.67,62.29,-3.62,0,2025-08-13 08:06:36,.,2e-06,0.4,0.001,False
lr2e-6_dr0.3_wd5e-4,100,2e-06,0.3,0.0005,69.43,69.87,-0.45,0,2025-08-13 08:07:16,.,2e-06,0.3,0.0005,False
lr2e-6_dr0.4_wd2e-3_focal_focal_focal,1,2e-06,0.4,0.002,51.73,55.59,-3.86,1,2025-08-13 08:07:58,.,2e-06,0.4,0.002,True
lr2e-6_dr0.4_wd1e-3_focal_focal_focal,51,2e-06,0.4,0.001,58.26,63.2,-4.94,1,2025-08-13 08:08:08,.,2e-06,0.4,0.001,True
lr2e-6_dr0.3_wd1e-3,72,2e-06,0.3,0.001,65.37,67.76,-2.39,0,2025-08-13 08:08:22,.,2e-06,0.3,0.001,False
lr2e-6_dr0.3_wd2e-3,126,2e-06,0.3,0.002,70.28,68.18,2.1,0,2025-08-13 08:08:36,.,2e-06,0.3,0.002,False
lr2e-6_dr0.4_wd1e-3,17,2e-06,0.4,0.001,59.56,62.19,-2.63,0,2025-08-13 08:08:38,.,2e-06,0.4,0.001,False
lr2e-6_dr0.4_wd5e-4_focal_focal_focal,64,2e-06,0.4,0.0005,58.85,65.6,-6.74,1,2025-08-13 08:09:11,.,2e-06,0.4,0.0005,True
lr2e-6_dr0.4_wd5e-4,44,2e-06,0.4,0.0005,63.02,65.82,-2.8,0,2025-08-13 08:09:24,.,2e-06,0.4,0.0005,False
lr2e-6_dr0.4_wd2e-3_focal_focal_focal,2,2e-06,0.4,0.002,53.99,58.49,-4.5,1,2025-08-13 08:09:59,.,2e-06,0.4,0.002,True
lr2e-6_dr0.4_wd1e-3_focal_focal_focal,52,2e-06,0.4,0.001,58.05,62.89,-4.84,1,2025-08-13 08:10:10,.,2e-06,0.4,0.001,True
lr2e-6_dr0.3_wd2e-3,127,2e-06,0.3,0.002,69.64,68.3,1.34,0,2025-08-13 08:10:36,.,2e-06,0.3,0.002,False
lr2e-6_dr0.4_wd1e-3,18,2e-06,0.4,0.001,59.11,62.17,-3.06,0,2025-08-13 08:10:38,.,2e-06,0.4,0.001,False
lr2e-6_dr0.3_wd5e-4,101,2e-06,0.3,0.0005,70.17,69.33,0.84,0,2025-08-13 08:10:57,.,2e-06,0.3,0.0005,False
lr2e-6_dr0.4_wd2e-3_focal_focal_focal,3,2e-06,0.4,0.002,54.37,58.47,-4.11,1,2025-08-13 08:12:01,.,2e-06,0.4,0.002,True
lr2e-6_dr0.3_wd1e-3,73,2e-06,0.3,0.001,65.37,67.88,-2.51,0,2025-08-13 08:12:04,.,2e-06,0.3,0.001,False
lr2e-6_dr0.4_wd1e-3_focal_focal_focal,53,2e-06,0.4,0.001,58.62,62.51,-3.89,1,2025-08-13 08:12:10,.,2e-06,0.4,0.001,True
lr2e-6_dr0.3_wd2e-3,128,2e-06,0.3,0.002,69.83,68.4,1.43,0,2025-08-13 08:12:37,.,2e-06,0.3,0.002,False
lr2e-6_dr0.4_wd1e-3,19,2e-06,0.4,0.001,59.36,62.05,-2.68,0,2025-08-13 08:12:38,.,2e-06,0.4,0.001,False
lr2e-6_dr0.4_wd5e-4_focal_focal_focal,65,2e-06,0.4,0.0005,59.1,64.77,-5.67,1,2025-08-13 08:12:52,.,2e-06,0.4,0.0005,True
lr2e-6_dr0.4_wd5e-4,45,2e-06,0.4,0.0005,63.1,66.67,-3.57,0,2025-08-13 08:13:03,.,2e-06,0.4,0.0005,False
lr2e-6_dr0.4_wd2e-3_focal_focal_focal,4,2e-06,0.4,0.002,55.39,59.04,-3.65,1,2025-08-13 08:14:01,.,2e-06,0.4,0.002,True
lr2e-6_dr0.4_wd1e-3_focal_focal_focal,54,2e-06,0.4,0.001,58.3,62.45,-4.15,1,2025-08-13 08:14:09,.,2e-06,0.4,0.001,True
lr2e-6_dr0.3_wd2e-3,129,2e-06,0.3,0.002,70.2,68.16,2.04,0,2025-08-13 08:14:37,.,2e-06,0.3,0.002,False
lr2e-6_dr0.3_wd5e-4,102,2e-06,0.3,0.0005,70.55,69.07,1.48,0,2025-08-13 08:14:38,.,2e-06,0.3,0.0005,False
lr2e-6_dr0.4_wd1e-3,20,2e-06,0.4,0.001,59.44,62.51,-3.07,0,2025-08-13 08:14:39,.,2e-06,0.4,0.001,False
lr2e-6_dr0.3_wd1e-3,74,2e-06,0.3,0.001,65.75,67.88,-2.13,0,2025-08-13 08:15:47,.,2e-06,0.3,0.001,False
lr2e-6_dr0.4_wd2e-3_focal_focal_focal,5,2e-06,0.4,0.002,54.73,58.51,-3.79,1,2025-08-13 08:16:02,.,2e-06,0.4,0.002,True
lr2e-6_dr0.4_wd1e-3_focal_focal_focal,55,2e-06,0.4,0.001,58.1,62.23,-4.13,1,2025-08-13 08:16:09,.,2e-06,0.4,0.001,True
lr2e-6_dr0.4_wd5e-4_focal_focal_focal,66,2e-06,0.4,0.0005,59.55,63.94,-4.39,1,2025-08-13 08:16:30,.,2e-06,0.4,0.0005,True
lr2e-6_dr0.3_wd2e-3,130,2e-06,0.3,0.002,70.7,67.98,2.72,0,2025-08-13 08:16:38,.,2e-06,0.3,0.002,False
lr2e-6_dr0.4_wd1e-3,21,2e-06,0.4,0.001,59.28,62.85,-3.58,0,2025-08-13 08:16:41,.,2e-06,0.4,0.001,False
lr2e-6_dr0.4_wd5e-4,46,2e-06,0.4,0.0005,63.37,66.79,-3.42,0,2025-08-13 08:16:44,.,2e-06,0.4,0.0005,False
lr2e-6_dr0.4_wd2e-3_focal_focal_focal,6,2e-06,0.4,0.002,55.46,58.8,-3.34,1,2025-08-13 08:18:02,.,2e-06,0.4,0.002,True
lr2e-6_dr0.4_wd1e-3_focal_focal_focal,56,2e-06,0.4,0.001,58.46,63.05,-4.6,1,2025-08-13 08:18:10,.,2e-06,0.4,0.001,True
lr2e-6_dr0.3_wd5e-4,103,2e-06,0.3,0.0005,69.97,69.09,0.88,0,2025-08-13 08:18:19,.,2e-06,0.3,0.0005,False
lr2e-6_dr0.3_wd2e-3,131,2e-06,0.3,0.002,70.08,67.94,2.14,0,2025-08-13 08:18:38,.,2e-06,0.3,0.002,False
lr2e-6_dr0.4_wd1e-3,22,2e-06,0.4,0.001,59.48,62.45,-2.97,0,2025-08-13 08:18:42,.,2e-06,0.4,0.001,False
lr2e-6_dr0.3_wd1e-3,75,2e-06,0.3,0.001,65.85,68.02,-2.17,0,2025-08-13 08:19:29,.,2e-06,0.3,0.001,False
lr2e-6_dr0.4_wd2e-3_focal_focal_focal,7,2e-06,0.4,0.002,55.52,59.34,-3.82,1,2025-08-13 08:20:02,.,2e-06,0.4,0.002,True
lr2e-6_dr0.4_wd5e-4_focal_focal_focal,67,2e-06,0.4,0.0005,60.03,63.52,-3.49,1,2025-08-13 08:20:09,.,2e-06,0.4,0.0005,True
lr2e-6_dr0.4_wd1e-3_focal_focal_focal,57,2e-06,0.4,0.001,58.48,63.42,-4.93,1,2025-08-13 08:20:11,.,2e-06,0.4,0.001,True
lr2e-6_dr0.4_wd5e-4,47,2e-06,0.4,0.0005,62.92,66.83,-3.91,0,2025-08-13 08:20:24,.,2e-06,0.4,0.0005,False
lr2e-6_dr0.3_wd2e-3,132,2e-06,0.3,0.002,70.12,67.92,2.2,0,2025-08-13 08:20:39,.,2e-06,0.3,0.002,False
lr2e-6_dr0.4_wd1e-3,23,2e-06,0.4,0.001,60.21,62.53,-2.32,0,2025-08-13 08:20:42,.,2e-06,0.4,0.001,False
lr2e-6_dr0.3_wd5e-4,104,2e-06,0.3,0.0005,70.52,69.15,1.37,0,2025-08-13 08:21:59,.,2e-06,0.3,0.0005,False
lr2e-6_dr0.4_wd2e-3_focal_focal_focal,8,2e-06,0.4,0.002,55.31,59.62,-4.31,1,2025-08-13 08:22:02,.,2e-06,0.4,0.002,True
lr2e-6_dr0.4_wd1e-3_focal_focal_focal,58,2e-06,0.4,0.001,58.3,62.73,-4.43,1,2025-08-13 08:22:12,.,2e-06,0.4,0.001,True
lr2e-6_dr0.3_wd2e-3,133,2e-06,0.3,0.002,70.12,68.14,1.98,0,2025-08-13 08:22:39,.,2e-06,0.3,0.002,False
lr2e-6_dr0.4_wd1e-3,24,2e-06,0.4,0.001,60.08,62.51,-2.43,0,2025-08-13 08:22:42,.,2e-06,0.4,0.001,False
lr2e-6_dr0.3_wd1e-3,76,2e-06,0.3,0.001,65.88,68.2,-2.32,0,2025-08-13 08:23:11,.,2e-06,0.3,0.001,False
lr2e-6_dr0.4_wd5e-4_focal_focal_focal,68,2e-06,0.4,0.0005,59.79,63.78,-4.0,1,2025-08-13 08:23:48,.,2e-06,0.4,0.0005,True
lr2e-6_dr0.4_wd2e-3_focal_focal_focal,9,2e-06,0.4,0.002,55.29,59.04,-3.75,1,2025-08-13 08:24:04,.,2e-06,0.4,0.002,True
lr2e-6_dr0.4_wd5e-4,48,2e-06,0.4,0.0005,63.12,66.55,-3.43,0,2025-08-13 08:24:04,.,2e-06,0.4,0.0005,False
lr2e-6_dr0.4_wd1e-3_focal_focal_focal,59,2e-06,0.4,0.001,58.0,63.05,-5.05,1,2025-08-13 08:24:12,.,2e-06,0.4,0.001,True
lr2e-6_dr0.3_wd2e-3,134,2e-06,0.3,0.002,69.87,68.26,1.61,0,2025-08-13 08:24:39,.,2e-06,0.3,0.002,False
lr2e-6_dr0.4_wd1e-3,25,2e-06,0.4,0.001,60.42,62.83,-2.42,0,2025-08-13 08:24:43,.,2e-06,0.4,0.001,False
lr2e-6_dr0.3_wd5e-4,105,2e-06,0.3,0.0005,70.79,68.89,1.9,0,2025-08-13 08:25:40,.,2e-06,0.3,0.0005,False
lr2e-6_dr0.4_wd2e-3_focal_focal_focal,10,2e-06,0.4,0.002,55.0,58.45,-3.46,1,2025-08-13 08:26:03,.,2e-06,0.4,0.002,True
lr2e-6_dr0.4_wd1e-3_focal_focal_focal,60,2e-06,0.4,0.001,58.03,63.36,-5.33,1,2025-08-13 08:26:13,.,2e-06,0.4,0.001,True
lr2e-6_dr0.3_wd2e-3,135,2e-06,0.3,0.002,70.48,68.18,2.3,0,2025-08-13 08:26:39,.,2e-06,0.3,0.002,False
lr2e-6_dr0.4_wd1e-3,26,2e-06,0.4,0.001,60.05,62.83,-2.78,0,2025-08-13 08:26:44,.,2e-06,0.4,0.001,False
lr2e-6_dr0.3_wd1e-3,77,2e-06,0.3,0.001,65.78,67.84,-2.05,0,2025-08-13 08:26:54,.,2e-06,0.3,0.001,False
lr2e-6_dr0.4_wd5e-4_focal_focal_focal,69,2e-06,0.4,0.0005,59.93,65.56,-5.63,1,2025-08-13 08:27:27,.,2e-06,0.4,0.0005,True
lr2e-6_dr0.4_wd5e-4,49,2e-06,0.4,0.0005,62.79,66.81,-4.02,0,2025-08-13 08:27:43,.,2e-06,0.4,0.0005,False
lr2e-6_dr0.4_wd2e-3_focal_focal_focal,11,2e-06,0.4,0.002,55.23,58.43,-3.21,1,2025-08-13 08:28:03,.,2e-06,0.4,0.002,True
lr2e-6_dr0.4_wd1e-3_focal_focal_focal,61,2e-06,0.4,0.001,58.5,63.26,-4.76,1,2025-08-13 08:28:15,.,2e-06,0.4,0.001,True
lr2e-6_dr0.3_wd2e-3,136,2e-06,0.3,0.002,70.44,67.72,2.73,0,2025-08-13 08:28:39,.,2e-06,0.3,0.002,False
lr2e-6_dr0.4_wd1e-3,27,2e-06,0.4,0.001,60.58,63.4,-2.82,0,2025-08-13 08:28:45,.,2e-06,0.4,0.001,False
lr2e-6_dr0.3_wd5e-4,106,2e-06,0.3,0.0005,70.44,69.23,1.22,0,2025-08-13 08:29:20,.,2e-06,0.3,0.0005,False
lr2e-6_dr0.4_wd2e-3_focal_focal_focal,12,2e-06,0.4,0.002,55.16,59.99,-4.83,1,2025-08-13 08:30:01,.,2e-06,0.4,0.002,True
lr2e-6_dr0.4_wd1e-3_focal_focal_focal,62,2e-06,0.4,0.001,57.88,63.24,-5.35,1,2025-08-13 08:30:16,.,2e-06,0.4,0.001,True
lr2e-6_dr0.3_wd1e-3,78,2e-06,0.3,0.001,65.82,68.64,-2.82,0,2025-08-13 08:30:36,.,2e-06,0.3,0.001,False
lr2e-6_dr0.3_wd2e-3,137,2e-06,0.3,0.002,70.05,68.02,2.03,0,2025-08-13 08:30:39,.,2e-06,0.3,0.002,False
lr2e-6_dr0.4_wd1e-3,28,2e-06,0.4,0.001,60.72,63.78,-3.06,0,2025-08-13 08:30:47,.,2e-06,0.4,0.001,False
lr2e-6_dr0.4_wd5e-4_focal_focal_focal,70,2e-06,0.4,0.0005,60.6,64.89,-4.29,1,2025-08-13 08:31:07,.,2e-06,0.4,0.0005,True
lr2e-6_dr0.4_wd5e-4,50,2e-06,0.4,0.0005,63.32,66.89,-3.57,0,2025-08-13 08:31:22,.,2e-06,0.4,0.0005,False
lr2e-6_dr0.4_wd2e-3_focal_focal_focal,13,2e-06,0.4,0.002,55.95,60.23,-4.28,1,2025-08-13 08:32:02,.,2e-06,0.4,0.002,True
lr2e-6_dr0.4_wd1e-3_focal_focal_focal,63,2e-06,0.4,0.001,58.4,63.2,-4.8,1,2025-08-13 08:32:16,.,2e-06,0.4,0.001,True
lr2e-6_dr0.3_wd2e-3,138,2e-06,0.3,0.002,70.57,68.1,2.47,0,2025-08-13 08:32:39,.,2e-06,0.3,0.002,False
lr2e-6_dr0.4_wd1e-3,29,2e-06,0.4,0.001,60.29,63.7,-3.42,0,2025-08-13 08:32:47,.,2e-06,0.4,0.001,False
lr2e-6_dr0.3_wd5e-4,107,2e-06,0.3,0.0005,71.56,69.55,2.01,0,2025-08-13 08:33:00,.,2e-06,0.3,0.0005,False
lr2e-6_dr0.4_wd2e-3_focal_focal_focal,14,2e-06,0.4,0.002,55.8,59.79,-3.99,1,2025-08-13 08:33:57,.,2e-06,0.4,0.002,True
lr2e-6_dr0.4_wd1e-3_focal_focal_focal,64,2e-06,0.4,0.001,58.46,63.26,-4.79,1,2025-08-13 08:34:09,.,2e-06,0.4,0.001,True
lr2e-6_dr0.3_wd1e-3,79,2e-06,0.3,0.001,66.19,68.18,-1.99,0,2025-08-13 08:34:18,.,2e-06,0.3,0.001,False
lr2e-6_dr0.4_wd1e-3,30,2e-06,0.4,0.001,60.92,64.18,-3.26,0,2025-08-13 08:34:43,.,2e-06,0.4,0.001,False
lr2e-6_dr0.4_wd5e-4_focal_focal_focal,71,2e-06,0.4,0.0005,59.94,65.68,-5.74,1,2025-08-13 08:34:46,.,2e-06,0.4,0.0005,True
lr2e-6_dr0.4_wd5e-4,51,2e-06,0.4,0.0005,63.2,66.69,-3.49,0,2025-08-13 08:35:02,.,2e-06,0.4,0.0005,False
lr2e-6_dr0.4_wd2e-3_focal_focal_focal,15,2e-06,0.4,0.002,55.75,61.18,-5.43,1,2025-08-13 08:35:57,.,2e-06,0.4,0.002,True
lr2e-6_dr0.4_wd2e-3,1,2e-06,0.4,0.002,52.21,55.65,-3.44,0,2025-08-13 08:36:06,.,2e-06,0.4,0.002,False
lr2e-6_dr0.4_wd1e-3_focal_focal_focal,65,2e-06,0.4,0.001,58.81,63.58,-4.77,1,2025-08-13 08:36:08,.,2e-06,0.4,0.001,True
lr2e-6_dr0.3_wd5e-4,108,2e-06,0.3,0.0005,71.27,69.37,1.9,0,2025-08-13 08:36:43,.,2e-06,0.3,0.0005,False
lr2e-6_dr0.4_wd1e-3,31,2e-06,0.4,0.001,61.35,63.9,-2.55,0,2025-08-13 08:36:45,.,2e-06,0.4,0.001,False
lr2e-6_dr0.4_wd2e-3_focal_focal_focal,16,2e-06,0.4,0.002,55.43,60.01,-4.58,1,2025-08-13 08:37:58,.,2e-06,0.4,0.002,True
lr2e-6_dr0.3_wd1e-3,80,2e-06,0.3,0.001,66.32,68.1,-1.78,0,2025-08-13 08:37:59,.,2e-06,0.3,0.001,False
lr2e-6_dr0.4_wd2e-3,2,2e-06,0.4,0.002,55.05,57.59,-2.54,0,2025-08-13 08:38:07,.,2e-06,0.4,0.002,False
lr2e-6_dr0.4_wd1e-3_focal_focal_focal,66,2e-06,0.4,0.001,58.88,63.76,-4.88,1,2025-08-13 08:38:09,.,2e-06,0.4,0.001,True
lr2e-6_dr0.4_wd5e-4_focal_focal_focal,72,2e-06,0.4,0.0005,60.4,65.86,-5.46,1,2025-08-13 08:38:26,.,2e-06,0.4,0.0005,True
lr2e-6_dr0.4_wd5e-4,52,2e-06,0.4,0.0005,63.32,66.79,-3.47,0,2025-08-13 08:38:40,.,2e-06,0.4,0.0005,False
lr2e-6_dr0.4_wd1e-3,32,2e-06,0.4,0.001,61.49,64.63,-3.14,0,2025-08-13 08:38:44,.,2e-06,0.4,0.001,False
lr2e-6_dr0.4_wd2e-3_focal_focal_focal,17,2e-06,0.4,0.002,56.72,60.17,-3.45,1,2025-08-13 08:39:56,.,2e-06,0.4,0.002,True
lr2e-6_dr0.4_wd2e-3,3,2e-06,0.4,0.002,56.34,58.84,-2.5,0,2025-08-13 08:40:08,.,2e-06,0.4,0.002,False
lr2e-6_dr0.4_wd1e-3_focal_focal_focal,67,2e-06,0.4,0.001,58.98,63.94,-4.96,1,2025-08-13 08:40:10,.,2e-06,0.4,0.001,True
lr2e-6_dr0.3_wd5e-4,109,2e-06,0.3,0.0005,71.7,69.63,2.07,0,2025-08-13 08:40:23,.,2e-06,0.3,0.0005,False
lr2e-6_dr0.4_wd1e-3,33,2e-06,0.4,0.001,61.64,64.61,-2.97,0,2025-08-13 08:40:46,.,2e-06,0.4,0.001,False
lr2e-6_dr0.3_wd1e-3,81,2e-06,0.3,0.001,66.44,68.3,-1.86,0,2025-08-13 08:41:39,.,2e-06,0.3,0.001,False
lr2e-6_dr0.4_wd2e-3_focal_focal_focal,18,2e-06,0.4,0.002,55.49,60.79,-5.31,1,2025-08-13 08:41:55,.,2e-06,0.4,0.002,True
lr2e-6_dr0.4_wd5e-4_focal_focal_focal,73,2e-06,0.4,0.0005,60.52,66.34,-5.83,1,2025-08-13 08:42:06,.,2e-06,0.4,0.0005,True
lr2e-6_dr0.4_wd2e-3,4,2e-06,0.4,0.002,57.47,60.59,-3.13,0,2025-08-13 08:42:11,.,2e-06,0.4,0.002,False
lr2e-6_dr0.4_wd1e-3_focal_focal_focal,68,2e-06,0.4,0.001,59.07,63.5,-4.42,1,2025-08-13 08:42:12,.,2e-06,0.4,0.001,True
lr2e-6_dr0.4_wd5e-4,53,2e-06,0.4,0.0005,62.98,66.81,-3.83,0,2025-08-13 08:42:21,.,2e-06,0.4,0.0005,False
lr2e-6_dr0.4_wd1e-3,34,2e-06,0.4,0.001,61.19,64.81,-3.62,0,2025-08-13 08:42:46,.,2e-06,0.4,0.001,False
lr2e-6_dr0.4_wd2e-3_focal_focal_focal,19,2e-06,0.4,0.002,55.77,60.13,-4.36,1,2025-08-13 08:43:55,.,2e-06,0.4,0.002,True
lr2e-6_dr0.3_wd5e-4,110,2e-06,0.3,0.0005,71.28,69.43,1.85,0,2025-08-13 08:44:05,.,2e-06,0.3,0.0005,False
lr2e-6_dr0.4_wd1e-3_focal_focal_focal,69,2e-06,0.4,0.001,58.82,63.56,-4.74,1,2025-08-13 08:44:11,.,2e-06,0.4,0.001,True
lr2e-6_dr0.4_wd2e-3,5,2e-06,0.4,0.002,57.94,60.25,-2.31,0,2025-08-13 08:44:13,.,2e-06,0.4,0.002,False
lr2e-6_dr0.4_wd1e-3,35,2e-06,0.4,0.001,60.95,64.12,-3.17,0,2025-08-13 08:44:48,.,2e-06,0.4,0.001,False
lr2e-6_dr0.3_wd1e-3,82,2e-06,0.3,0.001,66.49,68.14,-1.65,0,2025-08-13 08:45:22,.,2e-06,0.3,0.001,False
lr2e-6_dr0.4_wd5e-4_focal_focal_focal,74,2e-06,0.4,0.0005,60.73,65.52,-4.79,1,2025-08-13 08:45:47,.,2e-06,0.4,0.0005,True
lr2e-6_dr0.4_wd2e-3_focal_focal_focal,20,2e-06,0.4,0.002,56.67,60.17,-3.5,1,2025-08-13 08:45:55,.,2e-06,0.4,0.002,True
lr2e-6_dr0.4_wd5e-4,54,2e-06,0.4,0.0005,63.22,66.65,-3.43,0,2025-08-13 08:46:01,.,2e-06,0.4,0.0005,False
lr2e-6_dr0.4_wd1e-3_focal_focal_focal,70,2e-06,0.4,0.001,58.86,63.64,-4.78,1,2025-08-13 08:46:12,.,2e-06,0.4,0.001,True
lr2e-6_dr0.4_wd2e-3,6,2e-06,0.4,0.002,57.96,61.22,-3.26,0,2025-08-13 08:46:15,.,2e-06,0.4,0.002,False
lr2e-6_dr0.4_wd1e-3,36,2e-06,0.4,0.001,60.98,64.87,-3.89,0,2025-08-13 08:46:48,.,2e-06,0.4,0.001,False
lr2e-6_dr0.3_wd5e-4,111,2e-06,0.3,0.0005,71.35,69.23,2.12,0,2025-08-13 08:47:47,.,2e-06,0.3,0.0005,False
lr2e-6_dr0.4_wd2e-3_focal_focal_focal,21,2e-06,0.4,0.002,56.03,60.05,-4.02,1,2025-08-13 08:47:54,.,2e-06,0.4,0.002,True
lr2e-6_dr0.4_wd1e-3_focal_focal_focal,71,2e-06,0.4,0.001,59.81,63.6,-3.79,1,2025-08-13 08:48:14,.,2e-06,0.4,0.001,True
lr2e-6_dr0.4_wd2e-3,7,2e-06,0.4,0.002,58.85,61.18,-2.33,0,2025-08-13 08:48:17,.,2e-06,0.4,0.002,False
lr2e-6_dr0.4_wd1e-3,37,2e-06,0.4,0.001,62.09,64.18,-2.09,0,2025-08-13 08:48:50,.,2e-06,0.4,0.001,False
lr2e-6_dr0.3_wd1e-3,83,2e-06,0.3,0.001,66.84,68.24,-1.4,0,2025-08-13 08:49:02,.,2e-06,0.3,0.001,False
lr2e-6_dr0.4_wd5e-4_focal_focal_focal,75,2e-06,0.4,0.0005,60.21,65.88,-5.67,1,2025-08-13 08:49:26,.,2e-06,0.4,0.0005,True
lr2e-6_dr0.4_wd5e-4,55,2e-06,0.4,0.0005,63.33,66.71,-3.37,0,2025-08-13 08:49:41,.,2e-06,0.4,0.0005,False
lr2e-6_dr0.4_wd2e-3_focal_focal_focal,22,2e-06,0.4,0.002,55.89,59.69,-3.79,1,2025-08-13 08:49:54,.,2e-06,0.4,0.002,True
lr2e-6_dr0.4_wd1e-3_focal_focal_focal,72,2e-06,0.4,0.001,59.37,62.57,-3.2,1,2025-08-13 08:50:15,.,2e-06,0.4,0.001,True
lr2e-6_dr0.4_wd2e-3,8,2e-06,0.4,0.002,58.53,61.24,-2.71,0,2025-08-13 08:50:18,.,2e-06,0.4,0.002,False
lr2e-6_dr0.4_wd1e-3,38,2e-06,0.4,0.001,61.74,64.41,-2.67,0,2025-08-13 08:50:51,.,2e-06,0.4,0.001,False
lr2e-6_dr0.3_wd5e-4,112,2e-06,0.3,0.0005,71.78,69.49,2.29,0,2025-08-13 08:51:26,.,2e-06,0.3,0.0005,False
lr2e-6_dr0.4_wd2e-3_focal_focal_focal,23,2e-06,0.4,0.002,55.9,58.92,-3.02,1,2025-08-13 08:51:53,.,2e-06,0.4,0.002,True
lr2e-6_dr0.4_wd1e-3_focal_focal_focal,73,2e-06,0.4,0.001,59.56,63.7,-4.14,1,2025-08-13 08:52:16,.,2e-06,0.4,0.001,True
lr2e-6_dr0.4_wd2e-3,9,2e-06,0.4,0.002,58.69,61.44,-2.75,0,2025-08-13 08:52:20,.,2e-06,0.4,0.002,False
lr2e-6_dr0.3_wd1e-3,84,2e-06,0.3,0.001,66.73,68.3,-1.57,0,2025-08-13 08:52:42,.,2e-06,0.3,0.001,False
lr2e-6_dr0.4_wd1e-3,39,2e-06,0.4,0.001,61.56,64.06,-2.5,0,2025-08-13 08:52:53,.,2e-06,0.4,0.001,False
lr2e-6_dr0.4_wd5e-4_focal_focal_focal,76,2e-06,0.4,0.0005,60.58,66.0,-5.42,1,2025-08-13 08:53:05,.,2e-06,0.4,0.0005,True
lr2e-6_dr0.4_wd5e-4,56,2e-06,0.4,0.0005,62.9,66.89,-3.99,0,2025-08-13 08:53:19,.,2e-06,0.4,0.0005,False
lr2e-6_dr0.4_wd2e-3_focal_focal_focal,24,2e-06,0.4,0.002,56.02,59.52,-3.5,1,2025-08-13 08:53:52,.,2e-06,0.4,0.002,True
lr2e-6_dr0.4_wd1e-3_focal_focal_focal,74,2e-06,0.4,0.001,59.99,64.08,-4.09,1,2025-08-13 08:54:17,.,2e-06,0.4,0.001,True
lr2e-6_dr0.4_wd2e-3,10,2e-06,0.4,0.002,58.69,61.5,-2.81,0,2025-08-13 08:54:21,.,2e-06,0.4,0.002,False
lr2e-6_dr0.4_wd1e-3,40,2e-06,0.4,0.001,62.04,64.55,-2.51,0,2025-08-13 08:54:53,.,2e-06,0.4,0.001,False
lr2e-6_dr0.3_wd5e-4,113,2e-06,0.3,0.0005,71.68,69.21,2.47,0,2025-08-13 08:55:08,.,2e-06,0.3,0.0005,False
lr2e-6_dr0.4_wd2e-3_focal_focal_focal,25,2e-06,0.4,0.002,56.87,59.48,-2.61,1,2025-08-13 08:55:51,.,2e-06,0.4,0.002,True
lr2e-6_dr0.4_wd1e-3_focal_focal_focal,75,2e-06,0.4,0.001,59.82,64.37,-4.55,1,2025-08-13 08:56:18,.,2e-06,0.4,0.001,True
lr2e-6_dr0.3_wd1e-3,85,2e-06,0.3,0.001,67.19,68.36,-1.17,0,2025-08-13 08:56:22,.,2e-06,0.3,0.001,False
lr2e-6_dr0.4_wd2e-3,11,2e-06,0.4,0.002,59.14,61.56,-2.43,0,2025-08-13 08:56:23,.,2e-06,0.4,0.002,False
lr2e-6_dr0.4_wd5e-4_focal_focal_focal,77,2e-06,0.4,0.0005,60.97,65.86,-4.89,1,2025-08-13 08:56:46,.,2e-06,0.4,0.0005,True
lr2e-6_dr0.4_wd1e-3,41,2e-06,0.4,0.001,61.7,64.29,-2.59,0,2025-08-13 08:56:55,.,2e-06,0.4,0.001,False
lr2e-6_dr0.4_wd5e-4,57,2e-06,0.4,0.0005,63.31,66.83,-3.52,0,2025-08-13 08:57:00,.,2e-06,0.4,0.0005,False
lr2e-6_dr0.4_wd2e-3_focal_focal_focal,26,2e-06,0.4,0.002,55.96,59.62,-3.67,1,2025-08-13 08:57:51,.,2e-06,0.4,0.002,True
lr2e-6_dr0.4_wd1e-3_focal_focal_focal,76,2e-06,0.4,0.001,59.86,65.09,-5.24,1,2025-08-13 08:58:19,.,2e-06,0.4,0.001,True
lr2e-6_dr0.4_wd2e-3,12,2e-06,0.4,0.002,59.15,62.51,-3.36,0,2025-08-13 08:58:25,.,2e-06,0.4,0.002,False
lr2e-6_dr0.3_wd5e-4,114,2e-06,0.3,0.0005,71.49,69.51,1.98,0,2025-08-13 08:58:50,.,2e-06,0.3,0.0005,False
lr2e-6_dr0.4_wd1e-3,42,2e-06,0.4,0.001,62.12,63.8,-1.68,0,2025-08-13 08:58:56,.,2e-06,0.4,0.001,False
lr2e-6_dr0.4_wd2e-3_focal_focal_focal,27,2e-06,0.4,0.002,56.27,59.95,-3.68,1,2025-08-13 08:59:51,.,2e-06,0.4,0.002,True
lr2e-6_dr0.3_wd1e-3,86,2e-06,0.3,0.001,66.98,68.79,-1.8,0,2025-08-13 09:00:04,.,2e-06,0.3,0.001,False
lr2e-6_dr0.4_wd1e-3_focal_focal_focal,77,2e-06,0.4,0.001,59.66,64.81,-5.15,1,2025-08-13 09:00:20,.,2e-06,0.4,0.001,True
lr2e-6_dr0.4_wd5e-4_focal_focal_focal,78,2e-06,0.4,0.0005,60.83,66.24,-5.41,1,2025-08-13 09:00:26,.,2e-06,0.4,0.0005,True
lr2e-6_dr0.4_wd2e-3,13,2e-06,0.4,0.002,59.52,62.35,-2.82,0,2025-08-13 09:00:26,.,2e-06,0.4,0.002,False
lr2e-6_dr0.4_wd5e-4,58,2e-06,0.4,0.0005,63.42,66.34,-2.93,0,2025-08-13 09:00:40,.,2e-06,0.4,0.0005,False
lr2e-6_dr0.4_wd1e-3,43,2e-06,0.4,0.001,61.92,64.67,-2.75,0,2025-08-13 09:00:56,.,2e-06,0.4,0.001,False
lr2e-6_dr0.4_wd2e-3_focal_focal_focal,28,2e-06,0.4,0.002,55.97,60.63,-4.66,1,2025-08-13 09:01:52,.,2e-06,0.4,0.002,True
lr2e-6_dr0.4_wd1e-3_focal_focal_focal,78,2e-06,0.4,0.001,60.09,64.77,-4.68,1,2025-08-13 09:02:19,.,2e-06,0.4,0.001,True
lr2e-6_dr0.4_wd2e-3,14,2e-06,0.4,0.002,59.54,61.99,-2.44,0,2025-08-13 09:02:26,.,2e-06,0.4,0.002,False
lr2e-6_dr0.3_wd5e-4,115,2e-06,0.3,0.0005,71.59,69.09,2.5,0,2025-08-13 09:02:33,.,2e-06,0.3,0.0005,False
lr2e-6_dr0.4_wd1e-3,44,2e-06,0.4,0.001,62.45,64.99,-2.54,0,2025-08-13 09:02:58,.,2e-06,0.4,0.001,False
lr2e-6_dr0.3_wd1e-3,87,2e-06,0.3,0.001,67.58,68.99,-1.4,0,2025-08-13 09:03:46,.,2e-06,0.3,0.001,False
lr2e-6_dr0.4_wd2e-3_focal_focal_focal,29,2e-06,0.4,0.002,56.77,61.46,-4.69,1,2025-08-13 09:03:52,.,2e-06,0.4,0.002,True
lr2e-6_dr0.4_wd5e-4_focal_focal_focal,79,2e-06,0.4,0.0005,60.93,66.46,-5.53,1,2025-08-13 09:04:06,.,2e-06,0.4,0.0005,True
lr2e-6_dr0.4_wd1e-3_focal_focal_focal,79,2e-06,0.4,0.001,60.16,64.47,-4.3,1,2025-08-13 09:04:18,.,2e-06,0.4,0.001,True
lr2e-6_dr0.4_wd5e-4,59,2e-06,0.4,0.0005,63.37,66.57,-3.2,0,2025-08-13 09:04:20,.,2e-06,0.4,0.0005,False
lr2e-6_dr0.4_wd2e-3,15,2e-06,0.4,0.002,59.47,62.11,-2.64,0,2025-08-13 09:04:27,.,2e-06,0.4,0.002,False
lr2e-6_dr0.4_wd1e-3,45,2e-06,0.4,0.001,62.02,64.59,-2.57,0,2025-08-13 09:05:00,.,2e-06,0.4,0.001,False
lr2e-6_dr0.4_wd2e-3_focal_focal_focal,30,2e-06,0.4,0.002,56.09,61.6,-5.51,1,2025-08-13 09:05:52,.,2e-06,0.4,0.002,True
lr2e-6_dr0.3_wd5e-4,116,2e-06,0.3,0.0005,72.16,69.01,3.15,0,2025-08-13 09:06:13,.,2e-06,0.3,0.0005,False
lr2e-6_dr0.4_wd1e-3_focal_focal_focal,80,2e-06,0.4,0.001,60.26,64.93,-4.67,1,2025-08-13 09:06:18,.,2e-06,0.4,0.001,True
lr2e-6_dr0.4_wd2e-3,16,2e-06,0.4,0.002,58.73,62.33,-3.6,0,2025-08-13 09:06:28,.,2e-06,0.4,0.002,False
lr2e-6_dr0.4_wd1e-3,46,2e-06,0.4,0.001,62.29,65.07,-2.78,0,2025-08-13 09:07:00,.,2e-06,0.4,0.001,False
lr2e-6_dr0.3_wd1e-3,88,2e-06,0.3,0.001,67.36,68.56,-1.21,0,2025-08-13 09:07:28,.,2e-06,0.3,0.001,False
lr2e-6_dr0.4_wd5e-4_focal_focal_focal,80,2e-06,0.4,0.0005,61.55,66.95,-5.4,1,2025-08-13 09:07:47,.,2e-06,0.4,0.0005,True
lr2e-6_dr0.4_wd2e-3_focal_focal_focal,31,2e-06,0.4,0.002,56.67,61.22,-4.55,1,2025-08-13 09:07:53,.,2e-06,0.4,0.002,True
lr2e-6_dr0.4_wd5e-4,60,2e-06,0.4,0.0005,63.32,66.87,-3.55,0,2025-08-13 09:07:58,.,2e-06,0.4,0.0005,False
lr2e-6_dr0.4_wd1e-3_focal_focal_focal,81,2e-06,0.4,0.001,60.2,64.95,-4.75,1,2025-08-13 09:08:18,.,2e-06,0.4,0.001,True
lr2e-6_dr0.4_wd2e-3,17,2e-06,0.4,0.002,59.92,62.39,-2.47,0,2025-08-13 09:08:30,.,2e-06,0.4,0.002,False
lr2e-6_dr0.4_wd1e-3,47,2e-06,0.4,0.001,62.96,65.44,-2.47,0,2025-08-13 09:09:02,.,2e-06,0.4,0.001,False
lr2e-6_dr0.4_wd2e-3_focal_focal_focal,32,2e-06,0.4,0.002,57.09,62.19,-5.09,1,2025-08-13 09:09:53,.,2e-06,0.4,0.002,True
lr2e-6_dr0.3_wd5e-4,117,2e-06,0.3,0.0005,72.52,69.39,3.13,0,2025-08-13 09:09:53,.,2e-06,0.3,0.0005,False
lr2e-6_dr0.4_wd1e-3_focal_focal_focal,82,2e-06,0.4,0.001,60.41,65.27,-4.86,1,2025-08-13 09:10:17,.,2e-06,0.4,0.001,True
lr2e-6_dr0.4_wd2e-3,18,2e-06,0.4,0.002,58.79,62.39,-3.6,0,2025-08-13 09:10:32,.,2e-06,0.4,0.002,False
lr2e-6_dr0.4_wd1e-3,48,2e-06,0.4,0.001,62.07,65.11,-3.05,0,2025-08-13 09:11:04,.,2e-06,0.4,0.001,False
lr2e-6_dr0.3_wd1e-3,89,2e-06,0.3,0.001,67.95,68.08,-0.13,0,2025-08-13 09:11:09,.,2e-06,0.3,0.001,False
lr2e-6_dr0.4_wd5e-4_focal_focal_focal,81,2e-06,0.4,0.0005,61.52,66.73,-5.21,1,2025-08-13 09:11:28,.,2e-06,0.4,0.0005,True
lr2e-6_dr0.4_wd5e-4,61,2e-06,0.4,0.0005,63.43,66.83,-3.39,0,2025-08-13 09:11:38,.,2e-06,0.4,0.0005,False
lr2e-6_dr0.4_wd2e-3_focal_focal_focal,33,2e-06,0.4,0.002,57.02,62.21,-5.19,1,2025-08-13 09:11:54,.,2e-06,0.4,0.002,True
lr2e-6_dr0.4_wd1e-3_focal_focal_focal,83,2e-06,0.4,0.001,60.54,64.79,-4.25,1,2025-08-13 09:12:17,.,2e-06,0.4,0.001,True
lr2e-6_dr0.4_wd2e-3,19,2e-06,0.4,0.002,59.1,62.55,-3.46,0,2025-08-13 09:12:32,.,2e-06,0.4,0.002,False
lr2e-6_dr0.4_wd1e-3,49,2e-06,0.4,0.001,62.53,65.01,-2.48,0,2025-08-13 09:13:04,.,2e-06,0.4,0.001,False
lr2e-6_dr0.3_wd5e-4,118,2e-06,0.3,0.0005,72.2,69.29,2.91,0,2025-08-13 09:13:36,.,2e-06,0.3,0.0005,False
lr2e-6_dr0.4_wd2e-3_focal_focal_focal,34,2e-06,0.4,0.002,57.06,62.09,-5.03,1,2025-08-13 09:13:55,.,2e-06,0.4,0.002,True
lr2e-6_dr0.4_wd1e-3_focal_focal_focal,84,2e-06,0.4,0.001,60.46,64.79,-4.33,1,2025-08-13 09:14:15,.,2e-06,0.4,0.001,True
lr2e-6_dr0.4_wd2e-3,20,2e-06,0.4,0.002,59.35,62.45,-3.1,0,2025-08-13 09:14:34,.,2e-06,0.4,0.002,False
lr2e-6_dr0.3_wd1e-3,90,2e-06,0.3,0.001,68.15,68.64,-0.49,0,2025-08-13 09:14:49,.,2e-06,0.3,0.001,False
lr2e-6_dr0.4_wd1e-3,50,2e-06,0.4,0.001,62.44,65.48,-3.04,0,2025-08-13 09:15:04,.,2e-06,0.4,0.001,False
lr2e-6_dr0.4_wd5e-4_focal_focal_focal,82,2e-06,0.4,0.0005,61.63,67.51,-5.88,1,2025-08-13 09:15:07,.,2e-06,0.4,0.0005,True
lr2e-6_dr0.4_wd5e-4,62,2e-06,0.4,0.0005,63.77,66.55,-2.78,0,2025-08-13 09:15:19,.,2e-06,0.4,0.0005,False
lr2e-6_dr0.4_wd2e-3_focal_focal_focal,35,2e-06,0.4,0.002,56.72,61.82,-5.1,1,2025-08-13 09:15:57,.,2e-06,0.4,0.002,True
lr2e-6_dr0.4_wd1e-3_focal_focal_focal,85,2e-06,0.4,0.001,60.74,65.11,-4.37,1,2025-08-13 09:16:13,.,2e-06,0.4,0.001,True
lr2e-6_dr0.4_wd2e-3,21,2e-06,0.4,0.002,59.46,62.53,-3.07,0,2025-08-13 09:16:37,.,2e-06,0.4,0.002,False
lr2e-6_dr0.4_wd1e-3,51,2e-06,0.4,0.001,62.25,65.31,-3.07,0,2025-08-13 09:17:06,.,2e-06,0.4,0.001,False
lr2e-6_dr0.3_wd5e-4,119,2e-06,0.3,0.0005,71.81,69.19,2.62,0,2025-08-13 09:17:16,.,2e-06,0.3,0.0005,False
lr2e-6_dr0.4_wd2e-3_focal_focal_focal,36,2e-06,0.4,0.002,56.96,62.37,-5.41,1,2025-08-13 09:17:57,.,2e-06,0.4,0.002,True
lr2e-6_dr0.4_wd1e-3_focal_focal_focal,86,2e-06,0.4,0.001,61.15,64.1,-2.95,1,2025-08-13 09:18:11,.,2e-06,0.4,0.001,True
lr2e-6_dr0.3_wd1e-3,91,2e-06,0.3,0.001,68.36,68.58,-0.23,0,2025-08-13 09:18:29,.,2e-06,0.3,0.001,False
lr2e-6_dr0.4_wd2e-3,22,2e-06,0.4,0.002,59.73,62.55,-2.82,0,2025-08-13 09:18:38,.,2e-06,0.4,0.002,False
lr2e-6_dr0.4_wd5e-4_focal_focal_focal,83,2e-06,0.4,0.0005,61.12,67.13,-6.01,1,2025-08-13 09:18:47,.,2e-06,0.4,0.0005,True
lr2e-6_dr0.4_wd5e-4,63,2e-06,0.4,0.0005,63.67,66.4,-2.74,0,2025-08-13 09:18:57,.,2e-06,0.4,0.0005,False
lr2e-6_dr0.4_wd1e-3,52,2e-06,0.4,0.001,62.65,65.27,-2.62,0,2025-08-13 09:19:09,.,2e-06,0.4,0.001,False
lr2e-6_dr0.4_wd2e-3_focal_focal_focal,37,2e-06,0.4,0.002,57.71,62.39,-4.68,1,2025-08-13 09:19:58,.,2e-06,0.4,0.002,True
lr2e-6_dr0.4_wd1e-3_focal_focal_focal,87,2e-06,0.4,0.001,60.94,64.1,-3.17,1,2025-08-13 09:20:09,.,2e-06,0.4,0.001,True
lr2e-6_dr0.4_wd2e-3,23,2e-06,0.4,0.002,59.38,62.49,-3.11,0,2025-08-13 09:20:40,.,2e-06,0.4,0.002,False
lr2e-6_dr0.3_wd5e-4,120,2e-06,0.3,0.0005,73.14,69.17,3.97,0,2025-08-13 09:20:56,.,2e-06,0.3,0.0005,False
lr2e-6_dr0.4_wd1e-3,53,2e-06,0.4,0.001,62.96,65.4,-2.43,0,2025-08-13 09:21:09,.,2e-06,0.4,0.001,False
lr2e-6_dr0.4_wd2e-3_focal_focal_focal,38,2e-06,0.4,0.002,56.92,62.29,-5.37,1,2025-08-13 09:21:59,.,2e-06,0.4,0.002,True
lr2e-6_dr0.4_wd1e-3_focal_focal_focal,88,2e-06,0.4,0.001,60.95,64.73,-3.78,1,2025-08-13 09:22:07,.,2e-06,0.4,0.001,True
lr2e-6_dr0.3_wd1e-3,92,2e-06,0.3,0.001,68.17,68.4,-0.23,0,2025-08-13 09:22:09,.,2e-06,0.3,0.001,False
lr2e-6_dr0.4_wd5e-4_focal_focal_focal,84,2e-06,0.4,0.0005,61.73,66.97,-5.24,1,2025-08-13 09:22:27,.,2e-06,0.4,0.0005,True
lr2e-6_dr0.4_wd5e-4,64,2e-06,0.4,0.0005,63.52,66.55,-3.03,0,2025-08-13 09:22:35,.,2e-06,0.4,0.0005,False
lr2e-6_dr0.4_wd2e-3,24,2e-06,0.4,0.002,60.11,62.53,-2.42,0,2025-08-13 09:22:41,.,2e-06,0.4,0.002,False
lr2e-6_dr0.4_wd1e-3,54,2e-06,0.4,0.001,62.41,65.13,-2.72,0,2025-08-13 09:23:11,.,2e-06,0.4,0.001,False
lr2e-6_dr0.4_wd2e-3_focal_focal_focal,39,2e-06,0.4,0.002,57.79,62.63,-4.84,1,2025-08-13 09:23:59,.,2e-06,0.4,0.002,True
lr2e-6_dr0.4_wd1e-3_focal_focal_focal,89,2e-06,0.4,0.001,60.44,64.97,-4.53,1,2025-08-13 09:24:07,.,2e-06,0.4,0.001,True
lr2e-6_dr0.3_wd5e-4,121,2e-06,0.3,0.0005,72.89,69.15,3.74,0,2025-08-13 09:24:36,.,2e-06,0.3,0.0005,False
lr2e-6_dr0.4_wd2e-3,25,2e-06,0.4,0.002,60.3,62.97,-2.67,0,2025-08-13 09:24:43,.,2e-06,0.4,0.002,False
lr2e-6_dr0.4_wd1e-3,55,2e-06,0.4,0.001,62.57,65.27,-2.71,0,2025-08-13 09:25:12,.,2e-06,0.4,0.001,False
lr2e-6_dr0.3_wd1e-3,93,2e-06,0.3,0.001,68.22,68.7,-0.49,0,2025-08-13 09:25:51,.,2e-06,0.3,0.001,False
lr2e-6_dr0.4_wd2e-3_focal_focal_focal,40,2e-06,0.4,0.002,57.44,63.52,-6.08,1,2025-08-13 09:26:00,.,2e-06,0.4,0.002,True
lr2e-6_dr0.4_wd5e-4_focal_focal_focal,85,2e-06,0.4,0.0005,61.9,67.31,-5.41,1,2025-08-13 09:26:06,.,2e-06,0.4,0.0005,True
lr2e-6_dr0.4_wd1e-3_focal_focal_focal,90,2e-06,0.4,0.001,61.35,65.21,-3.86,1,2025-08-13 09:26:07,.,2e-06,0.4,0.001,True
lr2e-6_dr0.4_wd5e-4,65,2e-06,0.4,0.0005,63.62,66.4,-2.78,0,2025-08-13 09:26:14,.,2e-06,0.4,0.0005,False
lr2e-6_dr0.4_wd2e-3,26,2e-06,0.4,0.002,60.05,62.53,-2.48,0,2025-08-13 09:26:45,.,2e-06,0.4,0.002,False
lr2e-6_dr0.4_wd1e-3,56,2e-06,0.4,0.001,62.71,65.29,-2.58,0,2025-08-13 09:27:12,.,2e-06,0.4,0.001,False
lr2e-6_dr0.4_wd2e-3_focal_focal_focal,41,2e-06,0.4,0.002,57.26,62.95,-5.7,1,2025-08-13 09:28:02,.,2e-06,0.4,0.002,True
lr2e-6_dr0.4_wd1e-3_focal_focal_focal,91,2e-06,0.4,0.001,61.06,65.23,-4.17,1,2025-08-13 09:28:07,.,2e-06,0.4,0.001,True
lr2e-6_dr0.3_wd5e-4,122,2e-06,0.3,0.0005,72.37,69.45,2.92,0,2025-08-13 09:28:17,.,2e-06,0.3,0.0005,False
lr2e-6_dr0.4_wd2e-3,27,2e-06,0.4,0.002,60.65,63.12,-2.47,0,2025-08-13 09:28:45,.,2e-06,0.4,0.002,False
lr2e-6_dr0.4_wd1e-3,57,2e-06,0.4,0.001,62.87,65.44,-2.57,0,2025-08-13 09:29:14,.,2e-06,0.4,0.001,False
lr2e-6_dr0.3_wd1e-3,94,2e-06,0.3,0.001,68.92,68.0,0.92,0,2025-08-13 09:29:34,.,2e-06,0.3,0.001,False
lr2e-6_dr0.4_wd5e-4_focal_focal_focal,86,2e-06,0.4,0.0005,61.48,67.47,-5.99,1,2025-08-13 09:29:46,.,2e-06,0.4,0.0005,True
lr2e-6_dr0.4_wd5e-4,66,2e-06,0.4,0.0005,64.13,66.51,-2.37,0,2025-08-13 09:29:53,.,2e-06,0.4,0.0005,False
lr2e-6_dr0.4_wd2e-3_focal_focal_focal,42,2e-06,0.4,0.002,57.56,62.07,-4.51,1,2025-08-13 09:30:02,.,2e-06,0.4,0.002,True
lr2e-6_dr0.4_wd1e-3_focal_focal_focal,92,2e-06,0.4,0.001,60.89,65.54,-4.65,1,2025-08-13 09:30:06,.,2e-06,0.4,0.001,True
lr2e-6_dr0.4_wd2e-3,28,2e-06,0.4,0.002,60.34,62.99,-2.66,0,2025-08-13 09:30:47,.,2e-06,0.4,0.002,False
lr2e-6_dr0.4_wd1e-3,58,2e-06,0.4,0.001,62.96,65.33,-2.38,0,2025-08-13 09:31:16,.,2e-06,0.4,0.001,False
lr2e-6_dr0.3_wd5e-4,123,2e-06,0.3,0.0005,72.95,69.17,3.78,0,2025-08-13 09:31:59,.,2e-06,0.3,0.0005,False
lr2e-6_dr0.4_wd2e-3_focal_focal_focal,43,2e-06,0.4,0.002,57.72,61.95,-4.22,1,2025-08-13 09:32:02,.,2e-06,0.4,0.002,True
lr2e-6_dr0.4_wd1e-3_focal_focal_focal,93,2e-06,0.4,0.001,60.97,65.66,-4.69,1,2025-08-13 09:32:09,.,2e-06,0.4,0.001,True
lr2e-6_dr0.4_wd2e-3,29,2e-06,0.4,0.002,60.51,63.8,-3.29,0,2025-08-13 09:32:51,.,2e-06,0.4,0.002,False
lr2e-6_dr0.3_wd1e-3,95,2e-06,0.3,0.001,68.97,68.54,0.43,0,2025-08-13 09:33:15,.,2e-06,0.3,0.001,False
lr2e-6_dr0.4_wd1e-3,59,2e-06,0.4,0.001,62.71,65.23,-2.52,0,2025-08-13 09:33:18,.,2e-06,0.4,0.001,False
lr2e-6_dr0.4_wd5e-4_focal_focal_focal,87,2e-06,0.4,0.0005,61.92,66.79,-4.86,1,2025-08-13 09:33:27,.,2e-06,0.4,0.0005,True
lr2e-6_dr0.4_wd5e-4,67,2e-06,0.4,0.0005,64.52,66.63,-2.1,0,2025-08-13 09:33:34,.,2e-06,0.4,0.0005,False
lr2e-6_dr0.4_wd2e-3_focal_focal_focal,44,2e-06,0.4,0.002,57.98,61.2,-3.22,1,2025-08-13 09:34:05,.,2e-06,0.4,0.002,True
lr2e-6_dr0.4_wd1e-3_focal_focal_focal,94,2e-06,0.4,0.001,61.28,66.18,-4.9,1,2025-08-13 09:34:12,.,2e-06,0.4,0.001,True
lr2e-6_dr0.4_wd2e-3,30,2e-06,0.4,0.002,60.32,63.46,-3.14,0,2025-08-13 09:34:57,.,2e-06,0.4,0.002,False
lr2e-6_dr0.4_wd1e-3,60,2e-06,0.4,0.001,62.63,64.93,-2.3,0,2025-08-13 09:35:24,.,2e-06,0.4,0.001,False
lr2e-6_dr0.3_wd5e-4,124,2e-06,0.3,0.0005,73.36,69.25,4.11,0,2025-08-13 09:35:45,.,2e-06,0.3,0.0005,False
lr2e-6_dr0.4_wd2e-3_focal_focal_focal,45,2e-06,0.4,0.002,57.59,63.03,-5.44,1,2025-08-13 09:36:10,.,2e-06,0.4,0.002,True
lr2e-6_dr0.4_wd1e-3_focal_focal_focal,95,2e-06,0.4,0.001,61.18,66.2,-5.02,1,2025-08-13 09:36:17,.,2e-06,0.4,0.001,True
lr2e-6_dr0.4_wd2e-3,31,2e-06,0.4,0.002,60.91,63.5,-2.59,0,2025-08-13 09:37:02,.,2e-06,0.4,0.002,False
lr2e-6_dr0.3_wd1e-3,96,2e-06,0.3,0.001,69.22,68.66,0.55,0,2025-08-13 09:37:04,.,2e-06,0.3,0.001,False
lr2e-6_dr0.4_wd5e-4_focal_focal_focal,88,2e-06,0.4,0.0005,61.81,67.45,-5.64,1,2025-08-13 09:37:11,.,2e-06,0.4,0.0005,True
lr2e-6_dr0.4_wd5e-4,68,2e-06,0.4,0.0005,64.35,67.35,-3.0,0,2025-08-13 09:37:22,.,2e-06,0.4,0.0005,False
lr2e-6_dr0.4_wd1e-3,61,2e-06,0.4,0.001,62.75,64.51,-1.76,0,2025-08-13 09:37:28,.,2e-06,0.4,0.001,False
lr2e-6_dr0.4_wd2e-3_focal_focal_focal,46,2e-06,0.4,0.002,57.33,62.45,-5.12,1,2025-08-13 09:38:16,.,2e-06,0.4,0.002,True
lr2e-6_dr0.4_wd1e-3_focal_focal_focal,96,2e-06,0.4,0.001,61.14,65.84,-4.7,1,2025-08-13 09:38:21,.,2e-06,0.4,0.001,True
lr2e-6_dr0.4_wd2e-3,32,2e-06,0.4,0.002,61.56,64.16,-2.6,0,2025-08-13 09:39:05,.,2e-06,0.4,0.002,False
lr2e-6_dr0.3_wd5e-4,125,2e-06,0.3,0.0005,72.77,69.25,3.52,0,2025-08-13 09:39:31,.,2e-06,0.3,0.0005,False
lr2e-6_dr0.4_wd1e-3,62,2e-06,0.4,0.001,63.1,65.07,-1.97,0,2025-08-13 09:39:31,.,2e-06,0.4,0.001,False
lr2e-6_dr0.4_wd2e-3_focal_focal_focal,47,2e-06,0.4,0.002,57.55,62.27,-4.72,1,2025-08-13 09:40:17,.,2e-06,0.4,0.002,True
lr2e-6_dr0.4_wd1e-3_focal_focal_focal,97,2e-06,0.4,0.001,61.38,66.04,-4.66,1,2025-08-13 09:40:23,.,2e-06,0.4,0.001,True
lr2e-6_dr0.3_wd1e-3,97,2e-06,0.3,0.001,68.81,68.83,-0.02,0,2025-08-13 09:40:51,.,2e-06,0.3,0.001,False
lr2e-6_dr0.4_wd5e-4_focal_focal_focal,89,2e-06,0.4,0.0005,62.17,67.37,-5.21,1,2025-08-13 09:40:56,.,2e-06,0.4,0.0005,True
lr2e-6_dr0.4_wd5e-4,69,2e-06,0.4,0.0005,64.36,66.42,-2.07,0,2025-08-13 09:41:07,.,2e-06,0.4,0.0005,False
lr2e-6_dr0.4_wd2e-3,33,2e-06,0.4,0.002,61.38,63.64,-2.26,0,2025-08-13 09:41:08,.,2e-06,0.4,0.002,False
lr2e-6_dr0.4_wd1e-3,63,2e-06,0.4,0.001,62.94,65.52,-2.57,0,2025-08-13 09:41:32,.,2e-06,0.4,0.001,False
lr2e-6_dr0.4_wd2e-3_focal_focal_focal,48,2e-06,0.4,0.002,57.61,62.61,-5.0,1,2025-08-13 09:42:18,.,2e-06,0.4,0.002,True
lr2e-6_dr0.4_wd1e-3_focal_focal_focal,98,2e-06,0.4,0.001,61.6,65.31,-3.71,1,2025-08-13 09:42:24,.,2e-06,0.4,0.001,True
lr2e-6_dr0.4_wd2e-3,34,2e-06,0.4,0.002,60.95,64.27,-3.32,0,2025-08-13 09:43:09,.,2e-06,0.4,0.002,False
lr2e-6_dr0.3_wd5e-4,126,2e-06,0.3,0.0005,72.74,69.11,3.63,0,2025-08-13 09:43:13,.,2e-06,0.3,0.0005,False
lr2e-6_dr0.4_wd1e-3,64,2e-06,0.4,0.001,62.84,65.66,-2.82,0,2025-08-13 09:43:35,.,2e-06,0.4,0.001,False
lr2e-6_dr0.4_wd2e-3_focal_focal_focal,49,2e-06,0.4,0.002,58.12,62.51,-4.39,1,2025-08-13 09:44:20,.,2e-06,0.4,0.002,True
lr2e-6_dr0.4_wd1e-3_focal_focal_focal,99,2e-06,0.4,0.001,61.64,65.88,-4.24,1,2025-08-13 09:44:23,.,2e-06,0.4,0.001,True
lr2e-6_dr0.3_wd1e-3,98,2e-06,0.3,0.001,69.43,68.68,0.75,0,2025-08-13 09:44:36,.,2e-06,0.3,0.001,False
lr2e-6_dr0.4_wd5e-4_focal_focal_focal,90,2e-06,0.4,0.0005,62.44,68.24,-5.8,1,2025-08-13 09:44:37,.,2e-06,0.4,0.0005,True
lr2e-6_dr0.4_wd5e-4,70,2e-06,0.4,0.0005,65.03,67.35,-2.33,0,2025-08-13 09:44:48,.,2e-06,0.4,0.0005,False
lr2e-6_dr0.4_wd2e-3,35,2e-06,0.4,0.002,61.2,64.1,-2.9,0,2025-08-13 09:45:13,.,2e-06,0.4,0.002,False
lr2e-6_dr0.4_wd1e-3,65,2e-06,0.4,0.001,62.95,66.24,-3.29,0,2025-08-13 09:45:39,.,2e-06,0.4,0.001,False
lr2e-6_dr0.4_wd1e-3_focal_focal_focal,100,2e-06,0.4,0.001,61.64,66.22,-4.58,1,2025-08-13 09:46:23,.,2e-06,0.4,0.001,True
lr2e-6_dr0.4_wd2e-3_focal_focal_focal,50,2e-06,0.4,0.002,57.64,63.12,-5.47,1,2025-08-13 09:46:24,.,2e-06,0.4,0.002,True
lr2e-6_dr0.3_wd5e-4,127,2e-06,0.3,0.0005,72.89,69.01,3.88,0,2025-08-13 09:46:56,.,2e-06,0.3,0.0005,False
lr2e-6_dr0.4_wd2e-3,36,2e-06,0.4,0.002,61.59,64.87,-3.28,0,2025-08-13 09:47:14,.,2e-06,0.4,0.002,False
lr2e-6_dr0.4_wd1e-3,66,2e-06,0.4,0.001,63.37,66.28,-2.91,0,2025-08-13 09:47:43,.,2e-06,0.4,0.001,False
lr2e-6_dr0.3_wd1e-3,99,2e-06,0.3,0.001,69.2,68.28,0.92,0,2025-08-13 09:48:19,.,2e-06,0.3,0.001,False
lr2e-6_dr0.4_wd5e-4_focal_focal_focal,91,2e-06,0.4,0.0005,62.55,68.28,-5.74,1,2025-08-13 09:48:20,.,2e-06,0.4,0.0005,True
lr2e-6_dr0.4_wd1e-3_focal_focal_focal,101,2e-06,0.4,0.001,61.93,66.59,-4.66,1,2025-08-13 09:48:23,.,2e-06,0.4,0.001,True
lr2e-6_dr0.4_wd2e-3_focal_focal_focal,51,2e-06,0.4,0.002,58.15,62.79,-4.65,1,2025-08-13 09:48:26,.,2e-06,0.4,0.002,True
lr2e-6_dr0.4_wd5e-4,71,2e-06,0.4,0.0005,64.65,67.27,-2.62,0,2025-08-13 09:48:31,.,2e-06,0.4,0.0005,False
lr2e-6_dr0.4_wd2e-3,37,2e-06,0.4,0.002,61.79,64.25,-2.46,0,2025-08-13 09:49:18,.,2e-06,0.4,0.002,False
lr2e-6_dr0.4_wd1e-3,67,2e-06,0.4,0.001,62.98,65.56,-2.58,0,2025-08-13 09:49:46,.,2e-06,0.4,0.001,False
lr2e-6_dr0.4_wd1e-3_focal_focal_focal,102,2e-06,0.4,0.001,61.9,66.65,-4.75,1,2025-08-13 09:50:23,.,2e-06,0.4,0.001,True
lr2e-6_dr0.4_wd2e-3_focal_focal_focal,52,2e-06,0.4,0.002,58.03,63.52,-5.49,1,2025-08-13 09:50:27,.,2e-06,0.4,0.002,True
lr2e-6_dr0.3_wd5e-4,128,2e-06,0.3,0.0005,73.1,69.27,3.83,0,2025-08-13 09:50:38,.,2e-06,0.3,0.0005,False
lr2e-6_dr0.4_wd2e-3,38,2e-06,0.4,0.002,61.8,64.81,-3.01,0,2025-08-13 09:51:18,.,2e-06,0.4,0.002,False
lr2e-6_dr0.4_wd1e-3,68,2e-06,0.4,0.001,62.67,66.14,-3.48,0,2025-08-13 09:51:47,.,2e-06,0.4,0.001,False
lr2e-6_dr0.3_wd1e-3,100,2e-06,0.3,0.001,69.84,68.34,1.5,0,2025-08-13 09:52:00,.,2e-06,0.3,0.001,False
lr2e-6_dr0.4_wd5e-4_focal_focal_focal,92,2e-06,0.4,0.0005,62.59,68.1,-5.51,1,2025-08-13 09:52:01,.,2e-06,0.4,0.0005,True
lr2e-6_dr0.4_wd5e-4,72,2e-06,0.4,0.0005,64.48,67.33,-2.86,0,2025-08-13 09:52:11,.,2e-06,0.4,0.0005,False
lr2e-6_dr0.4_wd1e-3_focal_focal_focal,103,2e-06,0.4,0.001,62.24,66.65,-4.41,1,2025-08-13 09:52:24,.,2e-06,0.4,0.001,True
lr2e-6_dr0.4_wd2e-3_focal_focal_focal,53,2e-06,0.4,0.002,57.58,63.01,-5.43,1,2025-08-13 09:52:28,.,2e-06,0.4,0.002,True
lr2e-6_dr0.4_wd2e-3,39,2e-06,0.4,0.002,62.0,64.99,-3.0,0,2025-08-13 09:53:22,.,2e-06,0.4,0.002,False
lr2e-6_dr0.4_wd1e-3,69,2e-06,0.4,0.001,63.3,66.04,-2.74,0,2025-08-13 09:53:50,.,2e-06,0.4,0.001,False
lr2e-6_dr0.3_wd5e-4,129,2e-06,0.3,0.0005,72.56,69.47,3.09,0,2025-08-13 09:54:19,.,2e-06,0.3,0.0005,False
lr2e-6_dr0.4_wd1e-3_focal_focal_focal,104,2e-06,0.4,0.001,62.39,66.73,-4.33,1,2025-08-13 09:54:26,.,2e-06,0.4,0.001,True
lr2e-6_dr0.4_wd2e-3_focal_focal_focal,54,2e-06,0.4,0.002,57.6,62.47,-4.87,1,2025-08-13 09:54:29,.,2e-06,0.4,0.002,True
lr2e-6_dr0.4_wd2e-3,40,2e-06,0.4,0.002,61.8,64.75,-2.95,0,2025-08-13 09:55:25,.,2e-06,0.4,0.002,False
lr2e-6_dr0.3_wd1e-3,101,2e-06,0.3,0.001,69.79,68.66,1.13,0,2025-08-13 09:55:41,.,2e-06,0.3,0.001,False
lr2e-6_dr0.4_wd5e-4_focal_focal_focal,93,2e-06,0.4,0.0005,62.93,68.14,-5.21,1,2025-08-13 09:55:42,.,2e-06,0.4,0.0005,True
lr2e-6_dr0.4_wd5e-4,73,2e-06,0.4,0.0005,65.19,67.68,-2.49,0,2025-08-13 09:55:50,.,2e-06,0.4,0.0005,False
lr2e-6_dr0.4_wd1e-3,70,2e-06,0.4,0.001,64.01,66.32,-2.32,0,2025-08-13 09:55:52,.,2e-06,0.4,0.001,False
lr2e-6_dr0.4_wd1e-3_focal_focal_focal,105,2e-06,0.4,0.001,61.45,66.32,-4.88,1,2025-08-13 09:56:25,.,2e-06,0.4,0.001,True
lr2e-6_dr0.4_wd2e-3_focal_focal_focal,55,2e-06,0.4,0.002,57.68,62.83,-5.16,1,2025-08-13 09:56:29,.,2e-06,0.4,0.002,True
lr2e-6_dr0.4_wd2e-3,41,2e-06,0.4,0.002,61.79,64.81,-3.02,0,2025-08-13 09:57:28,.,2e-06,0.4,0.002,False
lr2e-6_dr0.4_wd1e-3,71,2e-06,0.4,0.001,64.21,66.34,-2.14,0,2025-08-13 09:57:55,.,2e-06,0.4,0.001,False
lr2e-6_dr0.3_wd5e-4,130,2e-06,0.3,0.0005,72.87,69.31,3.56,0,2025-08-13 09:58:02,.,2e-06,0.3,0.0005,False
lr2e-6_dr0.4_wd1e-3_focal_focal_focal,106,2e-06,0.4,0.001,62.06,66.55,-4.49,1,2025-08-13 09:58:25,.,2e-06,0.4,0.001,True
lr2e-6_dr0.4_wd2e-3_focal_focal_focal,56,2e-06,0.4,0.002,57.96,63.3,-5.34,1,2025-08-13 09:58:28,.,2e-06,0.4,0.002,True
lr2e-6_dr0.3_wd1e-3,102,2e-06,0.3,0.001,70.37,68.14,2.23,0,2025-08-13 09:59:21,.,2e-06,0.3,0.001,False
lr2e-6_dr0.4_wd5e-4_focal_focal_focal,94,2e-06,0.4,0.0005,62.77,68.08,-5.31,1,2025-08-13 09:59:22,.,2e-06,0.4,0.0005,True
lr2e-6_dr0.4_wd2e-3,42,2e-06,0.4,0.002,62.26,64.67,-2.41,0,2025-08-13 09:59:30,.,2e-06,0.4,0.002,False
lr2e-6_dr0.4_wd5e-4,74,2e-06,0.4,0.0005,65.1,68.24,-3.14,0,2025-08-13 09:59:32,.,2e-06,0.4,0.0005,False
lr2e-6_dr0.4_wd1e-3,72,2e-06,0.4,0.001,63.73,65.84,-2.11,0,2025-08-13 09:59:57,.,2e-06,0.4,0.001,False
lr2e-6_dr0.4_wd1e-3_focal_focal_focal,107,2e-06,0.4,0.001,61.84,66.63,-4.78,1,2025-08-13 10:00:25,.,2e-06,0.4,0.001,True
lr2e-6_dr0.4_wd2e-3_focal_focal_focal,57,2e-06,0.4,0.002,58.16,63.3,-5.14,1,2025-08-13 10:00:29,.,2e-06,0.4,0.002,True
lr2e-6_dr0.4_wd2e-3,43,2e-06,0.4,0.002,62.32,64.71,-2.39,0,2025-08-13 10:01:31,.,2e-06,0.4,0.002,False
lr2e-6_dr0.3_wd5e-4,131,2e-06,0.3,0.0005,73.28,68.99,4.29,0,2025-08-13 10:01:43,.,2e-06,0.3,0.0005,False
lr2e-6_dr0.4_wd1e-3,73,2e-06,0.4,0.001,64.63,66.57,-1.93,0,2025-08-13 10:01:58,.,2e-06,0.4,0.001,False
lr2e-6_dr0.4_wd1e-3_focal_focal_focal,108,2e-06,0.4,0.001,62.8,67.09,-4.29,1,2025-08-13 10:02:25,.,2e-06,0.4,0.001,True
lr2e-6_dr0.4_wd2e-3_focal_focal_focal,58,2e-06,0.4,0.002,57.84,63.12,-5.28,1,2025-08-13 10:02:30,.,2e-06,0.4,0.002,True
lr2e-6_dr0.4_wd5e-4_focal_focal_focal,95,2e-06,0.4,0.0005,63.32,67.59,-4.27,1,2025-08-13 10:03:01,.,2e-06,0.4,0.0005,True
lr2e-6_dr0.3_wd1e-3,103,2e-06,0.3,0.001,70.26,69.07,1.2,0,2025-08-13 10:03:02,.,2e-06,0.3,0.001,False
lr2e-6_dr0.4_wd5e-4,75,2e-06,0.4,0.0005,65.48,67.82,-2.34,0,2025-08-13 10:03:13,.,2e-06,0.4,0.0005,False
lr2e-6_dr0.4_wd2e-3,44,2e-06,0.4,0.002,62.52,64.85,-2.34,0,2025-08-13 10:03:31,.,2e-06,0.4,0.002,False
lr2e-6_dr0.4_wd1e-3,74,2e-06,0.4,0.001,64.26,66.83,-2.57,0,2025-08-13 10:04:00,.,2e-06,0.4,0.001,False
lr2e-6_dr0.4_wd1e-3_focal_focal_focal,109,2e-06,0.4,0.001,62.25,66.75,-4.5,1,2025-08-13 10:04:25,.,2e-06,0.4,0.001,True
lr2e-6_dr0.4_wd2e-3_focal_focal_focal,59,2e-06,0.4,0.002,58.03,63.32,-5.29,1,2025-08-13 10:04:30,.,2e-06,0.4,0.002,True
lr2e-6_dr0.3_wd5e-4,132,2e-06,0.3,0.0005,72.94,69.29,3.65,0,2025-08-13 10:05:23,.,2e-06,0.3,0.0005,False
lr2e-6_dr0.4_wd2e-3,45,2e-06,0.4,0.002,62.36,65.03,-2.67,0,2025-08-13 10:05:33,.,2e-06,0.4,0.002,False
lr2e-6_dr0.4_wd1e-3,75,2e-06,0.4,0.001,64.38,66.57,-2.19,0,2025-08-13 10:06:02,.,2e-06,0.4,0.001,False
lr2e-6_dr0.4_wd1e-3_focal_focal_focal,110,2e-06,0.4,0.001,62.68,67.23,-4.56,1,2025-08-13 10:06:23,.,2e-06,0.4,0.001,True
lr2e-6_dr0.4_wd2e-3_focal_focal_focal,60,2e-06,0.4,0.002,58.28,63.18,-4.89,1,2025-08-13 10:06:32,.,2e-06,0.4,0.002,True
lr2e-6_dr0.4_wd5e-4_focal_focal_focal,96,2e-06,0.4,0.0005,63.57,68.56,-4.99,1,2025-08-13 10:06:40,.,2e-06,0.4,0.0005,True
lr2e-6_dr0.3_wd1e-3,104,2e-06,0.3,0.001,70.37,68.89,1.49,0,2025-08-13 10:06:45,.,2e-06,0.3,0.001,False
lr2e-6_dr0.4_wd5e-4,76,2e-06,0.4,0.0005,65.38,67.9,-2.52,0,2025-08-13 10:06:52,.,2e-06,0.4,0.0005,False
lr2e-6_dr0.4_wd2e-3,46,2e-06,0.4,0.002,62.38,65.56,-3.18,0,2025-08-13 10:07:35,.,2e-06,0.4,0.002,False
lr2e-6_dr0.4_wd1e-3,76,2e-06,0.4,0.001,64.38,67.25,-2.88,0,2025-08-13 10:08:02,.,2e-06,0.4,0.001,False
lr2e-6_dr0.4_wd1e-3_focal_focal_focal,111,2e-06,0.4,0.001,62.0,67.13,-5.14,1,2025-08-13 10:08:23,.,2e-06,0.4,0.001,True
lr2e-6_dr0.4_wd2e-3_focal_focal_focal,61,2e-06,0.4,0.002,57.65,62.83,-5.18,1,2025-08-13 10:08:32,.,2e-06,0.4,0.002,True
lr2e-6_dr0.3_wd5e-4,133,2e-06,0.3,0.0005,73.19,69.35,3.84,0,2025-08-13 10:09:06,.,2e-06,0.3,0.0005,False
lr2e-6_dr0.4_wd2e-3,47,2e-06,0.4,0.002,62.82,65.48,-2.66,0,2025-08-13 10:09:37,.,2e-06,0.4,0.002,False
lr2e-6_dr0.4_wd1e-3,77,2e-06,0.4,0.001,64.47,67.25,-2.78,0,2025-08-13 10:10:05,.,2e-06,0.4,0.001,False
lr2e-6_dr0.4_wd5e-4_focal_focal_focal,97,2e-06,0.4,0.0005,63.15,68.0,-4.85,1,2025-08-13 10:10:20,.,2e-06,0.4,0.0005,True
lr2e-6_dr0.4_wd1e-3_focal_focal_focal,112,2e-06,0.4,0.001,62.05,66.85,-4.8,1,2025-08-13 10:10:23,.,2e-06,0.4,0.001,True
lr2e-6_dr0.3_wd1e-3,105,2e-06,0.3,0.001,70.41,68.74,1.66,0,2025-08-13 10:10:26,.,2e-06,0.3,0.001,False
lr2e-6_dr0.4_wd2e-3_focal_focal_focal,62,2e-06,0.4,0.002,58.29,63.36,-5.07,1,2025-08-13 10:10:31,.,2e-06,0.4,0.002,True
lr2e-6_dr0.4_wd5e-4,77,2e-06,0.4,0.0005,65.27,66.83,-1.55,0,2025-08-13 10:10:32,.,2e-06,0.4,0.0005,False
lr2e-6_dr0.4_wd2e-3,48,2e-06,0.4,0.002,62.57,65.17,-2.61,0,2025-08-13 10:11:37,.,2e-06,0.4,0.002,False
lr2e-6_dr0.4_wd1e-3,78,2e-06,0.4,0.001,64.68,66.85,-2.17,0,2025-08-13 10:12:08,.,2e-06,0.4,0.001,False
lr2e-6_dr0.4_wd1e-3_focal_focal_focal,113,2e-06,0.4,0.001,62.66,66.99,-4.33,1,2025-08-13 10:12:23,.,2e-06,0.4,0.001,True
lr2e-6_dr0.4_wd2e-3_focal_focal_focal,63,2e-06,0.4,0.002,58.61,63.74,-5.13,1,2025-08-13 10:12:33,.,2e-06,0.4,0.002,True
lr2e-6_dr0.3_wd5e-4,134,2e-06,0.3,0.0005,73.08,69.37,3.71,0,2025-08-13 10:12:48,.,2e-06,0.3,0.0005,False
lr2e-6_dr0.4_wd2e-3,49,2e-06,0.4,0.002,62.86,65.23,-2.37,0,2025-08-13 10:13:36,.,2e-06,0.4,0.002,False
lr2e-6_dr0.4_wd5e-4_focal_focal_focal,98,2e-06,0.4,0.0005,63.35,68.3,-4.95,1,2025-08-13 10:14:00,.,2e-06,0.4,0.0005,True
lr2e-6_dr0.3_wd1e-3,106,2e-06,0.3,0.001,70.57,68.91,1.66,0,2025-08-13 10:14:06,.,2e-06,0.3,0.001,False
lr2e-6_dr0.4_wd1e-3,79,2e-06,0.4,0.001,64.88,67.62,-2.73,0,2025-08-13 10:14:08,.,2e-06,0.4,0.001,False
lr2e-6_dr0.4_wd5e-4,78,2e-06,0.4,0.0005,65.11,68.28,-3.17,0,2025-08-13 10:14:11,.,2e-06,0.4,0.0005,False
lr2e-6_dr0.4_wd1e-3_focal_focal_focal,114,2e-06,0.4,0.001,62.49,66.95,-4.45,1,2025-08-13 10:14:24,.,2e-06,0.4,0.001,True
lr2e-6_dr0.4_wd2e-3_focal_focal_focal,64,2e-06,0.4,0.002,58.44,62.77,-4.33,1,2025-08-13 10:14:34,.,2e-06,0.4,0.002,True
lr2e-6_dr0.4_wd2e-3,50,2e-06,0.4,0.002,62.35,65.74,-3.38,0,2025-08-13 10:15:36,.,2e-06,0.4,0.002,False
lr2e-6_dr0.4_wd1e-3,80,2e-06,0.4,0.001,64.62,67.9,-3.28,0,2025-08-13 10:16:10,.,2e-06,0.4,0.001,False
lr2e-6_dr0.4_wd1e-3_focal_focal_focal,115,2e-06,0.4,0.001,62.69,67.55,-4.87,1,2025-08-13 10:16:24,.,2e-06,0.4,0.001,True
lr2e-6_dr0.3_wd5e-4,135,2e-06,0.3,0.0005,72.88,69.43,3.45,0,2025-08-13 10:16:31,.,2e-06,0.3,0.0005,False
lr2e-6_dr0.4_wd2e-3_focal_focal_focal,65,2e-06,0.4,0.002,58.52,63.42,-4.9,1,2025-08-13 10:16:33,.,2e-06,0.4,0.002,True
lr2e-6_dr0.4_wd2e-3,51,2e-06,0.4,0.002,62.54,65.8,-3.26,0,2025-08-13 10:17:38,.,2e-06,0.4,0.002,False
lr2e-6_dr0.4_wd5e-4_focal_focal_focal,99,2e-06,0.4,0.0005,63.49,68.58,-5.09,1,2025-08-13 10:17:40,.,2e-06,0.4,0.0005,True
lr2e-6_dr0.3_wd1e-3,107,2e-06,0.3,0.001,71.28,68.4,2.88,0,2025-08-13 10:17:46,.,2e-06,0.3,0.001,False
lr2e-6_dr0.4_wd5e-4,79,2e-06,0.4,0.0005,66.09,67.82,-1.73,0,2025-08-13 10:17:52,.,2e-06,0.4,0.0005,False
lr2e-6_dr0.4_wd1e-3,81,2e-06,0.4,0.001,64.94,67.29,-2.35,0,2025-08-13 10:18:13,.,2e-06,0.4,0.001,False
lr2e-6_dr0.4_wd1e-3_focal_focal_focal,116,2e-06,0.4,0.001,62.46,67.35,-4.89,1,2025-08-13 10:18:23,.,2e-06,0.4,0.001,True
lr2e-6_dr0.4_wd2e-3_focal_focal_focal,66,2e-06,0.4,0.002,58.51,63.8,-5.29,1,2025-08-13 10:18:35,.,2e-06,0.4,0.002,True
lr2e-6_dr0.4_wd2e-3,52,2e-06,0.4,0.002,62.57,65.94,-3.37,0,2025-08-13 10:19:40,.,2e-06,0.4,0.002,False
lr2e-6_dr0.4_wd1e-3,82,2e-06,0.4,0.001,65.15,67.51,-2.37,0,2025-08-13 10:20:13,.,2e-06,0.4,0.001,False
lr2e-6_dr0.3_wd5e-4,136,2e-06,0.3,0.0005,73.42,69.19,4.23,0,2025-08-13 10:20:13,.,2e-06,0.3,0.0005,False
lr2e-6_dr0.4_wd1e-3_focal_focal_focal,117,2e-06,0.4,0.001,62.21,67.17,-4.96,1,2025-08-13 10:20:22,.,2e-06,0.4,0.001,True
lr2e-6_dr0.4_wd2e-3_focal_focal_focal,67,2e-06,0.4,0.002,58.52,63.98,-5.46,1,2025-08-13 10:20:37,.,2e-06,0.4,0.002,True
lr2e-6_dr0.4_wd5e-4_focal_focal_focal,100,2e-06,0.4,0.0005,63.95,68.42,-4.47,1,2025-08-13 10:21:19,.,2e-06,0.4,0.0005,True
lr2e-6_dr0.3_wd1e-3,108,2e-06,0.3,0.001,70.91,68.81,2.1,0,2025-08-13 10:21:27,.,2e-06,0.3,0.001,False
lr2e-6_dr0.4_wd5e-4,80,2e-06,0.4,0.0005,66.13,67.82,-1.69,0,2025-08-13 10:21:31,.,2e-06,0.4,0.0005,False
lr2e-6_dr0.4_wd2e-3,53,2e-06,0.4,0.002,63.08,65.5,-2.42,0,2025-08-13 10:21:41,.,2e-06,0.4,0.002,False
lr2e-6_dr0.4_wd1e-3,83,2e-06,0.4,0.001,65.3,67.55,-2.25,0,2025-08-13 10:22:14,.,2e-06,0.4,0.001,False
lr2e-6_dr0.4_wd1e-3_focal_focal_focal,118,2e-06,0.4,0.001,62.83,67.07,-4.24,1,2025-08-13 10:22:20,.,2e-06,0.4,0.001,True
lr2e-6_dr0.4_wd2e-3_focal_focal_focal,68,2e-06,0.4,0.002,58.74,63.66,-4.92,1,2025-08-13 10:22:40,.,2e-06,0.4,0.002,True
lr2e-6_dr0.4_wd2e-3,54,2e-06,0.4,0.002,62.62,65.15,-2.53,0,2025-08-13 10:23:42,.,2e-06,0.4,0.002,False
lr2e-6_dr0.3_wd5e-4,137,2e-06,0.3,0.0005,73.16,69.07,4.1,0,2025-08-13 10:23:54,.,2e-06,0.3,0.0005,False
lr2e-6_dr0.4_wd1e-3,84,2e-06,0.4,0.001,65.41,67.43,-2.03,0,2025-08-13 10:24:13,.,2e-06,0.4,0.001,False
lr2e-6_dr0.4_wd1e-3_focal_focal_focal,119,2e-06,0.4,0.001,62.6,67.25,-4.65,1,2025-08-13 10:24:19,.,2e-06,0.4,0.001,True
lr2e-6_dr0.4_wd2e-3_focal_focal_focal,69,2e-06,0.4,0.002,58.41,63.28,-4.86,1,2025-08-13 10:24:39,.,2e-06,0.4,0.002,True
lr2e-6_dr0.4_wd5e-4_focal_focal_focal,101,2e-06,0.4,0.0005,63.52,67.53,-4.02,1,2025-08-13 10:24:58,.,2e-06,0.4,0.0005,True
lr2e-6_dr0.3_wd1e-3,109,2e-06,0.3,0.001,71.09,69.25,1.84,0,2025-08-13 10:25:07,.,2e-06,0.3,0.001,False
lr2e-6_dr0.4_wd5e-4,81,2e-06,0.4,0.0005,66.26,67.92,-1.66,0,2025-08-13 10:25:10,.,2e-06,0.4,0.0005,False
lr2e-6_dr0.4_wd2e-3,55,2e-06,0.4,0.002,62.93,65.38,-2.44,0,2025-08-13 10:25:42,.,2e-06,0.4,0.002,False
lr2e-6_dr0.4_wd1e-3,85,2e-06,0.4,0.001,65.33,67.72,-2.39,0,2025-08-13 10:26:14,.,2e-06,0.4,0.001,False
lr2e-6_dr0.4_wd1e-3_focal_focal_focal,120,2e-06,0.4,0.001,62.37,67.17,-4.8,1,2025-08-13 10:26:17,.,2e-06,0.4,0.001,True
lr2e-6_dr0.4_wd2e-3_focal_focal_focal,70,2e-06,0.4,0.002,58.89,63.42,-4.52,1,2025-08-13 10:26:40,.,2e-06,0.4,0.002,True
lr2e-6_dr0.3_wd5e-4,138,2e-06,0.3,0.0005,73.09,69.41,3.68,0,2025-08-13 10:27:34,.,2e-06,0.3,0.0005,False
lr2e-6_dr0.4_wd2e-3,56,2e-06,0.4,0.002,62.59,65.58,-2.99,0,2025-08-13 10:27:43,.,2e-06,0.4,0.002,False
lr2e-6_dr0.4_wd1e-3,86,2e-06,0.4,0.001,65.47,67.11,-1.64,0,2025-08-13 10:28:14,.,2e-06,0.4,0.001,False
lr2e-6_dr0.4_wd1e-3_focal_focal_focal,121,2e-06,0.4,0.001,63.08,67.41,-4.33,1,2025-08-13 10:28:16,.,2e-06,0.4,0.001,True
lr2e-6_dr0.4_wd5e-4_focal_focal_focal,102,2e-06,0.4,0.0005,63.63,69.03,-5.4,1,2025-08-13 10:28:36,.,2e-06,0.4,0.0005,True
lr2e-6_dr0.4_wd2e-3_focal_focal_focal,71,2e-06,0.4,0.002,59.19,64.45,-5.26,1,2025-08-13 10:28:40,.,2e-06,0.4,0.002,True
lr2e-6_dr0.3_wd1e-3,110,2e-06,0.3,0.001,70.92,68.74,2.18,0,2025-08-13 10:28:49,.,2e-06,0.3,0.001,False
lr2e-6_dr0.4_wd5e-4,82,2e-06,0.4,0.0005,66.15,67.45,-1.3,0,2025-08-13 10:28:49,.,2e-06,0.4,0.0005,False
lr2e-6_dr0.4_wd2e-3,57,2e-06,0.4,0.002,63.0,65.9,-2.9,0,2025-08-13 10:29:45,.,2e-06,0.4,0.002,False
lr2e-6_dr0.4_wd1e-3,87,2e-06,0.4,0.001,65.32,66.87,-1.55,0,2025-08-13 10:30:15,.,2e-06,0.4,0.001,False
lr2e-6_dr0.4_wd1e-3_focal_focal_focal,122,2e-06,0.4,0.001,62.76,67.49,-4.73,1,2025-08-13 10:30:16,.,2e-06,0.4,0.001,True
lr2e-6_dr0.4_wd2e-3_focal_focal_focal,72,2e-06,0.4,0.002,58.84,64.06,-5.23,1,2025-08-13 10:30:42,.,2e-06,0.4,0.002,True
lr2e-6_dr0.3_wd5e-4,139,2e-06,0.3,0.0005,73.06,69.07,4.0,0,2025-08-13 10:31:15,.,2e-06,0.3,0.0005,False
lr2e-6_dr0.4_wd2e-3,58,2e-06,0.4,0.002,62.55,65.23,-2.69,0,2025-08-13 10:31:46,.,2e-06,0.4,0.002,False
lr2e-6_dr0.4_wd1e-3,88,2e-06,0.4,0.001,65.67,67.29,-1.62,0,2025-08-13 10:32:15,.,2e-06,0.4,0.001,False
lr2e-6_dr0.4_wd5e-4_focal_focal_focal,103,2e-06,0.4,0.0005,63.62,67.53,-3.91,1,2025-08-13 10:32:15,.,2e-06,0.4,0.0005,True
lr2e-6_dr0.4_wd1e-3_focal_focal_focal,123,2e-06,0.4,0.001,62.86,67.05,-4.19,1,2025-08-13 10:32:19,.,2e-06,0.4,0.001,True
lr2e-6_dr0.4_wd5e-4,83,2e-06,0.4,0.0005,66.31,68.08,-1.77,0,2025-08-13 10:32:29,.,2e-06,0.4,0.0005,False
lr2e-6_dr0.3_wd1e-3,111,2e-06,0.3,0.001,71.34,68.58,2.75,0,2025-08-13 10:32:29,.,2e-06,0.3,0.001,False
lr2e-6_dr0.4_wd2e-3_focal_focal_focal,73,2e-06,0.4,0.002,59.34,65.09,-5.76,1,2025-08-13 10:32:42,.,2e-06,0.4,0.002,True
lr2e-6_dr0.4_wd2e-3,59,2e-06,0.4,0.002,62.82,65.58,-2.75,0,2025-08-13 10:33:47,.,2e-06,0.4,0.002,False
lr2e-6_dr0.4_wd1e-3,89,2e-06,0.4,0.001,65.96,66.75,-0.79,0,2025-08-13 10:34:18,.,2e-06,0.4,0.001,False
lr2e-6_dr0.4_wd1e-3_focal_focal_focal,124,2e-06,0.4,0.001,62.44,67.25,-4.81,1,2025-08-13 10:34:19,.,2e-06,0.4,0.001,True
lr2e-6_dr0.4_wd2e-3_focal_focal_focal,74,2e-06,0.4,0.002,59.57,64.57,-5.0,1,2025-08-13 10:34:43,.,2e-06,0.4,0.002,True
lr2e-6_dr0.3_wd5e-4,140,2e-06,0.3,0.0005,73.05,69.31,3.74,0,2025-08-13 10:34:56,.,2e-06,0.3,0.0005,False
lr2e-6_dr0.4_wd2e-3,60,2e-06,0.4,0.002,62.78,64.91,-2.13,0,2025-08-13 10:35:47,.,2e-06,0.4,0.002,False
lr2e-6_dr0.4_wd5e-4_focal_focal_focal,104,2e-06,0.4,0.0005,63.7,68.14,-4.44,1,2025-08-13 10:35:54,.,2e-06,0.4,0.0005,True
lr2e-6_dr0.4_wd5e-4,84,2e-06,0.4,0.0005,66.3,67.9,-1.59,0,2025-08-13 10:36:08,.,2e-06,0.4,0.0005,False
lr2e-6_dr0.3_wd1e-3,112,2e-06,0.3,0.001,71.18,68.66,2.52,0,2025-08-13 10:36:10,.,2e-06,0.3,0.001,False
lr2e-6_dr0.4_wd1e-3,90,2e-06,0.4,0.001,66.02,66.75,-0.73,0,2025-08-13 10:36:18,.,2e-06,0.4,0.001,False
lr2e-6_dr0.4_wd1e-3_focal_focal_focal,125,2e-06,0.4,0.001,62.5,67.31,-4.81,1,2025-08-13 10:36:20,.,2e-06,0.4,0.001,True
lr2e-6_dr0.4_wd2e-3_focal_focal_focal,75,2e-06,0.4,0.002,59.43,64.69,-5.26,1,2025-08-13 10:36:43,.,2e-06,0.4,0.002,True
lr2e-6_dr0.4_wd2e-3,61,2e-06,0.4,0.002,62.91,64.41,-1.49,0,2025-08-13 10:37:48,.,2e-06,0.4,0.002,False
lr2e-6_dr0.4_wd1e-3,91,2e-06,0.4,0.001,66.46,67.07,-0.61,0,2025-08-13 10:38:19,.,2e-06,0.4,0.001,False
lr2e-6_dr0.4_wd1e-3_focal_focal_focal,126,2e-06,0.4,0.001,62.43,67.17,-4.74,1,2025-08-13 10:38:20,.,2e-06,0.4,0.001,True
lr2e-6_dr0.3_wd5e-4,141,2e-06,0.3,0.0005,72.34,68.32,4.02,0,2025-08-13 10:38:38,.,2e-06,0.3,0.0005,False
lr2e-6_dr0.4_wd2e-3_focal_focal_focal,76,2e-06,0.4,0.002,59.83,65.25,-5.43,1,2025-08-13 10:38:43,.,2e-06,0.4,0.002,True
lr2e-6_dr0.4_wd5e-4_focal_focal_focal,105,2e-06,0.4,0.0005,63.78,69.29,-5.51,1,2025-08-13 10:39:32,.,2e-06,0.4,0.0005,True
lr2e-6_dr0.4_wd5e-4,85,2e-06,0.4,0.0005,66.76,67.13,-0.37,0,2025-08-13 10:39:47,.,2e-06,0.4,0.0005,False
lr2e-6_dr0.4_wd2e-3,62,2e-06,0.4,0.002,62.88,64.67,-1.79,0,2025-08-13 10:39:48,.,2e-06,0.4,0.002,False
lr2e-6_dr0.3_wd1e-3,113,2e-06,0.3,0.001,71.25,68.79,2.47,0,2025-08-13 10:39:50,.,2e-06,0.3,0.001,False
lr2e-6_dr0.4_wd1e-3_focal_focal_focal,127,2e-06,0.4,0.001,62.59,67.39,-4.8,1,2025-08-13 10:40:18,.,2e-06,0.4,0.001,True
lr2e-6_dr0.4_wd1e-3,92,2e-06,0.4,0.001,66.27,67.92,-1.64,0,2025-08-13 10:40:22,.,2e-06,0.4,0.001,False
lr2e-6_dr0.4_wd2e-3_focal_focal_focal,77,2e-06,0.4,0.002,59.71,64.67,-4.96,1,2025-08-13 10:40:46,.,2e-06,0.4,0.002,True
lr2e-6_dr0.4_wd2e-3,63,2e-06,0.4,0.002,62.52,65.5,-2.98,0,2025-08-13 10:41:48,.,2e-06,0.4,0.002,False
lr2e-6_dr0.4_wd1e-3_focal_focal_focal,128,2e-06,0.4,0.001,62.39,67.21,-4.82,1,2025-08-13 10:42:18,.,2e-06,0.4,0.001,True
lr2e-6_dr0.3_wd5e-4,142,2e-06,0.3,0.0005,73.01,69.49,3.52,0,2025-08-13 10:42:19,.,2e-06,0.3,0.0005,False
lr2e-6_dr0.4_wd1e-3,93,2e-06,0.4,0.001,66.4,67.49,-1.09,0,2025-08-13 10:42:24,.,2e-06,0.4,0.001,False
lr2e-6_dr0.4_wd2e-3_focal_focal_focal,78,2e-06,0.4,0.002,60.06,65.25,-5.2,1,2025-08-13 10:42:46,.,2e-06,0.4,0.002,True
lr2e-6_dr0.4_wd5e-4_focal_focal_focal,106,2e-06,0.4,0.0005,64.02,68.38,-4.36,1,2025-08-13 10:43:12,.,2e-06,0.4,0.0005,True
lr2e-6_dr0.4_wd5e-4,86,2e-06,0.4,0.0005,66.35,68.81,-2.45,0,2025-08-13 10:43:25,.,2e-06,0.4,0.0005,False
lr2e-6_dr0.3_wd1e-3,114,2e-06,0.3,0.001,71.17,68.68,2.49,0,2025-08-13 10:43:30,.,2e-06,0.3,0.001,False
lr2e-6_dr0.4_wd2e-3,64,2e-06,0.4,0.002,63.06,65.11,-2.05,0,2025-08-13 10:43:48,.,2e-06,0.4,0.002,False
lr2e-6_dr0.4_wd1e-3_focal_focal_focal,129,2e-06,0.4,0.001,62.73,67.27,-4.54,1,2025-08-13 10:44:17,.,2e-06,0.4,0.001,True
lr2e-6_dr0.4_wd1e-3,94,2e-06,0.4,0.001,66.42,67.45,-1.03,0,2025-08-13 10:44:25,.,2e-06,0.4,0.001,False
lr2e-6_dr0.4_wd2e-3_focal_focal_focal,79,2e-06,0.4,0.002,59.65,65.09,-5.44,1,2025-08-13 10:44:47,.,2e-06,0.4,0.002,True
lr2e-6_dr0.4_wd2e-3,65,2e-06,0.4,0.002,62.74,66.83,-4.09,0,2025-08-13 10:45:48,.,2e-06,0.4,0.002,False
lr2e-6_dr0.3_wd5e-4,143,2e-06,0.3,0.0005,72.88,68.91,3.97,0,2025-08-13 10:46:01,.,2e-06,0.3,0.0005,False
lr2e-6_dr0.4_wd1e-3_focal_focal_focal,130,2e-06,0.4,0.001,62.65,67.43,-4.78,1,2025-08-13 10:46:16,.,2e-06,0.4,0.001,True
lr2e-6_dr0.4_wd1e-3,95,2e-06,0.4,0.001,66.17,68.04,-1.87,0,2025-08-13 10:46:25,.,2e-06,0.4,0.001,False
lr2e-6_dr0.4_wd2e-3_focal_focal_focal,80,2e-06,0.4,0.002,60.02,65.46,-5.44,1,2025-08-13 10:46:48,.,2e-06,0.4,0.002,True
lr2e-6_dr0.4_wd5e-4_focal_focal_focal,107,2e-06,0.4,0.0005,63.87,68.85,-4.97,1,2025-08-13 10:46:50,.,2e-06,0.4,0.0005,True
lr2e-6_dr0.4_wd5e-4,87,2e-06,0.4,0.0005,66.9,68.48,-1.58,0,2025-08-13 10:47:06,.,2e-06,0.4,0.0005,False
lr2e-6_dr0.3_wd1e-3,115,2e-06,0.3,0.001,71.85,68.54,3.31,0,2025-08-13 10:47:10,.,2e-06,0.3,0.001,False
lr2e-6_dr0.4_wd2e-3,66,2e-06,0.4,0.002,63.26,66.24,-2.98,0,2025-08-13 10:47:50,.,2e-06,0.4,0.002,False
lr2e-6_dr0.4_wd1e-3_focal_focal_focal,131,2e-06,0.4,0.001,62.97,67.43,-4.46,1,2025-08-13 10:48:16,.,2e-06,0.4,0.001,True
lr2e-6_dr0.4_wd1e-3,96,2e-06,0.4,0.001,66.66,67.66,-0.99,0,2025-08-13 10:48:27,.,2e-06,0.4,0.001,False
lr2e-6_dr0.4_wd2e-3_focal_focal_focal,81,2e-06,0.4,0.002,60.14,65.94,-5.8,1,2025-08-13 10:48:50,.,2e-06,0.4,0.002,True
lr2e-6_dr0.3_wd5e-4,144,2e-06,0.3,0.0005,73.28,69.01,4.27,0,2025-08-13 10:49:42,.,2e-06,0.3,0.0005,False
lr2e-6_dr0.4_wd2e-3,67,2e-06,0.4,0.002,63.32,66.08,-2.76,0,2025-08-13 10:49:52,.,2e-06,0.4,0.002,False
lr2e-6_dr0.4_wd1e-3_focal_focal_focal,132,2e-06,0.4,0.001,62.67,67.27,-4.6,1,2025-08-13 10:50:15,.,2e-06,0.4,0.001,True
lr2e-6_dr0.4_wd1e-3,97,2e-06,0.4,0.001,66.56,67.7,-1.13,0,2025-08-13 10:50:27,.,2e-06,0.4,0.001,False
lr2e-6_dr0.4_wd5e-4_focal_focal_focal,108,2e-06,0.4,0.0005,64.3,67.21,-2.91,1,2025-08-13 10:50:29,.,2e-06,0.4,0.0005,True
lr2e-6_dr0.4_wd5e-4,88,2e-06,0.4,0.0005,66.98,68.48,-1.5,0,2025-08-13 10:50:45,.,2e-06,0.4,0.0005,False
lr2e-6_dr0.3_wd1e-3,116,2e-06,0.3,0.001,71.99,68.22,3.77,0,2025-08-13 10:50:51,.,2e-06,0.3,0.001,False
lr2e-6_dr0.4_wd2e-3_focal_focal_focal,82,2e-06,0.4,0.002,60.25,65.82,-5.57,1,2025-08-13 10:50:52,.,2e-06,0.4,0.002,True
lr2e-6_dr0.4_wd2e-3,68,2e-06,0.4,0.002,62.99,65.96,-2.97,0,2025-08-13 10:51:53,.,2e-06,0.4,0.002,False
lr2e-6_dr0.4_wd1e-3_focal_focal_focal,133,2e-06,0.4,0.001,63.07,67.76,-4.69,1,2025-08-13 10:52:14,.,2e-06,0.4,0.001,True
lr2e-6_dr0.4_wd1e-3,98,2e-06,0.4,0.001,66.71,66.97,-0.26,0,2025-08-13 10:52:28,.,2e-06,0.4,0.001,False
lr2e-6_dr0.4_wd2e-3_focal_focal_focal,83,2e-06,0.4,0.002,60.29,66.0,-5.72,1,2025-08-13 10:52:55,.,2e-06,0.4,0.002,True
lr2e-6_dr0.3_wd5e-4,145,2e-06,0.3,0.0005,73.53,68.95,4.58,0,2025-08-13 10:53:24,.,2e-06,0.3,0.0005,False
lr2e-6_dr0.4_wd2e-3,69,2e-06,0.4,0.002,63.6,65.92,-2.32,0,2025-08-13 10:54:05,.,2e-06,0.4,0.002,False
lr2e-6_dr0.4_wd5e-4_focal_focal_focal,109,2e-06,0.4,0.0005,64.6,67.29,-2.69,1,2025-08-13 10:54:20,.,2e-06,0.4,0.0005,True
lr2e-6_dr0.4_wd1e-3_focal_focal_focal,134,2e-06,0.4,0.001,62.78,67.64,-4.86,1,2025-08-13 10:54:35,.,2e-06,0.4,0.001,True
lr2e-6_dr0.4_wd5e-4,89,2e-06,0.4,0.0005,67.39,68.0,-0.61,0,2025-08-13 10:54:37,.,2e-06,0.4,0.0005,False
lr2e-6_dr0.3_wd1e-3,117,2e-06,0.3,0.001,72.18,68.89,3.29,0,2025-08-13 10:54:43,.,2e-06,0.3,0.001,False
lr2e-6_dr0.4_wd1e-3,99,2e-06,0.4,0.001,66.95,67.43,-0.48,0,2025-08-13 10:54:49,.,2e-06,0.4,0.001,False
lr2e-6_dr0.4_wd2e-3_focal_focal_focal,84,2e-06,0.4,0.002,60.44,65.96,-5.52,1,2025-08-13 10:55:22,.,2e-06,0.4,0.002,True
lr2e-6_dr0.4_wd2e-3,70,2e-06,0.4,0.002,64.06,65.7,-1.64,0,2025-08-13 10:56:23,.,2e-06,0.4,0.002,False
lr2e-6_dr0.4_wd1e-3_focal_focal_focal,135,2e-06,0.4,0.001,62.86,67.76,-4.9,1,2025-08-13 10:56:45,.,2e-06,0.4,0.001,True
lr2e-6_dr0.4_wd1e-3,100,2e-06,0.4,0.001,67.03,67.49,-0.46,0,2025-08-13 10:56:59,.,2e-06,0.4,0.001,False
lr2e-6_dr0.3_wd5e-4,146,2e-06,0.3,0.0005,74.02,68.79,5.23,0,2025-08-13 10:57:18,.,2e-06,0.3,0.0005,False
lr2e-6_dr0.4_wd2e-3_focal_focal_focal,85,2e-06,0.4,0.002,60.77,66.42,-5.65,1,2025-08-13 10:57:29,.,2e-06,0.4,0.002,True
lr2e-6_dr0.4_wd5e-4_focal_focal_focal,110,2e-06,0.4,0.0005,64.11,68.28,-4.17,1,2025-08-13 10:58:06,.,2e-06,0.4,0.0005,True
lr2e-6_dr0.4_wd5e-4,90,2e-06,0.4,0.0005,67.38,68.74,-1.36,0,2025-08-13 10:58:23,.,2e-06,0.4,0.0005,False
lr2e-6_dr0.3_wd1e-3,118,2e-06,0.3,0.001,71.81,69.11,2.7,0,2025-08-13 10:58:31,.,2e-06,0.3,0.001,False
lr2e-6_dr0.4_wd2e-3,71,2e-06,0.4,0.002,63.69,66.0,-2.31,0,2025-08-13 10:58:32,.,2e-06,0.4,0.002,False
lr2e-6_dr0.4_wd1e-3_focal_focal_focal,136,2e-06,0.4,0.001,63.35,67.8,-4.45,1,2025-08-13 10:58:52,.,2e-06,0.4,0.001,True
lr2e-6_dr0.4_wd1e-3,101,2e-06,0.4,0.001,67.06,68.2,-1.14,0,2025-08-13 10:59:04,.,2e-06,0.4,0.001,False
lr2e-6_dr0.4_wd2e-3_focal_focal_focal,86,2e-06,0.4,0.002,60.47,66.79,-6.32,1,2025-08-13 10:59:38,.,2e-06,0.4,0.002,True
lr2e-6_dr0.4_wd2e-3,72,2e-06,0.4,0.002,63.92,65.68,-1.76,0,2025-08-13 11:00:42,.,2e-06,0.4,0.002,False
lr2e-6_dr0.4_wd1e-3_focal_focal_focal,137,2e-06,0.4,0.001,63.01,67.47,-4.46,1,2025-08-13 11:01:03,.,2e-06,0.4,0.001,True
lr2e-6_dr0.3_wd5e-4,147,2e-06,0.3,0.0005,74.04,69.11,4.93,0,2025-08-13 11:01:07,.,2e-06,0.3,0.0005,False
lr2e-6_dr0.4_wd1e-3,102,2e-06,0.4,0.001,67.36,67.92,-0.55,0,2025-08-13 11:01:22,.,2e-06,0.4,0.001,False
lr2e-6_dr0.4_wd5e-4_focal_focal_focal,111,2e-06,0.4,0.0005,64.64,68.72,-4.08,1,2025-08-13 11:02:01,.,2e-06,0.4,0.0005,True
lr2e-6_dr0.4_wd2e-3_focal_focal_focal,87,2e-06,0.4,0.002,60.43,66.89,-6.46,1,2025-08-13 11:02:05,.,2e-06,0.4,0.002,True
lr2e-6_dr0.4_wd5e-4,91,2e-06,0.4,0.0005,67.59,68.62,-1.03,0,2025-08-13 11:02:20,.,2e-06,0.4,0.0005,False
lr2e-6_dr0.3_wd1e-3,119,2e-06,0.3,0.001,72.31,68.79,3.53,0,2025-08-13 11:02:29,.,2e-06,0.3,0.001,False
lr2e-6_dr0.4_wd2e-3,73,2e-06,0.4,0.002,64.42,66.12,-1.7,0,2025-08-13 11:03:20,.,2e-06,0.4,0.002,False
lr2e-6_dr0.4_wd1e-3_focal_focal_focal,138,2e-06,0.4,0.001,63.29,67.55,-4.27,1,2025-08-13 11:03:42,.,2e-06,0.4,0.001,True
lr2e-6_dr0.4_wd1e-3,103,2e-06,0.4,0.001,67.43,67.66,-0.22,0,2025-08-13 11:03:57,.,2e-06,0.4,0.001,False
lr2e-6_dr0.4_wd2e-3_focal_focal_focal,88,2e-06,0.4,0.002,60.45,66.69,-6.23,1,2025-08-13 11:04:36,.,2e-06,0.4,0.002,True
lr2e-6_dr0.3_wd5e-4,148,2e-06,0.3,0.0005,74.41,68.6,5.81,0,2025-08-13 11:05:07,.,2e-06,0.3,0.0005,False
lr2e-6_dr0.4_wd2e-3,74,2e-06,0.4,0.002,64.46,66.08,-1.62,0,2025-08-13 11:05:44,.,2e-06,0.4,0.002,False
lr2e-6_dr0.4_wd5e-4_focal_focal_focal,112,2e-06,0.4,0.0005,64.22,68.58,-4.37,1,2025-08-13 11:05:55,.,2e-06,0.4,0.0005,True
lr2e-6_dr0.4_wd1e-3_focal_focal_focal,139,2e-06,0.4,0.001,63.06,67.53,-4.47,1,2025-08-13 11:06:00,.,2e-06,0.4,0.001,True
lr2e-6_dr0.4_wd5e-4,92,2e-06,0.4,0.0005,67.67,68.14,-0.47,0,2025-08-13 11:06:13,.,2e-06,0.4,0.0005,False
lr2e-6_dr0.4_wd1e-3,104,2e-06,0.4,0.001,67.79,68.08,-0.29,0,2025-08-13 11:06:15,.,2e-06,0.4,0.001,False
lr2e-6_dr0.3_wd1e-3,120,2e-06,0.3,0.001,72.26,68.79,3.47,0,2025-08-13 11:06:23,.,2e-06,0.3,0.001,False
lr2e-6_dr0.4_wd2e-3_focal_focal_focal,89,2e-06,0.4,0.002,61.06,66.77,-5.71,1,2025-08-13 11:06:50,.,2e-06,0.4,0.002,True
lr2e-6_dr0.4_wd2e-3,75,2e-06,0.4,0.002,64.18,65.78,-1.6,0,2025-08-13 11:07:56,.,2e-06,0.4,0.002,False
lr2e-6_dr0.4_wd1e-3_focal_focal_focal,140,2e-06,0.4,0.001,62.85,67.51,-4.66,1,2025-08-13 11:08:07,.,2e-06,0.4,0.001,True
lr2e-6_dr0.4_wd1e-3,105,2e-06,0.4,0.001,67.4,68.14,-0.74,0,2025-08-13 11:08:23,.,2e-06,0.4,0.001,False
lr2e-6_dr0.3_wd5e-4,149,2e-06,0.3,0.0005,75.01,69.09,5.92,0,2025-08-13 11:08:55,.,2e-06,0.3,0.0005,False
lr2e-6_dr0.4_wd2e-3_focal_focal_focal,90,2e-06,0.4,0.002,61.19,66.87,-5.68,1,2025-08-13 11:09:00,.,2e-06,0.4,0.002,True
lr2e-6_dr0.4_wd5e-4_focal_focal_focal,113,2e-06,0.4,0.0005,64.22,68.48,-4.26,1,2025-08-13 11:09:38,.,2e-06,0.4,0.0005,True
lr2e-6_dr0.4_wd5e-4,93,2e-06,0.4,0.0005,67.71,68.36,-0.65,0,2025-08-13 11:09:56,.,2e-06,0.4,0.0005,False
lr2e-6_dr0.4_wd2e-3,76,2e-06,0.4,0.002,64.49,66.71,-2.21,0,2025-08-13 11:10:01,.,2e-06,0.4,0.002,False
lr2e-6_dr0.3_wd1e-3,121,2e-06,0.3,0.001,72.46,68.58,3.88,0,2025-08-13 11:10:09,.,2e-06,0.3,0.001,False
lr2e-6_dr0.4_wd1e-3_focal_focal_focal,141,2e-06,0.4,0.001,62.73,67.7,-4.97,1,2025-08-13 11:10:12,.,2e-06,0.4,0.001,True
lr2e-6_dr0.4_wd1e-3,106,2e-06,0.4,0.001,67.24,67.7,-0.45,0,2025-08-13 11:10:27,.,2e-06,0.4,0.001,False
lr2e-6_dr0.4_wd2e-3_focal_focal_focal,91,2e-06,0.4,0.002,61.1,66.81,-5.71,1,2025-08-13 11:11:05,.,2e-06,0.4,0.002,True
lr2e-6_dr0.4_wd2e-3,77,2e-06,0.4,0.002,64.46,66.99,-2.53,0,2025-08-13 11:12:08,.,2e-06,0.4,0.002,False
lr2e-6_dr0.4_wd1e-3_focal_focal_focal,142,2e-06,0.4,0.001,62.66,67.17,-4.51,1,2025-08-13 11:12:16,.,2e-06,0.4,0.001,True
lr2e-6_dr0.4_wd1e-3,107,2e-06,0.4,0.001,67.27,66.97,0.3,0,2025-08-13 11:12:31,.,2e-06,0.4,0.001,False
lr2e-6_dr0.3_wd5e-4,150,2e-06,0.3,0.0005,75.66,69.33,6.33,0,2025-08-13 11:12:40,.,2e-06,0.3,0.0005,False
lr2e-6_dr0.4_wd2e-3_focal_focal_focal,92,2e-06,0.4,0.002,61.31,66.16,-4.85,1,2025-08-13 11:13:08,.,2e-06,0.4,0.002,True
lr2e-6_dr0.4_wd5e-4_focal_focal_focal,114,2e-06,0.4,0.0005,64.07,68.5,-4.43,1,2025-08-13 11:13:19,.,2e-06,0.4,0.0005,True
lr2e-6_dr0.4_wd5e-4,94,2e-06,0.4,0.0005,68.26,67.88,0.38,0,2025-08-13 11:13:38,.,2e-06,0.4,0.0005,False
lr2e-6_dr0.3_wd1e-3,122,2e-06,0.3,0.001,72.3,68.99,3.31,0,2025-08-13 11:13:52,.,2e-06,0.3,0.001,False
lr2e-6_dr0.4_wd2e-3,78,2e-06,0.4,0.002,64.64,65.88,-1.24,0,2025-08-13 11:14:15,.,2e-06,0.4,0.002,False
lr2e-6_dr0.4_wd1e-3_focal_focal_focal,143,2e-06,0.4,0.001,63.38,67.33,-3.95,1,2025-08-13 11:14:20,.,2e-06,0.4,0.001,True
lr2e-6_dr0.4_wd1e-3,108,2e-06,0.4,0.001,67.55,67.78,-0.22,0,2025-08-13 11:14:34,.,2e-06,0.4,0.001,False
lr2e-6_dr0.4_wd2e-3_focal_focal_focal,93,2e-06,0.4,0.002,61.23,66.16,-4.93,1,2025-08-13 11:15:12,.,2e-06,0.4,0.002,True
lr2e-6_dr0.4_wd2e-3,79,2e-06,0.4,0.002,65.15,67.49,-2.34,0,2025-08-13 11:16:21,.,2e-06,0.4,0.002,False
lr2e-6_dr0.4_wd1e-3_focal_focal_focal,144,2e-06,0.4,0.001,63.09,67.43,-4.35,1,2025-08-13 11:16:23,.,2e-06,0.4,0.001,True
lr2e-6_dr0.4_wd1e-3,109,2e-06,0.4,0.001,67.84,67.64,0.21,0,2025-08-13 11:16:38,.,2e-06,0.4,0.001,False
lr2e-6_dr0.4_wd5e-4_focal_focal_focal,115,2e-06,0.4,0.0005,65.25,68.24,-2.99,1,2025-08-13 11:16:59,.,2e-06,0.4,0.0005,True
lr2e-6_dr0.4_wd2e-3_focal_focal_focal,94,2e-06,0.4,0.002,61.27,66.81,-5.54,1,2025-08-13 11:17:16,.,2e-06,0.4,0.002,True
lr2e-6_dr0.4_wd5e-4,95,2e-06,0.4,0.0005,68.19,68.83,-0.64,0,2025-08-13 11:17:20,.,2e-06,0.4,0.0005,False
lr2e-6_dr0.3_wd1e-3,123,2e-06,0.3,0.001,72.94,68.22,4.72,0,2025-08-13 11:17:36,.,2e-06,0.3,0.001,False
lr2e-6_dr0.4_wd1e-3_focal_focal_focal,145,2e-06,0.4,0.001,63.14,67.64,-4.49,1,2025-08-13 11:18:26,.,2e-06,0.4,0.001,True
lr2e-6_dr0.4_wd2e-3,80,2e-06,0.4,0.002,64.96,67.29,-2.33,0,2025-08-13 11:18:28,.,2e-06,0.4,0.002,False
lr2e-6_dr0.4_wd1e-3,110,2e-06,0.4,0.001,68.67,67.31,1.36,0,2025-08-13 11:18:42,.,2e-06,0.4,0.001,False
lr2e-6_dr0.4_wd2e-3_focal_focal_focal,95,2e-06,0.4,0.002,61.15,67.11,-5.96,1,2025-08-13 11:19:20,.,2e-06,0.4,0.002,True
lr2e-6_dr0.4_wd1e-3_focal_focal_focal,146,2e-06,0.4,0.001,63.22,67.55,-4.34,1,2025-08-13 11:20:29,.,2e-06,0.4,0.001,True
lr2e-6_dr0.4_wd2e-3,81,2e-06,0.4,0.002,64.99,66.91,-1.92,0,2025-08-13 11:20:36,.,2e-06,0.4,0.002,False
lr2e-6_dr0.4_wd5e-4_focal_focal_focal,116,2e-06,0.4,0.0005,64.52,68.79,-4.27,1,2025-08-13 11:20:41,.,2e-06,0.4,0.0005,True
lr2e-6_dr0.4_wd1e-3,111,2e-06,0.4,0.001,67.97,67.86,0.12,0,2025-08-13 11:20:46,.,2e-06,0.4,0.001,False
lr2e-6_dr0.4_wd5e-4,96,2e-06,0.4,0.0005,68.21,68.81,-0.6,0,2025-08-13 11:21:04,.,2e-06,0.4,0.0005,False
lr2e-6_dr0.3_wd1e-3,124,2e-06,0.3,0.001,72.77,68.64,4.12,0,2025-08-13 11:21:21,.,2e-06,0.3,0.001,False
lr2e-6_dr0.4_wd2e-3_focal_focal_focal,96,2e-06,0.4,0.002,62.0,67.21,-5.21,1,2025-08-13 11:21:26,.,2e-06,0.4,0.002,True
lr2e-6_dr0.4_wd1e-3_focal_focal_focal,147,2e-06,0.4,0.001,63.61,67.62,-4.0,1,2025-08-13 11:22:29,.,2e-06,0.4,0.001,True
lr2e-6_dr0.4_wd2e-3,82,2e-06,0.4,0.002,65.14,67.05,-1.91,0,2025-08-13 11:22:37,.,2e-06,0.4,0.002,False
lr2e-6_dr0.5_wd5e-4_focal_focal_focal,1,2e-06,0.5,0.0005,51.57,55.75,-4.18,1,2025-08-13 11:22:37,.,2e-06,0.5,0.0005,True
lr2e-6_dr0.4_wd1e-3,112,2e-06,0.4,0.001,68.38,67.8,0.58,0,2025-08-13 11:22:46,.,2e-06,0.4,0.001,False
lr2e-6_dr0.4_wd2e-3_focal_focal_focal,97,2e-06,0.4,0.002,61.61,67.41,-5.81,1,2025-08-13 11:23:28,.,2e-06,0.4,0.002,True
lr2e-6_dr0.4_wd5e-4_focal_focal_focal,117,2e-06,0.4,0.0005,64.82,68.87,-4.05,1,2025-08-13 11:24:22,.,2e-06,0.4,0.0005,True
lr2e-6_dr0.4_wd1e-3_focal_focal_focal,148,2e-06,0.4,0.001,63.7,66.99,-3.29,1,2025-08-13 11:24:30,.,2e-06,0.4,0.001,True
lr2e-6_dr0.4_wd2e-3,83,2e-06,0.4,0.002,64.83,67.96,-3.13,0,2025-08-13 11:24:39,.,2e-06,0.4,0.002,False
lr2e-6_dr0.4_wd5e-4,97,2e-06,0.4,0.0005,68.48,69.05,-0.57,0,2025-08-13 11:24:42,.,2e-06,0.4,0.0005,False
lr2e-6_dr0.4_wd1e-3,113,2e-06,0.4,0.001,68.12,67.53,0.59,0,2025-08-13 11:24:44,.,2e-06,0.4,0.001,False
lr2e-6_dr0.4_wd2e-3_focal_focal_focal,98,2e-06,0.4,0.002,61.47,66.89,-5.42,1,2025-08-13 11:25:30,.,2e-06,0.4,0.002,True
lr2e-6_dr0.5_wd5e-4_focal_focal_focal,2,2e-06,0.5,0.0005,52.48,56.6,-4.12,1,2025-08-13 11:26:18,.,2e-06,0.5,0.0005,True
lr2e-6_dr0.4_wd1e-3_focal_focal_focal,149,2e-06,0.4,0.001,63.76,67.43,-3.67,1,2025-08-13 11:26:31,.,2e-06,0.4,0.001,True
lr2e-6_dr0.4_wd2e-3,84,2e-06,0.4,0.002,65.18,66.85,-1.67,0,2025-08-13 11:26:41,.,2e-06,0.4,0.002,False
lr2e-6_dr0.4_wd1e-3,114,2e-06,0.4,0.001,68.62,67.84,0.79,0,2025-08-13 11:26:44,.,2e-06,0.4,0.001,False
lr2e-6_dr0.4_wd2e-3_focal_focal_focal,99,2e-06,0.4,0.002,61.59,67.03,-5.44,1,2025-08-13 11:27:32,.,2e-06,0.4,0.002,True
lr2e-6_dr0.4_wd5e-4_focal_focal_focal,118,2e-06,0.4,0.0005,65.05,68.66,-3.62,1,2025-08-13 11:28:03,.,2e-06,0.4,0.0005,True
lr2e-6_dr0.5_wd5e-4,1,2e-06,0.5,0.0005,51.94,55.39,-3.45,0,2025-08-13 11:28:24,.,2e-06,0.5,0.0005,False
lr2e-6_dr0.4_wd5e-4,98,2e-06,0.4,0.0005,68.95,67.96,0.99,0,2025-08-13 11:28:24,.,2e-06,0.4,0.0005,False
lr2e-6_dr0.4_wd1e-3_focal_focal_focal,150,2e-06,0.4,0.001,64.44,67.29,-2.85,1,2025-08-13 11:28:31,.,2e-06,0.4,0.001,True
lr2e-6_dr0.4_wd2e-3,85,2e-06,0.4,0.002,65.28,66.87,-1.59,0,2025-08-13 11:28:42,.,2e-06,0.4,0.002,False
lr2e-6_dr0.4_wd1e-3,115,2e-06,0.4,0.001,68.58,67.88,0.7,0,2025-08-13 11:28:42,.,2e-06,0.4,0.001,False
lr2e-6_dr0.4_wd2e-3_focal_focal_focal,100,2e-06,0.4,0.002,62.19,67.33,-5.15,1,2025-08-13 11:29:30,.,2e-06,0.4,0.002,True
lr2e-6_dr0.5_wd5e-4_focal_focal_focal,3,2e-06,0.5,0.0005,53.4,56.9,-3.5,1,2025-08-13 11:30:00,.,2e-06,0.5,0.0005,True
lr2e-6_dr0.4_wd1e-3,116,2e-06,0.4,0.001,68.39,67.62,0.78,0,2025-08-13 11:30:34,.,2e-06,0.4,0.001,False
lr2e-6_dr0.4_wd2e-3,86,2e-06,0.4,0.002,65.52,67.21,-1.69,0,2025-08-13 11:30:35,.,2e-06,0.4,0.002,False
lr2e-6_dr0.4_wd2e-3_focal_focal_focal,101,2e-06,0.4,0.002,62.04,67.39,-5.36,1,2025-08-13 11:31:24,.,2e-06,0.4,0.002,True
lr2e-6_dr0.4_wd5e-4_focal_focal_focal,119,2e-06,0.4,0.0005,64.47,68.54,-4.08,1,2025-08-13 11:31:44,.,2e-06,0.4,0.0005,True
lr2e-6_dr0.4_wd5e-4,99,2e-06,0.4,0.0005,68.68,68.28,0.4,0,2025-08-13 11:32:04,.,2e-06,0.4,0.0005,False
lr2e-6_dr0.5_wd5e-4,2,2e-06,0.5,0.0005,53.4,57.45,-4.05,0,2025-08-13 11:32:09,.,2e-06,0.5,0.0005,False
lr2e-6_dr0.5_wd1e-3_focal_focal_focal,1,2e-06,0.5,0.001,51.37,54.3,-2.93,1,2025-08-13 11:32:20,.,2e-06,0.5,0.001,True
lr2e-6_dr0.4_wd2e-3,87,2e-06,0.4,0.002,66.37,66.79,-0.41,0,2025-08-13 11:32:28,.,2e-06,0.4,0.002,False
lr2e-6_dr0.4_wd2e-3_focal_focal_focal,102,2e-06,0.4,0.002,62.03,67.7,-5.67,1,2025-08-13 11:33:23,.,2e-06,0.4,0.002,True
lr2e-6_dr0.5_wd5e-4_focal_focal_focal,4,2e-06,0.5,0.0005,53.78,56.54,-2.75,1,2025-08-13 11:33:41,.,2e-06,0.5,0.0005,True
lr2e-6_dr0.5_wd1e-3,1,2e-06,0.5,0.001,51.59,55.04,-3.45,0,2025-08-13 11:33:59,.,2e-06,0.5,0.001,False
lr2e-6_dr0.5_wd1e-3_focal_focal_focal,2,2e-06,0.5,0.001,52.46,55.49,-3.03,1,2025-08-13 11:34:20,.,2e-06,0.5,0.001,True
lr2e-6_dr0.4_wd2e-3,88,2e-06,0.4,0.002,65.57,67.27,-1.7,0,2025-08-13 11:34:28,.,2e-06,0.4,0.002,False
lr2e-6_dr0.4_wd5e-4_focal_focal_focal,120,2e-06,0.4,0.0005,64.55,68.83,-4.28,1,2025-08-13 11:35:22,.,2e-06,0.4,0.0005,True
lr2e-6_dr0.4_wd2e-3_focal_focal_focal,103,2e-06,0.4,0.002,62.31,67.88,-5.57,1,2025-08-13 11:35:25,.,2e-06,0.4,0.002,True
lr2e-6_dr0.4_wd5e-4,100,2e-06,0.4,0.0005,69.09,68.7,0.38,0,2025-08-13 11:35:42,.,2e-06,0.4,0.0005,False
lr2e-6_dr0.5_wd5e-4,3,2e-06,0.5,0.0005,55.39,58.86,-3.47,0,2025-08-13 11:35:54,.,2e-06,0.5,0.0005,False
lr2e-6_dr0.5_wd1e-3,2,2e-06,0.5,0.001,53.4,56.46,-3.05,0,2025-08-13 11:36:01,.,2e-06,0.5,0.001,False
lr2e-6_dr0.5_wd1e-3_focal_focal_focal,3,2e-06,0.5,0.001,53.52,56.26,-2.73,1,2025-08-13 11:36:20,.,2e-06,0.5,0.001,True
lr2e-6_dr0.4_wd2e-3,89,2e-06,0.4,0.002,66.08,66.67,-0.59,0,2025-08-13 11:36:28,.,2e-06,0.4,0.002,False
lr2e-6_dr0.5_wd5e-4_focal_focal_focal,5,2e-06,0.5,0.0005,54.31,57.95,-3.64,1,2025-08-13 11:37:19,.,2e-06,0.5,0.0005,True
lr2e-6_dr0.4_wd2e-3_focal_focal_focal,104,2e-06,0.4,0.002,62.17,67.33,-5.16,1,2025-08-13 11:37:27,.,2e-06,0.4,0.002,True
lr2e-6_dr0.5_wd1e-3,3,2e-06,0.5,0.001,54.98,56.82,-1.84,0,2025-08-13 11:38:02,.,2e-06,0.5,0.001,False
lr2e-6_dr0.5_wd1e-3_focal_focal_focal,4,2e-06,0.5,0.001,54.36,57.83,-3.47,1,2025-08-13 11:38:20,.,2e-06,0.5,0.001,True
lr2e-6_dr0.4_wd2e-3,90,2e-06,0.4,0.002,66.05,66.87,-0.82,0,2025-08-13 11:38:28,.,2e-06,0.4,0.002,False
lr2e-6_dr0.4_wd5e-4_focal_focal_focal,121,2e-06,0.4,0.0005,64.8,68.52,-3.73,1,2025-08-13 11:39:02,.,2e-06,0.4,0.0005,True
lr2e-6_dr0.4_wd5e-4,101,2e-06,0.4,0.0005,69.31,68.79,0.53,0,2025-08-13 11:39:20,.,2e-06,0.4,0.0005,False
lr2e-6_dr0.4_wd2e-3_focal_focal_focal,105,2e-06,0.4,0.002,62.19,67.78,-5.58,1,2025-08-13 11:39:26,.,2e-06,0.4,0.002,True
lr2e-6_dr0.5_wd5e-4,4,2e-06,0.5,0.0005,56.31,58.74,-2.43,0,2025-08-13 11:39:38,.,2e-06,0.5,0.0005,False
lr2e-6_dr0.5_wd1e-3,4,2e-06,0.5,0.001,55.85,59.02,-3.17,0,2025-08-13 11:40:04,.,2e-06,0.5,0.001,False
lr2e-6_dr0.5_wd1e-3_focal_focal_focal,5,2e-06,0.5,0.001,54.22,58.19,-3.97,1,2025-08-13 11:40:21,.,2e-06,0.5,0.001,True
lr2e-6_dr0.4_wd2e-3,91,2e-06,0.4,0.002,66.42,67.37,-0.95,0,2025-08-13 11:40:29,.,2e-06,0.4,0.002,False
lr2e-6_dr0.5_wd5e-4_focal_focal_focal,6,2e-06,0.5,0.0005,54.68,58.29,-3.61,1,2025-08-13 11:40:59,.,2e-06,0.5,0.0005,True
lr2e-6_dr0.4_wd2e-3_focal_focal_focal,106,2e-06,0.4,0.002,62.24,67.45,-5.21,1,2025-08-13 11:41:25,.,2e-06,0.4,0.002,True
lr2e-6_dr0.5_wd1e-3,5,2e-06,0.5,0.001,55.88,59.26,-3.38,0,2025-08-13 11:42:05,.,2e-06,0.5,0.001,False
lr2e-6_dr0.5_wd1e-3_focal_focal_focal,6,2e-06,0.5,0.001,54.43,58.29,-3.86,1,2025-08-13 11:42:21,.,2e-06,0.5,0.001,True
lr2e-6_dr0.4_wd2e-3,92,2e-06,0.4,0.002,66.27,67.68,-1.4,0,2025-08-13 11:42:31,.,2e-06,0.4,0.002,False
lr2e-6_dr0.4_wd5e-4_focal_focal_focal,122,2e-06,0.4,0.0005,64.8,67.57,-2.77,1,2025-08-13 11:42:40,.,2e-06,0.4,0.0005,True
lr2e-6_dr0.4_wd5e-4,102,2e-06,0.4,0.0005,69.78,67.62,2.16,0,2025-08-13 11:42:58,.,2e-06,0.4,0.0005,False
lr2e-6_dr0.5_wd5e-4,5,2e-06,0.5,0.0005,56.85,59.32,-2.47,0,2025-08-13 11:43:22,.,2e-06,0.5,0.0005,False
lr2e-6_dr0.4_wd2e-3_focal_focal_focal,107,2e-06,0.4,0.002,62.52,67.43,-4.92,1,2025-08-13 11:43:25,.,2e-06,0.4,0.002,True
lr2e-6_dr0.5_wd1e-3,6,2e-06,0.5,0.001,56.91,60.55,-3.64,0,2025-08-13 11:44:06,.,2e-06,0.5,0.001,False
lr2e-6_dr0.5_wd1e-3_focal_focal_focal,7,2e-06,0.5,0.001,54.67,57.89,-3.22,1,2025-08-13 11:44:22,.,2e-06,0.5,0.001,True
lr2e-6_dr0.4_wd2e-3,93,2e-06,0.4,0.002,66.28,66.81,-0.52,0,2025-08-13 11:44:33,.,2e-06,0.4,0.002,False
lr2e-6_dr0.5_wd5e-4_focal_focal_focal,7,2e-06,0.5,0.0005,54.77,57.57,-2.8,1,2025-08-13 11:44:39,.,2e-06,0.5,0.0005,True
lr2e-6_dr0.4_wd2e-3_focal_focal_focal,108,2e-06,0.4,0.002,62.55,67.29,-4.74,1,2025-08-13 11:45:24,.,2e-06,0.4,0.002,True
lr2e-6_dr0.5_wd1e-3,7,2e-06,0.5,0.001,57.65,60.01,-2.36,0,2025-08-13 11:46:08,.,2e-06,0.5,0.001,False
lr2e-6_dr0.4_wd5e-4_focal_focal_focal,123,2e-06,0.4,0.0005,64.9,68.83,-3.93,1,2025-08-13 11:46:18,.,2e-06,0.4,0.0005,True
lr2e-6_dr0.5_wd1e-3_focal_focal_focal,8,2e-06,0.5,0.001,54.58,58.72,-4.14,1,2025-08-13 11:46:22,.,2e-06,0.5,0.001,True
lr2e-6_dr0.4_wd2e-3,94,2e-06,0.4,0.002,66.37,66.69,-0.31,0,2025-08-13 11:46:34,.,2e-06,0.4,0.002,False
lr2e-6_dr0.4_wd5e-4,103,2e-06,0.4,0.0005,69.58,68.18,1.4,0,2025-08-13 11:46:37,.,2e-06,0.4,0.0005,False
lr2e-6_dr0.5_wd5e-4,6,2e-06,0.5,0.0005,57.47,60.69,-3.23,0,2025-08-13 11:47:06,.,2e-06,0.5,0.0005,False
lr2e-6_dr0.4_wd2e-3_focal_focal_focal,109,2e-06,0.4,0.002,62.61,67.39,-4.79,1,2025-08-13 11:47:24,.,2e-06,0.4,0.002,True
lr2e-6_dr0.5_wd1e-3,8,2e-06,0.5,0.001,57.76,61.12,-3.36,0,2025-08-13 11:48:08,.,2e-06,0.5,0.001,False
lr2e-6_dr0.5_wd5e-4_focal_focal_focal,8,2e-06,0.5,0.0005,54.99,57.99,-3.0,1,2025-08-13 11:48:17,.,2e-06,0.5,0.0005,True
lr2e-6_dr0.5_wd1e-3_focal_focal_focal,9,2e-06,0.5,0.001,54.26,58.25,-4.0,1,2025-08-13 11:48:22,.,2e-06,0.5,0.001,True
lr2e-6_dr0.4_wd2e-3,95,2e-06,0.4,0.002,66.77,67.59,-0.82,0,2025-08-13 11:48:35,.,2e-06,0.4,0.002,False
lr2e-6_dr0.4_wd2e-3_focal_focal_focal,110,2e-06,0.4,0.002,62.2,67.13,-4.93,1,2025-08-13 11:49:24,.,2e-06,0.4,0.002,True
lr2e-6_dr0.4_wd5e-4_focal_focal_focal,124,2e-06,0.4,0.0005,65.09,68.28,-3.19,1,2025-08-13 11:49:58,.,2e-06,0.4,0.0005,True
lr2e-6_dr0.5_wd1e-3,9,2e-06,0.5,0.001,57.11,60.75,-3.65,0,2025-08-13 11:50:09,.,2e-06,0.5,0.001,False
lr2e-6_dr0.4_wd5e-4,104,2e-06,0.4,0.0005,69.49,68.64,0.84,0,2025-08-13 11:50:15,.,2e-06,0.4,0.0005,False
lr2e-6_dr0.5_wd1e-3_focal_focal_focal,10,2e-06,0.5,0.001,54.72,58.45,-3.73,1,2025-08-13 11:50:22,.,2e-06,0.5,0.001,True
lr2e-6_dr0.4_wd2e-3,96,2e-06,0.4,0.002,67.21,67.55,-0.34,0,2025-08-13 11:50:37,.,2e-06,0.4,0.002,False
lr2e-6_dr0.5_wd5e-4,7,2e-06,0.5,0.0005,58.16,60.39,-2.23,0,2025-08-13 11:50:49,.,2e-06,0.5,0.0005,False
lr2e-6_dr0.4_wd2e-3_focal_focal_focal,111,2e-06,0.4,0.002,62.27,67.45,-5.18,1,2025-08-13 11:51:23,.,2e-06,0.4,0.002,True
lr2e-6_dr0.5_wd5e-4_focal_focal_focal,9,2e-06,0.5,0.0005,54.74,58.33,-3.6,1,2025-08-13 11:51:56,.,2e-06,0.5,0.0005,True
lr2e-6_dr0.5_wd1e-3,10,2e-06,0.5,0.001,57.77,60.67,-2.91,0,2025-08-13 11:52:10,.,2e-06,0.5,0.001,False
lr2e-6_dr0.5_wd1e-3_focal_focal_focal,11,2e-06,0.5,0.001,55.34,58.35,-3.02,1,2025-08-13 11:52:23,.,2e-06,0.5,0.001,True
lr2e-6_dr0.4_wd2e-3,97,2e-06,0.4,0.002,66.61,66.69,-0.08,0,2025-08-13 11:52:39,.,2e-06,0.4,0.002,False
lr2e-6_dr0.4_wd2e-3_focal_focal_focal,112,2e-06,0.4,0.002,61.97,67.51,-5.55,1,2025-08-13 11:53:22,.,2e-06,0.4,0.002,True
lr2e-6_dr0.4_wd5e-4_focal_focal_focal,125,2e-06,0.4,0.0005,65.09,68.28,-3.19,1,2025-08-13 11:53:35,.,2e-06,0.4,0.0005,True
lr2e-6_dr0.4_wd5e-4,105,2e-06,0.4,0.0005,69.98,67.74,2.24,0,2025-08-13 11:53:54,.,2e-06,0.4,0.0005,False
lr2e-6_dr0.5_wd1e-3,11,2e-06,0.5,0.001,58.12,60.55,-2.43,0,2025-08-13 11:54:11,.,2e-06,0.5,0.001,False
lr2e-6_dr0.5_wd1e-3_focal_focal_focal,12,2e-06,0.5,0.001,54.58,58.68,-4.1,1,2025-08-13 11:54:22,.,2e-06,0.5,0.001,True
lr2e-6_dr0.5_wd5e-4,8,2e-06,0.5,0.0005,58.47,60.37,-1.9,0,2025-08-13 11:54:33,.,2e-06,0.5,0.0005,False
lr2e-6_dr0.4_wd2e-3,98,2e-06,0.4,0.002,67.14,66.75,0.39,0,2025-08-13 11:54:39,.,2e-06,0.4,0.002,False
lr2e-6_dr0.4_wd2e-3_focal_focal_focal,113,2e-06,0.4,0.002,63.1,67.43,-4.33,1,2025-08-13 11:55:21,.,2e-06,0.4,0.002,True
lr2e-6_dr0.5_wd5e-4_focal_focal_focal,10,2e-06,0.5,0.0005,54.93,57.04,-2.11,1,2025-08-13 11:55:36,.,2e-06,0.5,0.0005,True
lr2e-6_dr0.5_wd1e-3,12,2e-06,0.5,0.001,57.96,60.77,-2.81,0,2025-08-13 11:56:11,.,2e-06,0.5,0.001,False
lr2e-6_dr0.5_wd1e-3_focal_focal_focal,13,2e-06,0.5,0.001,55.78,59.73,-3.94,1,2025-08-13 11:56:22,.,2e-06,0.5,0.001,True
lr2e-6_dr0.4_wd2e-3,99,2e-06,0.4,0.002,66.91,67.33,-0.42,0,2025-08-13 11:56:39,.,2e-06,0.4,0.002,False
lr2e-6_dr0.4_wd5e-4_focal_focal_focal,126,2e-06,0.4,0.0005,64.34,68.26,-3.92,1,2025-08-13 11:57:12,.,2e-06,0.4,0.0005,True
lr2e-6_dr0.4_wd2e-3_focal_focal_focal,114,2e-06,0.4,0.002,62.56,67.47,-4.92,1,2025-08-13 11:57:20,.,2e-06,0.4,0.002,True
lr2e-6_dr0.4_wd5e-4,106,2e-06,0.4,0.0005,70.04,68.22,1.82,0,2025-08-13 11:57:32,.,2e-06,0.4,0.0005,False
lr2e-6_dr0.5_wd1e-3,13,2e-06,0.5,0.001,58.46,61.2,-2.73,0,2025-08-13 11:58:13,.,2e-06,0.5,0.001,False
lr2e-6_dr0.5_wd5e-4,9,2e-06,0.5,0.0005,58.68,60.13,-1.45,0,2025-08-13 11:58:16,.,2e-06,0.5,0.0005,False
lr2e-6_dr0.5_wd1e-3_focal_focal_focal,14,2e-06,0.5,0.001,55.41,59.04,-3.63,1,2025-08-13 11:58:22,.,2e-06,0.5,0.001,True
lr2e-6_dr0.4_wd2e-3,100,2e-06,0.4,0.002,67.08,67.45,-0.38,0,2025-08-13 11:58:40,.,2e-06,0.4,0.002,False
lr2e-6_dr0.5_wd5e-4_focal_focal_focal,11,2e-06,0.5,0.0005,55.78,57.1,-1.32,1,2025-08-13 11:59:14,.,2e-06,0.5,0.0005,True
lr2e-6_dr0.4_wd2e-3_focal_focal_focal,115,2e-06,0.4,0.002,63.32,67.86,-4.54,1,2025-08-13 11:59:19,.,2e-06,0.4,0.002,True
lr2e-6_dr0.5_wd1e-3,14,2e-06,0.5,0.001,58.54,60.82,-2.28,0,2025-08-13 12:00:14,.,2e-06,0.5,0.001,False
lr2e-6_dr0.5_wd1e-3_focal_focal_focal,15,2e-06,0.5,0.001,55.42,59.62,-4.21,1,2025-08-13 12:00:22,.,2e-06,0.5,0.001,True
lr2e-6_dr0.4_wd2e-3,101,2e-06,0.4,0.002,67.29,68.04,-0.75,0,2025-08-13 12:00:40,.,2e-06,0.4,0.002,False
lr2e-6_dr0.4_wd5e-4_focal_focal_focal,127,2e-06,0.4,0.0005,64.71,68.83,-4.11,1,2025-08-13 12:00:50,.,2e-06,0.4,0.0005,True
lr2e-6_dr0.4_wd5e-4,107,2e-06,0.4,0.0005,70.64,68.18,2.46,0,2025-08-13 12:01:11,.,2e-06,0.4,0.0005,False
lr2e-6_dr0.4_wd2e-3_focal_focal_focal,116,2e-06,0.4,0.002,63.06,67.39,-4.33,1,2025-08-13 12:01:19,.,2e-06,0.4,0.002,True
lr2e-6_dr0.5_wd5e-4,10,2e-06,0.5,0.0005,58.69,60.73,-2.05,0,2025-08-13 12:01:58,.,2e-06,0.5,0.0005,False
lr2e-6_dr0.5_wd1e-3,15,2e-06,0.5,0.001,58.4,61.02,-2.61,0,2025-08-13 12:02:15,.,2e-06,0.5,0.001,False
lr2e-6_dr0.5_wd1e-3_focal_focal_focal,16,2e-06,0.5,0.001,54.73,58.98,-4.25,1,2025-08-13 12:02:21,.,2e-06,0.5,0.001,True
lr2e-6_dr0.4_wd2e-3,102,2e-06,0.4,0.002,67.31,67.15,0.16,0,2025-08-13 12:02:42,.,2e-06,0.4,0.002,False
lr2e-6_dr0.5_wd5e-4_focal_focal_focal,12,2e-06,0.5,0.0005,55.03,57.89,-2.86,1,2025-08-13 12:02:52,.,2e-06,0.5,0.0005,True
lr2e-6_dr0.4_wd2e-3_focal_focal_focal,117,2e-06,0.4,0.002,62.82,67.47,-4.65,1,2025-08-13 12:03:19,.,2e-06,0.4,0.002,True
lr2e-6_dr0.5_wd1e-3,16,2e-06,0.5,0.001,58.19,61.22,-3.03,0,2025-08-13 12:04:15,.,2e-06,0.5,0.001,False
lr2e-6_dr0.5_wd1e-3_focal_focal_focal,17,2e-06,0.5,0.001,55.94,59.1,-3.16,1,2025-08-13 12:04:22,.,2e-06,0.5,0.001,True
lr2e-6_dr0.4_wd5e-4_focal_focal_focal,128,2e-06,0.4,0.0005,65.37,68.74,-3.37,1,2025-08-13 12:04:28,.,2e-06,0.4,0.0005,True
lr2e-6_dr0.4_wd2e-3,103,2e-06,0.4,0.002,67.83,67.51,0.31,0,2025-08-13 12:04:43,.,2e-06,0.4,0.002,False
lr2e-6_dr0.4_wd5e-4,108,2e-06,0.4,0.0005,70.16,68.4,1.76,0,2025-08-13 12:04:51,.,2e-06,0.4,0.0005,False
lr2e-6_dr0.4_wd2e-3_focal_focal_focal,118,2e-06,0.4,0.002,62.47,67.9,-5.43,1,2025-08-13 12:05:16,.,2e-06,0.4,0.002,True
lr2e-6_dr0.5_wd5e-4,11,2e-06,0.5,0.0005,59.43,59.83,-0.39,0,2025-08-13 12:05:42,.,2e-06,0.5,0.0005,False
lr2e-6_dr0.5_wd1e-3,17,2e-06,0.5,0.001,59.03,60.94,-1.91,0,2025-08-13 12:06:17,.,2e-06,0.5,0.001,False
lr2e-6_dr0.5_wd1e-3_focal_focal_focal,18,2e-06,0.5,0.001,55.55,59.36,-3.81,1,2025-08-13 12:06:23,.,2e-06,0.5,0.001,True
lr2e-6_dr0.5_wd5e-4_focal_focal_focal,13,2e-06,0.5,0.0005,54.86,58.94,-4.08,1,2025-08-13 12:06:29,.,2e-06,0.5,0.0005,True
lr2e-6_dr0.4_wd2e-3,104,2e-06,0.4,0.002,67.51,67.51,0.0,0,2025-08-13 12:06:44,.,2e-06,0.4,0.002,False
lr2e-6_dr0.4_wd2e-3_focal_focal_focal,119,2e-06,0.4,0.002,62.72,67.59,-4.88,1,2025-08-13 12:07:16,.,2e-06,0.4,0.002,True
lr2e-6_dr0.4_wd5e-4_focal_focal_focal,129,2e-06,0.4,0.0005,65.08,68.81,-3.73,1,2025-08-13 12:08:06,.,2e-06,0.4,0.0005,True
lr2e-6_dr0.5_wd1e-3,18,2e-06,0.5,0.001,59.11,61.16,-2.05,0,2025-08-13 12:08:17,.,2e-06,0.5,0.001,False
lr2e-6_dr0.5_wd1e-3_focal_focal_focal,19,2e-06,0.5,0.001,55.39,58.9,-3.51,1,2025-08-13 12:08:24,.,2e-06,0.5,0.001,True
lr2e-6_dr0.4_wd5e-4,109,2e-06,0.4,0.0005,70.55,68.68,1.87,0,2025-08-13 12:08:32,.,2e-06,0.4,0.0005,False
lr2e-6_dr0.4_wd2e-3,105,2e-06,0.4,0.002,67.97,68.08,-0.11,0,2025-08-13 12:08:45,.,2e-06,0.4,0.002,False
lr2e-6_dr0.4_wd2e-3_focal_focal_focal,120,2e-06,0.4,0.002,62.81,67.86,-5.04,1,2025-08-13 12:09:17,.,2e-06,0.4,0.002,True
lr2e-6_dr0.5_wd5e-4,12,2e-06,0.5,0.0005,58.78,60.65,-1.87,0,2025-08-13 12:09:24,.,2e-06,0.5,0.0005,False
lr2e-6_dr0.5_wd5e-4_focal_focal_focal,14,2e-06,0.5,0.0005,55.53,58.27,-2.74,1,2025-08-13 12:10:09,.,2e-06,0.5,0.0005,True
lr2e-6_dr0.5_wd1e-3,19,2e-06,0.5,0.001,58.3,61.04,-2.73,0,2025-08-13 12:10:17,.,2e-06,0.5,0.001,False
lr2e-6_dr0.5_wd1e-3_focal_focal_focal,20,2e-06,0.5,0.001,55.08,59.64,-4.56,1,2025-08-13 12:10:23,.,2e-06,0.5,0.001,True
lr2e-6_dr0.4_wd2e-3,106,2e-06,0.4,0.002,67.58,67.47,0.11,0,2025-08-13 12:10:47,.,2e-06,0.4,0.002,False
lr2e-6_dr0.4_wd2e-3_focal_focal_focal,121,2e-06,0.4,0.002,63.18,67.55,-4.38,1,2025-08-13 12:11:17,.,2e-06,0.4,0.002,True
lr2e-6_dr0.4_wd5e-4_focal_focal_focal,130,2e-06,0.4,0.0005,65.05,68.16,-3.11,1,2025-08-13 12:11:44,.,2e-06,0.4,0.0005,True
lr2e-6_dr0.4_wd5e-4,110,2e-06,0.4,0.0005,70.16,68.16,2.0,0,2025-08-13 12:12:12,.,2e-06,0.4,0.0005,False
lr2e-6_dr0.5_wd1e-3,20,2e-06,0.5,0.001,58.54,61.16,-2.62,0,2025-08-13 12:12:17,.,2e-06,0.5,0.001,False
lr2e-6_dr0.5_wd1e-3_focal_focal_focal,21,2e-06,0.5,0.001,55.18,59.16,-3.98,1,2025-08-13 12:12:24,.,2e-06,0.5,0.001,True
lr2e-6_dr0.4_wd2e-3,107,2e-06,0.4,0.002,67.7,66.89,0.81,0,2025-08-13 12:12:48,.,2e-06,0.4,0.002,False
lr2e-6_dr0.5_wd5e-4,13,2e-06,0.5,0.0005,58.7,61.6,-2.91,0,2025-08-13 12:13:08,.,2e-06,0.5,0.0005,False
lr2e-6_dr0.4_wd2e-3_focal_focal_focal,122,2e-06,0.4,0.002,62.89,67.64,-4.74,1,2025-08-13 12:13:15,.,2e-06,0.4,0.002,True
lr2e-6_dr0.5_wd5e-4_focal_focal_focal,15,2e-06,0.5,0.0005,55.39,58.43,-3.05,1,2025-08-13 12:13:48,.,2e-06,0.5,0.0005,True
lr2e-6_dr0.5_wd1e-3,21,2e-06,0.5,0.001,58.4,61.76,-3.36,0,2025-08-13 12:14:17,.,2e-06,0.5,0.001,False
lr2e-6_dr0.5_wd1e-3_focal_focal_focal,22,2e-06,0.5,0.001,54.92,58.45,-3.54,1,2025-08-13 12:14:23,.,2e-06,0.5,0.001,True
lr2e-6_dr0.4_wd2e-3,108,2e-06,0.4,0.002,68.08,67.19,0.89,0,2025-08-13 12:14:47,.,2e-06,0.4,0.002,False
lr2e-6_dr0.4_wd2e-3_focal_focal_focal,123,2e-06,0.4,0.002,63.0,67.72,-4.72,1,2025-08-13 12:15:13,.,2e-06,0.4,0.002,True
lr2e-6_dr0.4_wd5e-4_focal_focal_focal,131,2e-06,0.4,0.0005,65.27,68.81,-3.54,1,2025-08-13 12:15:22,.,2e-06,0.4,0.0005,True
lr2e-6_dr0.4_wd5e-4,111,2e-06,0.4,0.0005,70.33,67.27,3.06,0,2025-08-13 12:15:50,.,2e-06,0.4,0.0005,False
lr2e-6_dr0.5_wd1e-3,22,2e-06,0.5,0.001,58.98,61.32,-2.34,0,2025-08-13 12:16:18,.,2e-06,0.5,0.001,False
lr2e-6_dr0.5_wd1e-3_focal_focal_focal,23,2e-06,0.5,0.001,55.57,59.14,-3.57,1,2025-08-13 12:16:23,.,2e-06,0.5,0.001,True
lr2e-6_dr0.4_wd2e-3,109,2e-06,0.4,0.002,67.81,67.01,0.8,0,2025-08-13 12:16:48,.,2e-06,0.4,0.002,False
lr2e-6_dr0.5_wd5e-4,14,2e-06,0.5,0.0005,59.11,61.44,-2.34,0,2025-08-13 12:16:52,.,2e-06,0.5,0.0005,False
lr2e-6_dr0.4_wd2e-3_focal_focal_focal,124,2e-06,0.4,0.002,62.58,67.94,-5.36,1,2025-08-13 12:17:11,.,2e-06,0.4,0.002,True
lr2e-6_dr0.5_wd5e-4_focal_focal_focal,16,2e-06,0.5,0.0005,55.34,58.6,-3.26,1,2025-08-13 12:17:26,.,2e-06,0.5,0.0005,True
lr2e-6_dr0.5_wd1e-3,23,2e-06,0.5,0.001,59.24,61.68,-2.45,0,2025-08-13 12:18:18,.,2e-06,0.5,0.001,False
lr2e-6_dr0.5_wd1e-3_focal_focal_focal,24,2e-06,0.5,0.001,55.99,59.69,-3.69,1,2025-08-13 12:18:23,.,2e-06,0.5,0.001,True
lr2e-6_dr0.4_wd2e-3,110,2e-06,0.4,0.002,68.35,66.79,1.56,0,2025-08-13 12:18:48,.,2e-06,0.4,0.002,False
lr2e-6_dr0.4_wd5e-4_focal_focal_focal,132,2e-06,0.4,0.0005,65.08,69.07,-3.99,1,2025-08-13 12:19:00,.,2e-06,0.4,0.0005,True
lr2e-6_dr0.4_wd2e-3_focal_focal_focal,125,2e-06,0.4,0.002,63.39,67.59,-4.2,1,2025-08-13 12:19:10,.,2e-06,0.4,0.002,True
lr2e-6_dr0.4_wd5e-4,112,2e-06,0.4,0.0005,70.68,68.42,2.25,0,2025-08-13 12:19:27,.,2e-06,0.4,0.0005,False
lr2e-6_dr0.5_wd1e-3,24,2e-06,0.5,0.001,58.58,62.19,-3.61,0,2025-08-13 12:20:18,.,2e-06,0.5,0.001,False
lr2e-6_dr0.5_wd1e-3_focal_focal_focal,25,2e-06,0.5,0.001,56.14,59.93,-3.79,1,2025-08-13 12:20:24,.,2e-06,0.5,0.001,True
lr2e-6_dr0.5_wd5e-4,15,2e-06,0.5,0.0005,58.5,61.12,-2.61,0,2025-08-13 12:20:34,.,2e-06,0.5,0.0005,False
lr2e-6_dr0.4_wd2e-3,111,2e-06,0.4,0.002,68.57,67.31,1.26,0,2025-08-13 12:20:48,.,2e-06,0.4,0.002,False
lr2e-6_dr0.5_wd5e-4_focal_focal_focal,17,2e-06,0.5,0.0005,54.95,59.16,-4.21,1,2025-08-13 12:21:04,.,2e-06,0.5,0.0005,True
lr2e-6_dr0.4_wd2e-3_focal_focal_focal,126,2e-06,0.4,0.002,62.84,67.82,-4.97,1,2025-08-13 12:21:10,.,2e-06,0.4,0.002,True
lr2e-6_dr0.5_wd1e-3,25,2e-06,0.5,0.001,60.03,62.11,-2.07,0,2025-08-13 12:22:20,.,2e-06,0.5,0.001,False
lr2e-6_dr0.5_wd1e-3_focal_focal_focal,26,2e-06,0.5,0.001,55.99,60.82,-4.83,1,2025-08-13 12:22:26,.,2e-06,0.5,0.001,True
lr2e-6_dr0.4_wd5e-4_focal_focal_focal,133,2e-06,0.4,0.0005,65.28,68.34,-3.06,1,2025-08-13 12:22:40,.,2e-06,0.4,0.0005,True
lr2e-6_dr0.4_wd2e-3,112,2e-06,0.4,0.002,68.44,67.59,0.85,0,2025-08-13 12:22:48,.,2e-06,0.4,0.002,False
lr2e-6_dr0.4_wd5e-4,113,2e-06,0.4,0.0005,70.66,68.81,1.86,0,2025-08-13 12:23:06,.,2e-06,0.4,0.0005,False
lr2e-6_dr0.4_wd2e-3_focal_focal_focal,127,2e-06,0.4,0.002,62.76,68.16,-5.4,1,2025-08-13 12:23:10,.,2e-06,0.4,0.002,True
lr2e-6_dr0.5_wd5e-4,16,2e-06,0.5,0.0005,58.82,61.5,-2.68,0,2025-08-13 12:24:17,.,2e-06,0.5,0.0005,False
lr2e-6_dr0.5_wd1e-3,26,2e-06,0.5,0.001,59.87,62.15,-2.28,0,2025-08-13 12:24:22,.,2e-06,0.5,0.001,False
lr2e-6_dr0.5_wd1e-3_focal_focal_focal,27,2e-06,0.5,0.001,55.4,59.26,-3.86,1,2025-08-13 12:24:27,.,2e-06,0.5,0.001,True
lr2e-6_dr0.5_wd5e-4_focal_focal_focal,18,2e-06,0.5,0.0005,54.99,58.43,-3.44,1,2025-08-13 12:24:43,.,2e-06,0.5,0.0005,True
lr2e-6_dr0.4_wd2e-3,113,2e-06,0.4,0.002,68.32,67.21,1.11,0,2025-08-13 12:24:48,.,2e-06,0.4,0.002,False
lr2e-6_dr0.4_wd2e-3_focal_focal_focal,128,2e-06,0.4,0.002,63.16,67.96,-4.8,1,2025-08-13 12:25:09,.,2e-06,0.4,0.002,True
lr2e-6_dr0.4_wd5e-4_focal_focal_focal,134,2e-06,0.4,0.0005,64.6,68.68,-4.08,1,2025-08-13 12:26:18,.,2e-06,0.4,0.0005,True
lr2e-6_dr0.5_wd1e-3,27,2e-06,0.5,0.001,59.57,62.49,-2.92,0,2025-08-13 12:26:23,.,2e-06,0.5,0.001,False
lr2e-6_dr0.5_wd1e-3_focal_focal_focal,28,2e-06,0.5,0.001,55.15,61.34,-6.19,1,2025-08-13 12:26:26,.,2e-06,0.5,0.001,True
lr2e-6_dr0.4_wd5e-4,114,2e-06,0.4,0.0005,70.59,68.46,2.12,0,2025-08-13 12:26:46,.,2e-06,0.4,0.0005,False
lr2e-6_dr0.4_wd2e-3,114,2e-06,0.4,0.002,68.66,67.84,0.82,0,2025-08-13 12:26:48,.,2e-06,0.4,0.002,False
lr2e-6_dr0.4_wd2e-3_focal_focal_focal,129,2e-06,0.4,0.002,62.49,67.49,-5.0,1,2025-08-13 12:27:10,.,2e-06,0.4,0.002,True
lr2e-6_dr0.5_wd5e-4,17,2e-06,0.5,0.0005,58.7,61.5,-2.8,0,2025-08-13 12:27:58,.,2e-06,0.5,0.0005,False
lr2e-6_dr0.5_wd5e-4_focal_focal_focal,19,2e-06,0.5,0.0005,55.54,57.87,-2.33,1,2025-08-13 12:28:21,.,2e-06,0.5,0.0005,True
lr2e-6_dr0.5_wd1e-3,28,2e-06,0.5,0.001,59.1,62.43,-3.33,0,2025-08-13 12:28:26,.,2e-06,0.5,0.001,False
lr2e-6_dr0.5_wd1e-3_focal_focal_focal,29,2e-06,0.5,0.001,56.11,59.83,-3.71,1,2025-08-13 12:28:27,.,2e-06,0.5,0.001,True
lr2e-6_dr0.4_wd2e-3,115,2e-06,0.4,0.002,68.4,67.62,0.78,0,2025-08-13 12:28:48,.,2e-06,0.4,0.002,False
lr2e-6_dr0.4_wd2e-3_focal_focal_focal,130,2e-06,0.4,0.002,62.78,67.59,-4.82,1,2025-08-13 12:29:10,.,2e-06,0.4,0.002,True
lr2e-6_dr0.4_wd5e-4_focal_focal_focal,135,2e-06,0.4,0.0005,64.67,69.05,-4.37,1,2025-08-13 12:29:57,.,2e-06,0.4,0.0005,True
lr2e-6_dr0.4_wd5e-4,115,2e-06,0.4,0.0005,70.8,68.54,2.25,0,2025-08-13 12:30:25,.,2e-06,0.4,0.0005,False
lr2e-6_dr0.5_wd1e-3_focal_focal_focal,30,2e-06,0.5,0.001,55.6,61.2,-5.6,1,2025-08-13 12:30:27,.,2e-06,0.5,0.001,True
lr2e-6_dr0.5_wd1e-3,29,2e-06,0.5,0.001,60.12,62.93,-2.81,0,2025-08-13 12:30:28,.,2e-06,0.5,0.001,False
lr2e-6_dr0.4_wd2e-3,116,2e-06,0.4,0.002,68.72,67.09,1.63,0,2025-08-13 12:30:48,.,2e-06,0.4,0.002,False
lr2e-6_dr0.4_wd2e-3_focal_focal_focal,131,2e-06,0.4,0.002,63.25,67.82,-4.57,1,2025-08-13 12:31:10,.,2e-06,0.4,0.002,True
lr2e-6_dr0.5_wd5e-4,18,2e-06,0.5,0.0005,59.22,61.0,-1.78,0,2025-08-13 12:31:42,.,2e-06,0.5,0.0005,False
lr2e-6_dr0.5_wd5e-4_focal_focal_focal,20,2e-06,0.5,0.0005,55.8,57.55,-1.75,1,2025-08-13 12:31:59,.,2e-06,0.5,0.0005,True
lr2e-6_dr0.5_wd1e-3_focal_focal_focal,31,2e-06,0.5,0.001,56.05,60.86,-4.8,1,2025-08-13 12:32:26,.,2e-06,0.5,0.001,True
lr2e-6_dr0.5_wd1e-3,30,2e-06,0.5,0.001,59.59,63.52,-3.92,0,2025-08-13 12:32:30,.,2e-06,0.5,0.001,False
lr2e-6_dr0.4_wd2e-3,117,2e-06,0.4,0.002,68.76,66.83,1.93,0,2025-08-13 12:32:50,.,2e-06,0.4,0.002,False
lr2e-6_dr0.4_wd2e-3_focal_focal_focal,132,2e-06,0.4,0.002,62.41,67.66,-5.24,1,2025-08-13 12:33:10,.,2e-06,0.4,0.002,True
lr2e-6_dr0.4_wd5e-4_focal_focal_focal,136,2e-06,0.4,0.0005,64.59,69.01,-4.42,1,2025-08-13 12:33:37,.,2e-06,0.4,0.0005,True
lr2e-6_dr0.4_wd5e-4,116,2e-06,0.4,0.0005,71.29,68.44,2.85,0,2025-08-13 12:34:03,.,2e-06,0.4,0.0005,False
lr2e-6_dr0.5_wd1e-3_focal_focal_focal,32,2e-06,0.5,0.001,56.51,62.31,-5.8,1,2025-08-13 12:34:25,.,2e-06,0.5,0.001,True
lr2e-6_dr0.5_wd1e-3,31,2e-06,0.5,0.001,60.18,63.44,-3.25,0,2025-08-13 12:34:32,.,2e-06,0.5,0.001,False
lr2e-6_dr0.4_wd2e-3,118,2e-06,0.4,0.002,68.72,67.55,1.17,0,2025-08-13 12:34:51,.,2e-06,0.4,0.002,False
lr2e-6_dr0.4_wd2e-3_focal_focal_focal,133,2e-06,0.4,0.002,62.97,68.02,-5.04,1,2025-08-13 12:35:10,.,2e-06,0.4,0.002,True
lr2e-6_dr0.5_wd5e-4,19,2e-06,0.5,0.0005,59.11,61.0,-1.89,0,2025-08-13 12:35:24,.,2e-06,0.5,0.0005,False
lr2e-6_dr0.5_wd5e-4_focal_focal_focal,21,2e-06,0.5,0.0005,56.42,57.24,-0.82,1,2025-08-13 12:35:37,.,2e-06,0.5,0.0005,True
lr2e-6_dr0.5_wd1e-3_focal_focal_focal,33,2e-06,0.5,0.001,56.13,62.35,-6.22,1,2025-08-13 12:36:27,.,2e-06,0.5,0.001,True
lr2e-6_dr0.5_wd1e-3,32,2e-06,0.5,0.001,60.5,63.84,-3.34,0,2025-08-13 12:36:31,.,2e-06,0.5,0.001,False
lr2e-6_dr0.4_wd2e-3,119,2e-06,0.4,0.002,69.16,67.55,1.61,0,2025-08-13 12:36:52,.,2e-06,0.4,0.002,False
lr2e-6_dr0.4_wd2e-3_focal_focal_focal,134,2e-06,0.4,0.002,62.79,67.7,-4.91,1,2025-08-13 12:37:10,.,2e-06,0.4,0.002,True
lr2e-6_dr0.4_wd5e-4_focal_focal_focal,137,2e-06,0.4,0.0005,64.99,68.74,-3.76,1,2025-08-13 12:37:17,.,2e-06,0.4,0.0005,True
lr2e-6_dr0.4_wd5e-4,117,2e-06,0.4,0.0005,70.89,68.64,2.24,0,2025-08-13 12:37:42,.,2e-06,0.4,0.0005,False
lr2e-6_dr0.5_wd1e-3_focal_focal_focal,34,2e-06,0.5,0.001,56.12,62.59,-6.47,1,2025-08-13 12:38:27,.,2e-06,0.5,0.001,True
lr2e-6_dr0.5_wd1e-3,33,2e-06,0.5,0.001,60.37,63.62,-3.25,0,2025-08-13 12:38:33,.,2e-06,0.5,0.001,False
lr2e-6_dr0.4_wd2e-3,120,2e-06,0.4,0.002,69.22,67.11,2.11,0,2025-08-13 12:38:52,.,2e-06,0.4,0.002,False
lr2e-6_dr0.4_wd2e-3_focal_focal_focal,135,2e-06,0.4,0.002,62.71,68.1,-5.39,1,2025-08-13 12:39:07,.,2e-06,0.4,0.002,True
lr2e-6_dr0.5_wd5e-4,20,2e-06,0.5,0.0005,58.87,60.39,-1.52,0,2025-08-13 12:39:07,.,2e-06,0.5,0.0005,False
lr2e-6_dr0.5_wd5e-4_focal_focal_focal,22,2e-06,0.5,0.0005,55.02,55.93,-0.91,1,2025-08-13 12:39:15,.,2e-06,0.5,0.0005,True
lr2e-6_dr0.5_wd1e-3_focal_focal_focal,35,2e-06,0.5,0.001,55.75,62.03,-6.28,1,2025-08-13 12:40:22,.,2e-06,0.5,0.001,True
lr2e-6_dr0.5_wd1e-3,34,2e-06,0.5,0.001,60.12,63.9,-3.78,0,2025-08-13 12:40:26,.,2e-06,0.5,0.001,False
lr2e-6_dr0.4_wd5e-4_focal_focal_focal,138,2e-06,0.4,0.0005,65.25,68.87,-3.61,1,2025-08-13 12:40:55,.,2e-06,0.4,0.0005,True
lr2e-6_dr0.4_wd2e-3_focal_focal_focal,136,2e-06,0.4,0.002,62.87,67.68,-4.81,1,2025-08-13 12:41:01,.,2e-06,0.4,0.002,True
lr2e-6_dr0.4_wd5e-4,118,2e-06,0.4,0.0005,70.87,68.58,2.29,0,2025-08-13 12:41:21,.,2e-06,0.4,0.0005,False
lr2e-6_dr0.5_wd2e-3_focal_focal_focal,1,2e-06,0.5,0.002,51.42,54.22,-2.8,1,2025-08-13 12:42:22,.,2e-06,0.5,0.002,True
lr2e-6_dr0.5_wd1e-3_focal_focal_focal,36,2e-06,0.5,0.001,56.62,62.51,-5.89,1,2025-08-13 12:42:22,.,2e-06,0.5,0.001,True
lr2e-6_dr0.5_wd1e-3,35,2e-06,0.5,0.001,60.36,63.62,-3.26,0,2025-08-13 12:42:28,.,2e-06,0.5,0.001,False
lr2e-6_dr0.5_wd5e-4,21,2e-06,0.5,0.0005,59.52,61.02,-1.49,0,2025-08-13 12:42:49,.,2e-06,0.5,0.0005,False
lr2e-6_dr0.5_wd5e-4_focal_focal_focal,23,2e-06,0.5,0.0005,55.85,57.83,-1.98,1,2025-08-13 12:42:53,.,2e-06,0.5,0.0005,True
lr2e-6_dr0.4_wd2e-3_focal_focal_focal,137,2e-06,0.4,0.002,63.12,67.9,-4.78,1,2025-08-13 12:43:00,.,2e-06,0.4,0.002,True
lr2e-6_dr0.5_wd2e-3_focal_focal_focal,2,2e-06,0.5,0.002,52.63,55.97,-3.34,1,2025-08-13 12:44:23,.,2e-06,0.5,0.002,True
lr2e-6_dr0.5_wd1e-3_focal_focal_focal,37,2e-06,0.5,0.001,56.3,62.55,-6.26,1,2025-08-13 12:44:24,.,2e-06,0.5,0.001,True
lr2e-6_dr0.5_wd1e-3,36,2e-06,0.5,0.001,60.48,63.92,-3.44,0,2025-08-13 12:44:27,.,2e-06,0.5,0.001,False
lr2e-6_dr0.4_wd5e-4_focal_focal_focal,139,2e-06,0.4,0.0005,65.13,68.6,-3.48,1,2025-08-13 12:44:33,.,2e-06,0.4,0.0005,True
lr2e-6_dr0.4_wd2e-3_focal_focal_focal,138,2e-06,0.4,0.002,62.58,67.72,-5.14,1,2025-08-13 12:44:57,.,2e-06,0.4,0.002,True
lr2e-6_dr0.4_wd5e-4,119,2e-06,0.4,0.0005,70.74,68.91,1.84,0,2025-08-13 12:44:59,.,2e-06,0.4,0.0005,False
lr2e-6_dr0.5_wd1e-3_focal_focal_focal,38,2e-06,0.5,0.001,55.93,62.87,-6.94,1,2025-08-13 12:46:24,.,2e-06,0.5,0.001,True
lr2e-6_dr0.5_wd2e-3_focal_focal_focal,3,2e-06,0.5,0.002,53.72,55.61,-1.89,1,2025-08-13 12:46:24,.,2e-06,0.5,0.002,True
lr2e-6_dr0.5_wd1e-3,37,2e-06,0.5,0.001,61.12,63.8,-2.68,0,2025-08-13 12:46:29,.,2e-06,0.5,0.001,False
lr2e-6_dr0.5_wd5e-4,22,2e-06,0.5,0.0005,59.29,60.49,-1.2,0,2025-08-13 12:46:31,.,2e-06,0.5,0.0005,False
lr2e-6_dr0.5_wd5e-4_focal_focal_focal,24,2e-06,0.5,0.0005,55.96,59.04,-3.08,1,2025-08-13 12:46:31,.,2e-06,0.5,0.0005,True
lr2e-6_dr0.4_wd2e-3_focal_focal_focal,139,2e-06,0.4,0.002,62.93,67.53,-4.61,1,2025-08-13 12:46:56,.,2e-06,0.4,0.002,True
lr2e-6_dr0.4_wd5e-4_focal_focal_focal,140,2e-06,0.4,0.0005,64.92,69.01,-4.09,1,2025-08-13 12:48:11,.,2e-06,0.4,0.0005,True
lr2e-6_dr0.5_wd2e-3_focal_focal_focal,4,2e-06,0.5,0.002,54.0,57.73,-3.73,1,2025-08-13 12:48:24,.,2e-06,0.5,0.002,True
lr2e-6_dr0.5_wd1e-3_focal_focal_focal,39,2e-06,0.5,0.001,56.71,62.71,-6.0,1,2025-08-13 12:48:26,.,2e-06,0.5,0.001,True
lr2e-6_dr0.5_wd1e-3,38,2e-06,0.5,0.001,60.44,64.35,-3.91,0,2025-08-13 12:48:29,.,2e-06,0.5,0.001,False
lr2e-6_dr0.4_wd5e-4,120,2e-06,0.4,0.0005,71.41,68.24,3.17,0,2025-08-13 12:48:40,.,2e-06,0.4,0.0005,False
lr2e-6_dr0.4_wd2e-3_focal_focal_focal,140,2e-06,0.4,0.002,63.2,67.64,-4.43,1,2025-08-13 12:48:53,.,2e-06,0.4,0.002,True
lr2e-6_dr0.5_wd5e-4_focal_focal_focal,25,2e-06,0.5,0.0005,55.88,58.41,-2.53,1,2025-08-13 12:50:09,.,2e-06,0.5,0.0005,True
lr2e-6_dr0.5_wd5e-4,23,2e-06,0.5,0.0005,59.31,62.25,-2.94,0,2025-08-13 12:50:13,.,2e-06,0.5,0.0005,False
lr2e-6_dr0.5_wd2e-3_focal_focal_focal,5,2e-06,0.5,0.002,54.16,57.71,-3.55,1,2025-08-13 12:50:25,.,2e-06,0.5,0.002,True
lr2e-6_dr0.5_wd1e-3_focal_focal_focal,40,2e-06,0.5,0.001,56.89,62.87,-5.98,1,2025-08-13 12:50:26,.,2e-06,0.5,0.001,True
lr2e-6_dr0.5_wd1e-3,39,2e-06,0.5,0.001,60.77,63.86,-3.09,0,2025-08-13 12:50:31,.,2e-06,0.5,0.001,False
lr2e-6_dr0.4_wd2e-3_focal_focal_focal,141,2e-06,0.4,0.002,63.08,67.86,-4.78,1,2025-08-13 12:50:52,.,2e-06,0.4,0.002,True
lr2e-6_dr0.4_wd5e-4_focal_focal_focal,141,2e-06,0.4,0.0005,64.73,68.83,-4.1,1,2025-08-13 12:51:49,.,2e-06,0.4,0.0005,True
lr2e-6_dr0.4_wd5e-4,121,2e-06,0.4,0.0005,71.68,68.38,3.3,0,2025-08-13 12:52:18,.,2e-06,0.4,0.0005,False
lr2e-6_dr0.5_wd1e-3_focal_focal_focal,41,2e-06,0.5,0.001,56.85,62.79,-5.95,1,2025-08-13 12:52:26,.,2e-06,0.5,0.001,True
lr2e-6_dr0.5_wd2e-3_focal_focal_focal,6,2e-06,0.5,0.002,54.38,58.62,-4.23,1,2025-08-13 12:52:26,.,2e-06,0.5,0.002,True
lr2e-6_dr0.5_wd1e-3,40,2e-06,0.5,0.001,61.22,63.84,-2.62,0,2025-08-13 12:52:31,.,2e-06,0.5,0.001,False
lr2e-6_dr0.4_wd2e-3_focal_focal_focal,142,2e-06,0.4,0.002,63.33,67.84,-4.51,1,2025-08-13 12:52:51,.,2e-06,0.4,0.002,True
lr2e-6_dr0.5_wd5e-4_focal_focal_focal,26,2e-06,0.5,0.0005,56.22,57.0,-0.78,1,2025-08-13 12:53:47,.,2e-06,0.5,0.0005,True
lr2e-6_dr0.5_wd5e-4,24,2e-06,0.5,0.0005,59.34,61.32,-1.98,0,2025-08-13 12:53:57,.,2e-06,0.5,0.0005,False
lr2e-6_dr0.5_wd1e-3_focal_focal_focal,42,2e-06,0.5,0.001,56.79,63.1,-6.3,1,2025-08-13 12:54:26,.,2e-06,0.5,0.001,True
lr2e-6_dr0.5_wd2e-3_focal_focal_focal,7,2e-06,0.5,0.002,54.46,58.74,-4.28,1,2025-08-13 12:54:27,.,2e-06,0.5,0.002,True
lr2e-6_dr0.5_wd1e-3,41,2e-06,0.5,0.001,61.32,64.55,-3.23,0,2025-08-13 12:54:32,.,2e-06,0.5,0.001,False
lr2e-6_dr0.4_wd2e-3_focal_focal_focal,143,2e-06,0.4,0.002,62.98,67.9,-4.91,1,2025-08-13 12:54:49,.,2e-06,0.4,0.002,True
lr2e-6_dr0.4_wd5e-4_focal_focal_focal,142,2e-06,0.4,0.0005,64.82,69.21,-4.39,1,2025-08-13 12:55:27,.,2e-06,0.4,0.0005,True
lr2e-6_dr0.4_wd5e-4,122,2e-06,0.4,0.0005,71.45,68.6,2.85,0,2025-08-13 12:55:56,.,2e-06,0.4,0.0005,False
lr2e-6_dr0.5_wd1e-3_focal_focal_focal,43,2e-06,0.5,0.001,56.99,62.87,-5.89,1,2025-08-13 12:56:27,.,2e-06,0.5,0.001,True
lr2e-6_dr0.5_wd2e-3_focal_focal_focal,8,2e-06,0.5,0.002,54.66,58.39,-3.73,1,2025-08-13 12:56:28,.,2e-06,0.5,0.002,True
lr2e-6_dr0.5_wd1e-3,42,2e-06,0.5,0.001,61.1,63.82,-2.72,0,2025-08-13 12:56:33,.,2e-06,0.5,0.001,False
lr2e-6_dr0.4_wd2e-3_focal_focal_focal,144,2e-06,0.4,0.002,63.65,67.74,-4.09,1,2025-08-13 12:56:47,.,2e-06,0.4,0.002,True
lr2e-6_dr0.5_wd5e-4_focal_focal_focal,27,2e-06,0.5,0.0005,55.78,57.75,-1.97,1,2025-08-13 12:57:25,.,2e-06,0.5,0.0005,True
lr2e-6_dr0.5_wd5e-4,25,2e-06,0.5,0.0005,60.15,62.05,-1.9,0,2025-08-13 12:57:38,.,2e-06,0.5,0.0005,False
lr2e-6_dr0.5_wd2e-3_focal_focal_focal,9,2e-06,0.5,0.002,54.32,59.38,-5.06,1,2025-08-13 12:58:28,.,2e-06,0.5,0.002,True
lr2e-6_dr0.5_wd1e-3_focal_focal_focal,44,2e-06,0.5,0.001,57.0,61.95,-4.94,1,2025-08-13 12:58:28,.,2e-06,0.5,0.001,True
lr2e-6_dr0.5_wd1e-3,43,2e-06,0.5,0.001,61.38,64.14,-2.76,0,2025-08-13 12:58:33,.,2e-06,0.5,0.001,False
lr2e-6_dr0.4_wd2e-3_focal_focal_focal,145,2e-06,0.4,0.002,63.28,67.96,-4.68,1,2025-08-13 12:58:48,.,2e-06,0.4,0.002,True
lr2e-6_dr0.4_wd5e-4_focal_focal_focal,143,2e-06,0.4,0.0005,65.19,68.04,-2.85,1,2025-08-13 12:59:07,.,2e-06,0.4,0.0005,True
lr2e-6_dr0.4_wd5e-4,123,2e-06,0.4,0.0005,71.77,68.16,3.61,0,2025-08-13 12:59:34,.,2e-06,0.4,0.0005,False
lr2e-6_dr0.5_wd1e-3_focal_focal_focal,45,2e-06,0.5,0.001,56.65,63.01,-6.37,1,2025-08-13 13:00:27,.,2e-06,0.5,0.001,True
lr2e-6_dr0.5_wd2e-3_focal_focal_focal,10,2e-06,0.5,0.002,54.53,59.18,-4.65,1,2025-08-13 13:00:28,.,2e-06,0.5,0.002,True
lr2e-6_dr0.5_wd1e-3,44,2e-06,0.5,0.001,61.34,64.0,-2.66,0,2025-08-13 13:00:34,.,2e-06,0.5,0.001,False
lr2e-6_dr0.4_wd2e-3_focal_focal_focal,146,2e-06,0.4,0.002,63.18,68.0,-4.82,1,2025-08-13 13:00:48,.,2e-06,0.4,0.002,True
lr2e-6_dr0.5_wd5e-4_focal_focal_focal,28,2e-06,0.5,0.0005,56.34,59.26,-2.93,1,2025-08-13 13:01:03,.,2e-06,0.5,0.0005,True
lr2e-6_dr0.5_wd5e-4,26,2e-06,0.5,0.0005,60.48,62.41,-1.93,0,2025-08-13 13:01:21,.,2e-06,0.5,0.0005,False
lr2e-6_dr0.5_wd2e-3_focal_focal_focal,11,2e-06,0.5,0.002,55.57,58.19,-2.62,1,2025-08-13 13:02:28,.,2e-06,0.5,0.002,True
lr2e-6_dr0.5_wd1e-3_focal_focal_focal,46,2e-06,0.5,0.001,56.35,63.5,-7.15,1,2025-08-13 13:02:29,.,2e-06,0.5,0.001,True
lr2e-6_dr0.5_wd1e-3,45,2e-06,0.5,0.001,61.16,64.31,-3.15,0,2025-08-13 13:02:33,.,2e-06,0.5,0.001,False
lr2e-6_dr0.4_wd5e-4_focal_focal_focal,144,2e-06,0.4,0.0005,65.44,68.95,-3.51,1,2025-08-13 13:02:46,.,2e-06,0.4,0.0005,True
lr2e-6_dr0.4_wd2e-3_focal_focal_focal,147,2e-06,0.4,0.002,63.61,68.16,-4.55,1,2025-08-13 13:02:49,.,2e-06,0.4,0.002,True
lr2e-6_dr0.4_wd5e-4,124,2e-06,0.4,0.0005,71.53,68.66,2.87,0,2025-08-13 13:03:13,.,2e-06,0.4,0.0005,False
lr2e-6_dr0.5_wd2e-3_focal_focal_focal,12,2e-06,0.5,0.002,54.97,58.8,-3.82,1,2025-08-13 13:04:27,.,2e-06,0.5,0.002,True
lr2e-6_dr0.5_wd1e-3_focal_focal_focal,47,2e-06,0.5,0.001,57.1,63.24,-6.14,1,2025-08-13 13:04:29,.,2e-06,0.5,0.001,True
lr2e-6_dr0.5_wd1e-3,46,2e-06,0.5,0.001,61.31,64.57,-3.26,0,2025-08-13 13:04:33,.,2e-06,0.5,0.001,False
lr2e-6_dr0.5_wd5e-4_focal_focal_focal,29,2e-06,0.5,0.0005,55.76,56.86,-1.1,1,2025-08-13 13:04:43,.,2e-06,0.5,0.0005,True
lr2e-6_dr0.4_wd2e-3_focal_focal_focal,148,2e-06,0.4,0.002,63.86,68.28,-4.42,1,2025-08-13 13:04:49,.,2e-06,0.4,0.002,True
lr2e-6_dr0.5_wd5e-4,27,2e-06,0.5,0.0005,60.57,62.77,-2.2,0,2025-08-13 13:05:05,.,2e-06,0.5,0.0005,False
lr2e-6_dr0.5_wd2e-3_focal_focal_focal,13,2e-06,0.5,0.002,55.2,58.88,-3.68,1,2025-08-13 13:06:25,.,2e-06,0.5,0.002,True
lr2e-6_dr0.4_wd5e-4_focal_focal_focal,145,2e-06,0.4,0.0005,65.81,67.84,-2.02,1,2025-08-13 13:06:26,.,2e-06,0.4,0.0005,True
lr2e-6_dr0.5_wd1e-3_focal_focal_focal,48,2e-06,0.5,0.001,57.34,63.14,-5.8,1,2025-08-13 13:06:29,.,2e-06,0.5,0.001,True
lr2e-6_dr0.5_wd1e-3,47,2e-06,0.5,0.001,61.98,64.33,-2.35,0,2025-08-13 13:06:35,.,2e-06,0.5,0.001,False
lr2e-6_dr0.4_wd2e-3_focal_focal_focal,149,2e-06,0.4,0.002,63.65,68.1,-4.45,1,2025-08-13 13:06:50,.,2e-06,0.4,0.002,True
lr2e-6_dr0.4_wd5e-4,125,2e-06,0.4,0.0005,71.88,69.21,2.67,0,2025-08-13 13:06:52,.,2e-06,0.4,0.0005,False
lr2e-6_dr0.5_wd5e-4_focal_focal_focal,30,2e-06,0.5,0.0005,56.13,56.44,-0.3,1,2025-08-13 13:08:21,.,2e-06,0.5,0.0005,True
lr2e-6_dr0.5_wd2e-3_focal_focal_focal,14,2e-06,0.5,0.002,55.57,58.66,-3.08,1,2025-08-13 13:08:24,.,2e-06,0.5,0.002,True
lr2e-6_dr0.5_wd1e-3_focal_focal_focal,49,2e-06,0.5,0.001,57.28,63.82,-6.54,1,2025-08-13 13:08:28,.,2e-06,0.5,0.001,True
lr2e-6_dr0.5_wd1e-3,48,2e-06,0.5,0.001,61.52,64.1,-2.59,0,2025-08-13 13:08:35,.,2e-06,0.5,0.001,False
lr2e-6_dr0.5_wd5e-4,28,2e-06,0.5,0.0005,60.83,63.74,-2.92,0,2025-08-13 13:08:48,.,2e-06,0.5,0.0005,False
lr2e-6_dr0.4_wd2e-3_focal_focal_focal,150,2e-06,0.4,0.002,64.56,68.58,-4.02,1,2025-08-13 13:08:48,.,2e-06,0.4,0.002,True
lr2e-6_dr0.4_wd5e-4_focal_focal_focal,146,2e-06,0.4,0.0005,65.62,68.74,-3.13,1,2025-08-13 13:10:04,.,2e-06,0.4,0.0005,True
lr2e-6_dr0.5_wd2e-3_focal_focal_focal,15,2e-06,0.5,0.002,55.23,59.38,-4.16,1,2025-08-13 13:10:23,.,2e-06,0.5,0.002,True
lr2e-6_dr0.5_wd1e-3_focal_focal_focal,50,2e-06,0.5,0.001,56.67,63.42,-6.75,1,2025-08-13 13:10:28,.,2e-06,0.5,0.001,True
lr2e-6_dr0.4_wd5e-4,126,2e-06,0.4,0.0005,71.35,69.07,2.29,0,2025-08-13 13:10:32,.,2e-06,0.4,0.0005,False
lr2e-6_dr0.5_wd1e-3,49,2e-06,0.5,0.001,61.77,63.48,-1.71,0,2025-08-13 13:10:33,.,2e-06,0.5,0.001,False
lr2e-6_dr0.5_wd2e-3,1,2e-06,0.5,0.002,51.62,54.86,-3.24,0,2025-08-13 13:11:17,.,2e-06,0.5,0.002,False
lr2e-6_dr0.5_wd5e-4_focal_focal_focal,31,2e-06,0.5,0.0005,56.58,57.57,-0.99,1,2025-08-13 13:11:59,.,2e-06,0.5,0.0005,True
lr2e-6_dr0.5_wd2e-3_focal_focal_focal,16,2e-06,0.5,0.002,54.8,59.4,-4.61,1,2025-08-13 13:12:22,.,2e-06,0.5,0.002,True
lr2e-6_dr0.5_wd1e-3_focal_focal_focal,51,2e-06,0.5,0.001,56.74,63.68,-6.94,1,2025-08-13 13:12:28,.,2e-06,0.5,0.001,True
lr2e-6_dr0.5_wd1e-3,50,2e-06,0.5,0.001,61.67,64.47,-2.79,0,2025-08-13 13:12:32,.,2e-06,0.5,0.001,False
lr2e-6_dr0.5_wd5e-4,29,2e-06,0.5,0.0005,60.32,62.21,-1.89,0,2025-08-13 13:12:33,.,2e-06,0.5,0.0005,False
lr2e-6_dr0.5_wd2e-3,2,2e-06,0.5,0.002,53.23,56.8,-3.57,0,2025-08-13 13:13:19,.,2e-06,0.5,0.002,False
lr2e-6_dr0.4_wd5e-4_focal_focal_focal,147,2e-06,0.4,0.0005,65.92,69.11,-3.19,1,2025-08-13 13:13:42,.,2e-06,0.4,0.0005,True
lr2e-6_dr0.4_wd5e-4,127,2e-06,0.4,0.0005,71.34,68.14,3.2,0,2025-08-13 13:14:12,.,2e-06,0.4,0.0005,False
lr2e-6_dr0.5_wd2e-3_focal_focal_focal,17,2e-06,0.5,0.002,55.64,59.26,-3.62,1,2025-08-13 13:14:23,.,2e-06,0.5,0.002,True
lr2e-6_dr0.5_wd1e-3_focal_focal_focal,52,2e-06,0.5,0.001,57.33,63.72,-6.39,1,2025-08-13 13:14:29,.,2e-06,0.5,0.001,True
lr2e-6_dr0.5_wd1e-3,51,2e-06,0.5,0.001,61.48,64.77,-3.29,0,2025-08-13 13:14:32,.,2e-06,0.5,0.001,False
lr2e-6_dr0.5_wd2e-3,3,2e-06,0.5,0.002,54.95,56.86,-1.91,0,2025-08-13 13:15:21,.,2e-06,0.5,0.002,False
lr2e-6_dr0.5_wd5e-4_focal_focal_focal,32,2e-06,0.5,0.0005,57.28,57.75,-0.46,1,2025-08-13 13:15:38,.,2e-06,0.5,0.0005,True
lr2e-6_dr0.5_wd5e-4,30,2e-06,0.5,0.0005,61.05,61.78,-0.74,0,2025-08-13 13:16:15,.,2e-06,0.5,0.0005,False
lr2e-6_dr0.5_wd2e-3_focal_focal_focal,18,2e-06,0.5,0.002,55.2,59.58,-4.39,1,2025-08-13 13:16:21,.,2e-06,0.5,0.002,True
lr2e-6_dr0.5_wd1e-3_focal_focal_focal,53,2e-06,0.5,0.001,57.15,63.6,-6.45,1,2025-08-13 13:16:30,.,2e-06,0.5,0.001,True
lr2e-6_dr0.5_wd1e-3,52,2e-06,0.5,0.001,61.78,64.69,-2.91,0,2025-08-13 13:16:34,.,2e-06,0.5,0.001,False
lr2e-6_dr0.4_wd5e-4_focal_focal_focal,148,2e-06,0.4,0.0005,65.76,69.17,-3.41,1,2025-08-13 13:17:22,.,2e-06,0.4,0.0005,True
lr2e-6_dr0.5_wd2e-3,4,2e-06,0.5,0.002,56.11,59.62,-3.52,0,2025-08-13 13:17:22,.,2e-06,0.5,0.002,False
lr2e-6_dr0.4_wd5e-4,128,2e-06,0.4,0.0005,71.81,69.07,2.74,0,2025-08-13 13:17:50,.,2e-06,0.4,0.0005,False
lr2e-6_dr0.5_wd2e-3_focal_focal_focal,19,2e-06,0.5,0.002,55.38,59.48,-4.1,1,2025-08-13 13:18:22,.,2e-06,0.5,0.002,True
lr2e-6_dr0.5_wd1e-3_focal_focal_focal,54,2e-06,0.5,0.001,57.5,62.83,-5.34,1,2025-08-13 13:18:31,.,2e-06,0.5,0.001,True
lr2e-6_dr0.5_wd1e-3,53,2e-06,0.5,0.001,61.82,64.63,-2.81,0,2025-08-13 13:18:34,.,2e-06,0.5,0.001,False
lr2e-6_dr0.5_wd5e-4_focal_focal_focal,33,2e-06,0.5,0.0005,56.53,58.43,-1.91,1,2025-08-13 13:19:15,.,2e-06,0.5,0.0005,True
lr2e-6_dr0.5_wd2e-3,5,2e-06,0.5,0.002,56.03,59.64,-3.62,0,2025-08-13 13:19:24,.,2e-06,0.5,0.002,False
lr2e-6_dr0.5_wd5e-4,31,2e-06,0.5,0.0005,61.47,62.29,-0.82,0,2025-08-13 13:19:57,.,2e-06,0.5,0.0005,False
lr2e-6_dr0.5_wd2e-3_focal_focal_focal,20,2e-06,0.5,0.002,55.53,59.38,-3.85,1,2025-08-13 13:20:21,.,2e-06,0.5,0.002,True
lr2e-6_dr0.5_wd1e-3_focal_focal_focal,55,2e-06,0.5,0.001,57.05,63.4,-6.35,1,2025-08-13 13:20:31,.,2e-06,0.5,0.001,True
lr2e-6_dr0.5_wd1e-3,54,2e-06,0.5,0.001,61.49,64.47,-2.98,0,2025-08-13 13:20:34,.,2e-06,0.5,0.001,False
lr2e-6_dr0.4_wd5e-4_focal_focal_focal,149,2e-06,0.4,0.0005,65.86,69.31,-3.45,1,2025-08-13 13:21:03,.,2e-06,0.4,0.0005,True
lr2e-6_dr0.5_wd2e-3,6,2e-06,0.5,0.002,57.09,60.53,-3.44,0,2025-08-13 13:21:26,.,2e-06,0.5,0.002,False
lr2e-6_dr0.4_wd5e-4,129,2e-06,0.4,0.0005,71.64,68.72,2.92,0,2025-08-13 13:21:28,.,2e-06,0.4,0.0005,False
lr2e-6_dr0.5_wd2e-3_focal_focal_focal,21,2e-06,0.5,0.002,55.47,59.83,-4.35,1,2025-08-13 13:22:22,.,2e-06,0.5,0.002,True
lr2e-6_dr0.5_wd1e-3_focal_focal_focal,56,2e-06,0.5,0.001,57.28,63.68,-6.4,1,2025-08-13 13:22:30,.,2e-06,0.5,0.001,True
lr2e-6_dr0.5_wd1e-3,55,2e-06,0.5,0.001,62.01,64.63,-2.62,0,2025-08-13 13:22:34,.,2e-06,0.5,0.001,False
lr2e-6_dr0.5_wd5e-4_focal_focal_focal,34,2e-06,0.5,0.0005,56.7,57.55,-0.85,1,2025-08-13 13:22:53,.,2e-06,0.5,0.0005,True
lr2e-6_dr0.5_wd2e-3,7,2e-06,0.5,0.002,57.6,60.59,-2.99,0,2025-08-13 13:23:27,.,2e-06,0.5,0.002,False
lr2e-6_dr0.5_wd5e-4,32,2e-06,0.5,0.0005,61.31,62.97,-1.66,0,2025-08-13 13:23:39,.,2e-06,0.5,0.0005,False
lr2e-6_dr0.5_wd2e-3_focal_focal_focal,22,2e-06,0.5,0.002,55.42,59.42,-4.01,1,2025-08-13 13:24:23,.,2e-06,0.5,0.002,True
lr2e-6_dr0.5_wd1e-3_focal_focal_focal,57,2e-06,0.5,0.001,57.16,63.82,-6.66,1,2025-08-13 13:24:31,.,2e-06,0.5,0.001,True
lr2e-6_dr0.5_wd1e-3,56,2e-06,0.5,0.001,61.89,65.13,-3.24,0,2025-08-13 13:24:34,.,2e-06,0.5,0.001,False
lr2e-6_dr0.4_wd5e-4_focal_focal_focal,150,2e-06,0.4,0.0005,66.36,69.59,-3.23,1,2025-08-13 13:24:43,.,2e-06,0.4,0.0005,True
lr2e-6_dr0.4_wd5e-4,130,2e-06,0.4,0.0005,71.5,68.85,2.66,0,2025-08-13 13:25:08,.,2e-06,0.4,0.0005,False
lr2e-6_dr0.5_wd2e-3,8,2e-06,0.5,0.002,57.75,61.44,-3.69,0,2025-08-13 13:25:29,.,2e-06,0.5,0.002,False
lr2e-6_dr0.5_wd2e-3_focal_focal_focal,23,2e-06,0.5,0.002,55.87,59.62,-3.76,1,2025-08-13 13:26:21,.,2e-06,0.5,0.002,True
lr2e-6_dr0.5_wd5e-4_focal_focal_focal,35,2e-06,0.5,0.0005,56.55,57.73,-1.18,1,2025-08-13 13:26:30,.,2e-06,0.5,0.0005,True
lr2e-6_dr0.5_wd1e-3_focal_focal_focal,58,2e-06,0.5,0.001,57.19,63.76,-6.57,1,2025-08-13 13:26:31,.,2e-06,0.5,0.001,True
lr2e-6_dr0.5_wd1e-3,57,2e-06,0.5,0.001,61.96,65.07,-3.11,0,2025-08-13 13:26:35,.,2e-06,0.5,0.001,False
lr2e-6_dr0.5_wd5e-4,33,2e-06,0.5,0.0005,61.53,63.03,-1.51,0,2025-08-13 13:27:21,.,2e-06,0.5,0.0005,False
lr2e-6_dr0.5_wd2e-3,9,2e-06,0.5,0.002,57.34,60.88,-3.53,0,2025-08-13 13:27:30,.,2e-06,0.5,0.002,False
lr2e-6_dr0.5_wd2e-3_focal_focal_focal,24,2e-06,0.5,0.002,55.18,60.07,-4.89,1,2025-08-13 13:28:20,.,2e-06,0.5,0.002,True
lr2e-6_dr0.5_wd1e-3_focal_focal_focal,59,2e-06,0.5,0.001,56.78,63.8,-7.02,1,2025-08-13 13:28:32,.,2e-06,0.5,0.001,True
lr2e-6_dr0.5_wd1e-3,58,2e-06,0.5,0.001,61.64,64.43,-2.78,0,2025-08-13 13:28:37,.,2e-06,0.5,0.001,False
lr2e-6_dr0.4_wd5e-4,131,2e-06,0.4,0.0005,71.49,67.78,3.71,0,2025-08-13 13:28:48,.,2e-06,0.4,0.0005,False
lr2e-6_dr0.5_wd2e-3,10,2e-06,0.5,0.002,57.74,60.79,-3.06,0,2025-08-13 13:29:30,.,2e-06,0.5,0.002,False
lr1e-6_dr0.3_wd5e-4_focal_focal_focal,1,1e-06,0.3,0.0005,51.85,55.83,-3.98,1,2025-08-13 13:29:52,.,1e-06,0.3,0.0005,True
lr2e-6_dr0.5_wd5e-4_focal_focal_focal,36,2e-06,0.5,0.0005,56.99,59.0,-2.01,1,2025-08-13 13:30:07,.,2e-06,0.5,0.0005,True
lr2e-6_dr0.5_wd2e-3_focal_focal_focal,25,2e-06,0.5,0.002,56.41,59.58,-3.18,1,2025-08-13 13:30:21,.,2e-06,0.5,0.002,True
lr2e-6_dr0.5_wd1e-3_focal_focal_focal,60,2e-06,0.5,0.001,57.48,63.64,-6.16,1,2025-08-13 13:30:33,.,2e-06,0.5,0.001,True
lr2e-6_dr0.5_wd1e-3,59,2e-06,0.5,0.001,62.23,64.85,-2.62,0,2025-08-13 13:30:37,.,2e-06,0.5,0.001,False
lr2e-6_dr0.5_wd5e-4,34,2e-06,0.5,0.0005,61.17,62.91,-1.74,0,2025-08-13 13:31:03,.,2e-06,0.5,0.0005,False
lr2e-6_dr0.5_wd2e-3,11,2e-06,0.5,0.002,58.6,60.57,-1.97,0,2025-08-13 13:31:30,.,2e-06,0.5,0.002,False
lr2e-6_dr0.5_wd2e-3_focal_focal_focal,26,2e-06,0.5,0.002,55.28,60.41,-5.14,1,2025-08-13 13:32:21,.,2e-06,0.5,0.002,True
lr2e-6_dr0.4_wd5e-4,132,2e-06,0.4,0.0005,71.98,68.14,3.84,0,2025-08-13 13:32:26,.,2e-06,0.4,0.0005,False
lr2e-6_dr0.5_wd1e-3_focal_focal_focal,61,2e-06,0.5,0.001,57.51,63.4,-5.89,1,2025-08-13 13:32:32,.,2e-06,0.5,0.001,True
lr2e-6_dr0.5_wd1e-3,60,2e-06,0.5,0.001,62.0,64.02,-2.02,0,2025-08-13 13:32:37,.,2e-06,0.5,0.001,False
lr2e-6_dr0.5_wd2e-3,12,2e-06,0.5,0.002,57.99,61.34,-3.35,0,2025-08-13 13:33:30,.,2e-06,0.5,0.002,False
lr1e-6_dr0.3_wd5e-4_focal_focal_focal,2,1e-06,0.3,0.0005,53.04,56.7,-3.66,1,2025-08-13 13:33:32,.,1e-06,0.3,0.0005,True
lr2e-6_dr0.5_wd5e-4_focal_focal_focal,37,2e-06,0.5,0.0005,56.78,60.19,-3.4,1,2025-08-13 13:33:47,.,2e-06,0.5,0.0005,True
lr2e-6_dr0.5_wd2e-3_focal_focal_focal,27,2e-06,0.5,0.002,55.54,59.97,-4.43,1,2025-08-13 13:34:22,.,2e-06,0.5,0.002,True
lr2e-6_dr0.5_wd1e-3_focal_focal_focal,62,2e-06,0.5,0.001,57.56,63.9,-6.35,1,2025-08-13 13:34:30,.,2e-06,0.5,0.001,True
lr2e-6_dr0.5_wd1e-3,61,2e-06,0.5,0.001,61.61,62.67,-1.06,0,2025-08-13 13:34:37,.,2e-06,0.5,0.001,False
lr2e-6_dr0.5_wd5e-4,35,2e-06,0.5,0.0005,61.2,62.33,-1.12,0,2025-08-13 13:34:46,.,2e-06,0.5,0.0005,False
lr2e-6_dr0.5_wd2e-3,13,2e-06,0.5,0.002,58.83,61.66,-2.83,0,2025-08-13 13:35:31,.,2e-06,0.5,0.002,False
lr2e-6_dr0.4_wd5e-4,133,2e-06,0.4,0.0005,71.7,68.54,3.16,0,2025-08-13 13:36:05,.,2e-06,0.4,0.0005,False
lr2e-6_dr0.5_wd2e-3_focal_focal_focal,28,2e-06,0.5,0.002,56.13,60.29,-4.16,1,2025-08-13 13:36:21,.,2e-06,0.5,0.002,True
lr2e-6_dr0.5_wd1e-3_focal_focal_focal,63,2e-06,0.5,0.001,57.1,63.48,-6.38,1,2025-08-13 13:36:30,.,2e-06,0.5,0.001,True
lr2e-6_dr0.5_wd1e-3,62,2e-06,0.5,0.001,62.08,64.18,-2.11,0,2025-08-13 13:36:37,.,2e-06,0.5,0.001,False
lr1e-6_dr0.3_wd5e-4_focal_focal_focal,3,1e-06,0.3,0.0005,54.24,58.45,-4.22,1,2025-08-13 13:37:13,.,1e-06,0.3,0.0005,True
lr2e-6_dr0.5_wd5e-4_focal_focal_focal,38,2e-06,0.5,0.0005,57.07,59.58,-2.52,1,2025-08-13 13:37:25,.,2e-06,0.5,0.0005,True
lr2e-6_dr0.5_wd2e-3,14,2e-06,0.5,0.002,58.39,61.52,-3.13,0,2025-08-13 13:37:32,.,2e-06,0.5,0.002,False
lr2e-6_dr0.5_wd2e-3_focal_focal_focal,29,2e-06,0.5,0.002,56.36,60.37,-4.02,1,2025-08-13 13:38:21,.,2e-06,0.5,0.002,True
lr2e-6_dr0.5_wd5e-4,36,2e-06,0.5,0.0005,61.79,62.31,-0.52,0,2025-08-13 13:38:28,.,2e-06,0.5,0.0005,False
lr2e-6_dr0.5_wd1e-3_focal_focal_focal,64,2e-06,0.5,0.001,57.58,63.5,-5.92,1,2025-08-13 13:38:30,.,2e-06,0.5,0.001,True
lr2e-6_dr0.5_wd1e-3,63,2e-06,0.5,0.001,62.37,65.09,-2.72,0,2025-08-13 13:38:38,.,2e-06,0.5,0.001,False
lr2e-6_dr0.5_wd2e-3,15,2e-06,0.5,0.002,58.21,61.84,-3.63,0,2025-08-13 13:39:33,.,2e-06,0.5,0.002,False
lr2e-6_dr0.4_wd5e-4,134,2e-06,0.4,0.0005,71.66,68.14,3.52,0,2025-08-13 13:39:44,.,2e-06,0.4,0.0005,False
lr2e-6_dr0.5_wd2e-3_focal_focal_focal,30,2e-06,0.5,0.002,55.77,61.42,-5.65,1,2025-08-13 13:40:19,.,2e-06,0.5,0.002,True
lr2e-6_dr0.5_wd1e-3_focal_focal_focal,65,2e-06,0.5,0.001,57.03,63.98,-6.96,1,2025-08-13 13:40:29,.,2e-06,0.5,0.001,True
lr2e-6_dr0.5_wd1e-3,64,2e-06,0.5,0.001,62.27,64.71,-2.44,0,2025-08-13 13:40:40,.,2e-06,0.5,0.001,False
lr1e-6_dr0.3_wd5e-4_focal_focal_focal,4,1e-06,0.3,0.0005,54.5,58.78,-4.27,1,2025-08-13 13:40:53,.,1e-06,0.3,0.0005,True
lr2e-6_dr0.5_wd5e-4_focal_focal_focal,39,2e-06,0.5,0.0005,56.63,60.61,-3.98,1,2025-08-13 13:41:03,.,2e-06,0.5,0.0005,True
lr2e-6_dr0.5_wd2e-3,16,2e-06,0.5,0.002,58.14,62.17,-4.03,0,2025-08-13 13:41:35,.,2e-06,0.5,0.002,False
lr2e-6_dr0.5_wd5e-4,37,2e-06,0.5,0.0005,61.84,63.26,-1.41,0,2025-08-13 13:42:10,.,2e-06,0.5,0.0005,False
lr2e-6_dr0.5_wd2e-3_focal_focal_focal,31,2e-06,0.5,0.002,56.16,60.53,-4.37,1,2025-08-13 13:42:20,.,2e-06,0.5,0.002,True
lr2e-6_dr0.5_wd1e-3_focal_focal_focal,66,2e-06,0.5,0.001,57.63,63.76,-6.13,1,2025-08-13 13:42:29,.,2e-06,0.5,0.001,True
lr2e-6_dr0.5_wd1e-3,65,2e-06,0.5,0.001,62.46,65.94,-3.48,0,2025-08-13 13:42:40,.,2e-06,0.5,0.001,False
lr2e-6_dr0.4_wd5e-4,135,2e-06,0.4,0.0005,71.7,68.5,3.2,0,2025-08-13 13:43:23,.,2e-06,0.4,0.0005,False
lr2e-6_dr0.5_wd2e-3,17,2e-06,0.5,0.002,58.77,61.44,-2.67,0,2025-08-13 13:43:36,.,2e-06,0.5,0.002,False
lr2e-6_dr0.5_wd2e-3_focal_focal_focal,32,2e-06,0.5,0.002,56.48,61.92,-5.44,1,2025-08-13 13:44:20,.,2e-06,0.5,0.002,True
lr2e-6_dr0.5_wd1e-3_focal_focal_focal,67,2e-06,0.5,0.001,57.52,63.2,-5.67,1,2025-08-13 13:44:28,.,2e-06,0.5,0.001,True
lr1e-6_dr0.3_wd5e-4_focal_focal_focal,5,1e-06,0.3,0.0005,55.12,58.54,-3.42,1,2025-08-13 13:44:33,.,1e-06,0.3,0.0005,True
lr2e-6_dr0.5_wd5e-4_focal_focal_focal,40,2e-06,0.5,0.0005,57.54,60.88,-3.33,1,2025-08-13 13:44:41,.,2e-06,0.5,0.0005,True
lr2e-6_dr0.5_wd1e-3,66,2e-06,0.5,0.001,62.44,65.72,-3.27,0,2025-08-13 13:44:42,.,2e-06,0.5,0.001,False
lr2e-6_dr0.5_wd2e-3,18,2e-06,0.5,0.002,58.57,61.6,-3.04,0,2025-08-13 13:45:36,.,2e-06,0.5,0.002,False
lr2e-6_dr0.5_wd5e-4,38,2e-06,0.5,0.0005,62.24,62.97,-0.74,0,2025-08-13 13:45:52,.,2e-06,0.5,0.0005,False
lr2e-6_dr0.5_wd2e-3_focal_focal_focal,33,2e-06,0.5,0.002,56.29,61.66,-5.37,1,2025-08-13 13:46:21,.,2e-06,0.5,0.002,True
lr2e-6_dr0.5_wd1e-3_focal_focal_focal,68,2e-06,0.5,0.001,57.86,63.08,-5.21,1,2025-08-13 13:46:27,.,2e-06,0.5,0.001,True
lr2e-6_dr0.5_wd1e-3,67,2e-06,0.5,0.001,62.17,64.91,-2.74,0,2025-08-13 13:46:42,.,2e-06,0.5,0.001,False
lr2e-6_dr0.4_wd5e-4,136,2e-06,0.4,0.0005,71.96,68.38,3.58,0,2025-08-13 13:47:03,.,2e-06,0.4,0.0005,False
lr2e-6_dr0.5_wd2e-3,19,2e-06,0.5,0.002,58.59,61.6,-3.01,0,2025-08-13 13:47:36,.,2e-06,0.5,0.002,False
lr1e-6_dr0.3_wd5e-4_focal_focal_focal,6,1e-06,0.3,0.0005,55.21,58.47,-3.27,1,2025-08-13 13:48:13,.,1e-06,0.3,0.0005,True
lr2e-6_dr0.5_wd5e-4_focal_focal_focal,41,2e-06,0.5,0.0005,57.06,60.39,-3.33,1,2025-08-13 13:48:19,.,2e-06,0.5,0.0005,True
lr2e-6_dr0.5_wd2e-3_focal_focal_focal,34,2e-06,0.5,0.002,55.72,62.29,-6.57,1,2025-08-13 13:48:20,.,2e-06,0.5,0.002,True
lr2e-6_dr0.5_wd1e-3_focal_focal_focal,69,2e-06,0.5,0.001,57.88,63.42,-5.54,1,2025-08-13 13:48:26,.,2e-06,0.5,0.001,True
lr2e-6_dr0.5_wd1e-3,68,2e-06,0.5,0.001,62.64,66.02,-3.38,0,2025-08-13 13:48:41,.,2e-06,0.5,0.001,False
lr2e-6_dr0.5_wd5e-4,39,2e-06,0.5,0.0005,62.35,63.56,-1.21,0,2025-08-13 13:49:36,.,2e-06,0.5,0.0005,False
lr2e-6_dr0.5_wd2e-3,20,2e-06,0.5,0.002,58.64,61.64,-3.0,0,2025-08-13 13:49:37,.,2e-06,0.5,0.002,False
lr2e-6_dr0.5_wd2e-3_focal_focal_focal,35,2e-06,0.5,0.002,56.17,62.35,-6.18,1,2025-08-13 13:50:21,.,2e-06,0.5,0.002,True
lr2e-6_dr0.5_wd1e-3_focal_focal_focal,70,2e-06,0.5,0.001,57.99,64.35,-6.36,1,2025-08-13 13:50:25,.,2e-06,0.5,0.001,True
lr2e-6_dr0.4_wd5e-4,137,2e-06,0.4,0.0005,71.8,68.28,3.52,0,2025-08-13 13:50:41,.,2e-06,0.4,0.0005,False
lr2e-6_dr0.5_wd1e-3,69,2e-06,0.5,0.001,63.05,65.15,-2.1,0,2025-08-13 13:50:44,.,2e-06,0.5,0.001,False
lr2e-6_dr0.5_wd2e-3,21,2e-06,0.5,0.002,58.42,62.09,-3.66,0,2025-08-13 13:51:37,.,2e-06,0.5,0.002,False
lr1e-6_dr0.3_wd5e-4_focal_focal_focal,7,1e-06,0.3,0.0005,55.56,59.12,-3.56,1,2025-08-13 13:51:51,.,1e-06,0.3,0.0005,True
lr2e-6_dr0.5_wd5e-4_focal_focal_focal,42,2e-06,0.5,0.0005,56.97,61.26,-4.29,1,2025-08-13 13:51:56,.,2e-06,0.5,0.0005,True
lr2e-6_dr0.5_wd2e-3_focal_focal_focal,36,2e-06,0.5,0.002,56.3,62.45,-6.15,1,2025-08-13 13:52:22,.,2e-06,0.5,0.002,True
lr2e-6_dr0.5_wd1e-3_focal_focal_focal,71,2e-06,0.5,0.001,58.55,64.0,-5.45,1,2025-08-13 13:52:25,.,2e-06,0.5,0.001,True
lr2e-6_dr0.5_wd1e-3,70,2e-06,0.5,0.001,62.95,65.48,-2.52,0,2025-08-13 13:52:45,.,2e-06,0.5,0.001,False
lr2e-6_dr0.5_wd5e-4,40,2e-06,0.5,0.0005,62.63,63.1,-0.46,0,2025-08-13 13:53:21,.,2e-06,0.5,0.0005,False
lr2e-6_dr0.5_wd2e-3,22,2e-06,0.5,0.002,58.5,61.86,-3.36,0,2025-08-13 13:53:41,.,2e-06,0.5,0.002,False
lr2e-6_dr0.4_wd5e-4,138,2e-06,0.4,0.0005,72.08,67.94,4.15,0,2025-08-13 13:54:21,.,2e-06,0.4,0.0005,False
lr2e-6_dr0.5_wd1e-3_focal_focal_focal,72,2e-06,0.5,0.001,57.88,63.78,-5.9,1,2025-08-13 13:54:25,.,2e-06,0.5,0.001,True
lr2e-6_dr0.5_wd2e-3_focal_focal_focal,37,2e-06,0.5,0.002,56.56,62.17,-5.6,1,2025-08-13 13:54:25,.,2e-06,0.5,0.002,True
lr2e-6_dr0.5_wd1e-3,71,2e-06,0.5,0.001,62.77,66.51,-3.74,0,2025-08-13 13:54:49,.,2e-06,0.5,0.001,False
lr1e-6_dr0.3_wd5e-4_focal_focal_focal,8,1e-06,0.3,0.0005,55.43,59.99,-4.56,1,2025-08-13 13:55:34,.,1e-06,0.3,0.0005,True
lr2e-6_dr0.5_wd5e-4_focal_focal_focal,43,2e-06,0.5,0.0005,57.05,60.92,-3.87,1,2025-08-13 13:55:38,.,2e-06,0.5,0.0005,True
lr2e-6_dr0.5_wd2e-3,23,2e-06,0.5,0.002,59.15,61.44,-2.29,0,2025-08-13 13:55:43,.,2e-06,0.5,0.002,False
lr2e-6_dr0.5_wd1e-3_focal_focal_focal,73,2e-06,0.5,0.001,58.15,64.0,-5.86,1,2025-08-13 13:56:25,.,2e-06,0.5,0.001,True
lr2e-6_dr0.5_wd2e-3_focal_focal_focal,38,2e-06,0.5,0.002,55.95,62.17,-6.21,1,2025-08-13 13:56:27,.,2e-06,0.5,0.002,True
lr2e-6_dr0.5_wd1e-3,72,2e-06,0.5,0.001,62.84,64.47,-1.63,0,2025-08-13 13:56:55,.,2e-06,0.5,0.001,False
lr2e-6_dr0.5_wd5e-4,41,2e-06,0.5,0.0005,62.37,64.71,-2.34,0,2025-08-13 13:57:08,.,2e-06,0.5,0.0005,False
lr2e-6_dr0.5_wd2e-3,24,2e-06,0.5,0.002,59.48,61.4,-1.92,0,2025-08-13 13:57:48,.,2e-06,0.5,0.002,False
lr2e-6_dr0.4_wd5e-4,139,2e-06,0.4,0.0005,72.12,68.89,3.23,0,2025-08-13 13:58:05,.,2e-06,0.4,0.0005,False
lr2e-6_dr0.5_wd1e-3_focal_focal_focal,74,2e-06,0.5,0.001,58.72,64.57,-5.85,1,2025-08-13 13:58:30,.,2e-06,0.5,0.001,True
lr2e-6_dr0.5_wd2e-3_focal_focal_focal,39,2e-06,0.5,0.002,56.02,62.01,-5.98,1,2025-08-13 13:58:31,.,2e-06,0.5,0.002,True
lr2e-6_dr0.5_wd1e-3,73,2e-06,0.5,0.001,63.36,65.98,-2.62,0,2025-08-13 13:59:00,.,2e-06,0.5,0.001,False
lr1e-6_dr0.3_wd5e-4_focal_focal_focal,9,1e-06,0.3,0.0005,55.78,59.38,-3.6,1,2025-08-13 13:59:20,.,1e-06,0.3,0.0005,True
lr2e-6_dr0.5_wd5e-4_focal_focal_focal,44,2e-06,0.5,0.0005,57.6,60.77,-3.17,1,2025-08-13 13:59:22,.,2e-06,0.5,0.0005,True
lr2e-6_dr0.5_wd2e-3,25,2e-06,0.5,0.002,59.63,62.25,-2.61,0,2025-08-13 13:59:50,.,2e-06,0.5,0.002,False
lr2e-6_dr0.5_wd2e-3_focal_focal_focal,40,2e-06,0.5,0.002,57.01,62.73,-5.73,1,2025-08-13 14:00:33,.,2e-06,0.5,0.002,True
lr2e-6_dr0.5_wd1e-3_focal_focal_focal,75,2e-06,0.5,0.001,58.48,64.49,-6.0,1,2025-08-13 14:00:33,.,2e-06,0.5,0.001,True
lr2e-6_dr0.5_wd5e-4,42,2e-06,0.5,0.0005,62.46,63.96,-1.5,0,2025-08-13 14:00:57,.,2e-06,0.5,0.0005,False
lr2e-6_dr0.5_wd1e-3,74,2e-06,0.5,0.001,63.6,66.3,-2.7,0,2025-08-13 14:01:02,.,2e-06,0.5,0.001,False
lr2e-6_dr0.4_wd5e-4,140,2e-06,0.4,0.0005,71.84,68.66,3.18,0,2025-08-13 14:01:50,.,2e-06,0.4,0.0005,False
lr2e-6_dr0.5_wd2e-3,26,2e-06,0.5,0.002,59.62,62.81,-3.19,0,2025-08-13 14:01:56,.,2e-06,0.5,0.002,False
lr2e-6_dr0.5_wd2e-3_focal_focal_focal,41,2e-06,0.5,0.002,56.57,62.63,-6.06,1,2025-08-13 14:02:38,.,2e-06,0.5,0.002,True
lr2e-6_dr0.5_wd1e-3_focal_focal_focal,76,2e-06,0.5,0.001,58.34,64.95,-6.61,1,2025-08-13 14:02:39,.,2e-06,0.5,0.001,True
